repo_name,ownership.owner,ownership.owner_kind,ownership.owner_name,ownership.theme,ownership.squad,ownership.priority,github.contributor_count_90d,github.release_count_12mo,github.pr_closure_ratio_90d,github.median_pr_response_seconds,makefile.upgrade,TIMESTAMP,dependabot.exists,dependabot.has_ecosystem.github-actions,dependabot.has_ecosystem.npm,dependabot.has_ecosystem.pip,dependencies.count,dependencies.github.count,dependencies.js.all.count,dependencies.js.count,dependencies.js.dev.count,dependencies.pypi.count,dependencies.pypi_all.count,django_packages.django_42.count,django_packages.total.count,django_packages.upgraded.count,docs.build_badge,docs.python_version,exists..coveragerc,exists..editorconfig,exists..gitignore,exists..pii_annotations.yml,exists.CHANGELOG.rst,exists.Makefile,exists.README,exists.commitlint.yml,exists.dependabot.yml,exists.openedx.yaml,exists.package.json,exists.pylintrc,exists.pyproject.toml,exists.requirements,exists.setup.cfg,exists.setup.py,exists.tox.ini,exists.transifex_config,github.last_push,github_actions,makefile.pip-installed,makefile.quality,makefile.quality-js,makefile.quality-python,makefile.test,makefile.test-js,makefile.test-python,npm_package,org_name,pinned_python_dependencies,readme.bad_links,readme.getting-help,readme.good_links,readme.irc-missing,readme.mailing-list-missing,readme.security,readthedocs_config.exists,readthedocs_config.file_name,readthedocs_config.version,renovate.configured,renovate.last_pr,renovate.oldest_open_pr_date,renovate.total_open_prs,requires.django,requires.pytest,setup_py.project_urls,setup_py.py312_classifiers,setup_py.pypi_name,setup_py.python_versions,setup_py.repo_url,tox_ini.has_section.testenv,tox_ini.has_section.testenv:quality,tox_tox_section,tox_ini.uses_whitelist_externals
openedx/auth-backends,,,,,,,2,3,0.6818,816103,True,2026-08-16,True,True,False,False,76,0,0,0,0,33,76,8,9,6,False,,False,False,True,False,True,True,True,True,True,True,False,True,False,True,True,True,True,False,2026-08-13 02:58:28,True,True,True,False,False,True,False,False,,openedx,4,"['http://edx.devstack.lms: HTTPConnectionPool(host=\'edx.devstack.lms\', port=80): Max retries exceeded with url: / (Caused by NameResolutionError(""HTTPConnection(host=\'edx.devstack.lms\', port=80): Failed to resolve \'edx.devstack.lms\' ([Errno -2] Name or service not known)""))']",False,"['https://github.com/openedx/auth-backends/workflows/Python%20CI/badge.svg?branch=master', 'https://github.com/openedx/auth-backends/actions?query=workflow%3A%22Python+CI%22', 'http://codecov.io/github/edx/auth-backends/coverage.svg?branch=master', 'http://codecov.io/github/edx/auth-backends?branch=master', 'https://courses.stage.edx.org', 'http://python-social-auth.readthedocs.io/en/latest/strategies.html', 'https://github.com/openedx/auth-backends/releases', 'https://github.com/openedx/.github/blob/master/CONTRIBUTING.md', 'https://groups.google.com/forum/']",True,False,True,False,,,False,,,,True,True,,True,edx-auth-backends,"['3', '3.12']",https://github.com/openedx/auth-backends,True,True,True,True
openedx/openedx-webhooks,,,,,,,5,0,0.9,87,True,2026-08-16,True,True,False,False,118,0,0,0,0,52,118,2,2,1,True,,True,True,True,False,False,True,True,True,True,True,False,True,False,True,True,True,False,False,2026-08-10 20:11:37,True,False,False,False,False,True,False,False,,openedx,0,"['https://openedx-webhooks.herokuapp.com: 401', 'https://git.heroku.com/openedx-webhooks-staging.git: 405', 'https://github.com/organizations/: 404', 'https://openedx-webhooks.herokuapp.com/github/hook-receiver: 405']",False,"['https://dashboard.heroku.com/apps/openedx-webhooks-staging/resources', 'https://github.com/openedx/repo-tools-data-schema', 'https://github.com/', 'https://github.com/openedx/openedx-webhooks/issues/277', 'https://github.com/openedx/openedx-webhooks/issues/279', 'https://github.com/openedx/openedx-webhooks/issues/280', 'https://github.com/openedx/openedx-webhooks/issues/227', 'https://github.com/openedx/repo-tools/tree/master/edx_repo_tools/repo_checks', 'https://openedx.org/cla', 'http://openedx.org', 'http://heroku.com', 'https://devcenter.heroku.com/articles/heroku-command-line', 'https://devcenter.heroku.com/articles/pipelines', 'https://github.com/openedx/openedx-webhooks/workflows/Python%20CI/badge.svg?branch=master', 'https://github.com/openedx/openedx-webhooks/actions?query=workflow%3A%22Python+CI%22', 'http://codecov.io/github/edx/openedx-webhooks/coverage.svg?branch=master', 'http://codecov.io/github/edx/openedx-webhooks?branch=master', 'https://readthedocs.org/projects/openedx-webhooks/badge/?version=latest', 'http://openedx-webhooks.readthedocs.org/en/latest/']",True,True,False,True,.readthedocs.yaml,2,False,,,,False,True,,True,openedx_webhooks,['3.12'],https://github.com/openedx/openedx_webhooks,False,False,False,False
openedx/xblock-lti-consumer,,,,,,,5,12,0.7586,355,True,2026-08-16,True,True,False,False,128,0,0,0,0,45,128,12,15,10,False,,True,True,True,False,True,True,True,True,True,True,False,True,False,True,True,True,True,False,2026-08-10 20:07:37,True,False,True,False,False,True,False,False,,openedx,6,[],True,"['https://docs.tutor.edly.io/configuration.html', 'https://github.com/openedx/xblock-lti-consumer/blob/v9.14.2/README.rst', 'http://lti.tools/saltire/', 'https://docs.openedx.org/en/latest/educators/how-tos/course_development/exercise_tools/set_up_lti_1_1_component.html', 'https://saltire.lti.app/tool', 'https://saltire.lti.app/tool?norefresh', 'https://lti-ri.imsglobal.org/lti/tools/', 'https://lti-ri.imsglobal.org/lti/tools', 'https://lti-ri.imsglobal.org/keygen/index', 'https://docs.openedx.org/en/latest/educators/how-tos/course_development/exercise_tools/set_up_lti_1_3_component.html', 'http://www.imsglobal.org/spec/lti-bo/v1p1/', 'https://github.com/openedx/xblock-lti-consumer/tree/master/docs/basic_outcomes_service.rst', 'https://www.imsglobal.org/lti/model/uml/purl.imsglobal.org/vocab/lis/v2/outcomes/Result/service.html', 'https://github.com/openedx/xblock-lti-consumer/tree/master/docs/result_service.rst', 'https://github.com/open-craft/openedx-ltistore', 'https://discuss.openedx.org', 'https://github.com/openedx/xblock-lti-consumer/issues', 'https://openedx.org/slack', 'https://openedx.slack.com/', 'https://openedx.org/getting-help', 'https://openedx.org/r/how-to-contribute', 'https://openedx.org/code-of-conduct/', 'https://backstage.openedx.org/catalog/default/component/xblock-lti-consumer', 'https://github.com/openedx/xblock-lti-consumer/workflows/Python%20CI/badge.svg?branch=master', 'https://github.com/openedx/xblock-lti-consumer/actions?query=workflow%3A%22Python+CI%22', 'https://codecov.io/github/openedx/xblock-lti-consumer/coverage.svg?branch=master', 'https://codecov.io/github/openedx/xblock-lti-consumer?branch=master', 'https://img.shields.io/badge/Status-Maintained-brightgreen', 'https://img.shields.io/github/license/openedx/xblock-lti-consumer.svg', 'https://github.com/openedx/edx-rest-api-client/blob/master/LICENSE', 'https://img.shields.io/pypi/v/lti-consumer-xblock.svg', 'https://pypi.python.org/pypi/lti-consumer-xblock/']",True,True,True,False,,,False,,,,True,False,,True,lti-consumer-xblock,"['3', '3.12']",https://github.com/openedx/xblock-lti-consumer,True,True,True,False
openedx/django-user-tasks,,,,,,,3,3,0.9375,95,True,2026-08-16,True,True,False,False,144,0,0,0,0,26,144,6,10,2,True,,True,False,True,False,True,True,True,True,True,True,False,True,False,True,True,True,True,True,2026-08-10 20:08:55,True,True,True,False,False,True,False,False,,openedx,1,['https://open-edx-proposals.readthedocs.io/en/latest/oeps/oep-0003.html: 404'],True,"['https://img.shields.io/pypi/v/django-user-tasks.svg', 'https://pypi.python.org/pypi/django-user-tasks/', 'https://github.com/openedx/django-user-tasks/workflows/Python%20CI/badge.svg?branch=master', 'https://github.com/openedx/django-user-tasks/actions?query=workflow%3A%22Python+CI%22', 'http://codecov.io/github/edx/django-user-tasks/coverage.svg?branch=master', 'http://codecov.io/github/edx/django-user-tasks?branch=master', 'https://readthedocs.org/projects/django-user-tasks/badge/?version=latest', 'http://django-user-tasks.readthedocs.io/en/latest/', 'https://img.shields.io/pypi/pyversions/django-user-tasks.svg', 'https://img.shields.io/github/license/edx/django-user-tasks.svg', 'https://github.com/openedx/django-user-tasks/blob/master/LICENSE.txt', 'http://www.celeryproject.org/', 'https://channels.readthedocs.io/en/latest/', 'http://docs.celeryproject.org/en/latest/userguide/signals.html', 'https://django-user-tasks.readthedocs.org', 'https://github.com/openedx/.github/blob/master/CONTRIBUTING.md', 'https://open.edx.org/getting-help']",True,True,True,True,.readthedocs.yaml,2,False,,,,True,True,,True,django-user-tasks,"['3', '3.12']",https://github.com/openedx/django-user-tasks,True,True,True,False
openedx/django-wiki,,,,,,,2,1,1.0,13439,True,2026-08-16,True,True,False,False,62,0,0,0,0,12,62,4,6,2,False,,False,False,True,False,False,True,True,True,True,True,False,True,False,True,False,True,True,False,2026-06-11 14:51:33,True,False,False,False,False,False,False,False,,openedx,1,"['https://github.com/benjaoming/django-wiki/blob/master/TODO.md: 404', 'http://svn.wikimedia.org/viewvc/mediawiki/trunk/extensions/: 403', 'https://upload.wikimedia.org/wikipedia/commons/8/88/MediaWiki_database_schema_1-19_%28r102798%29.png: 403', 'http://south.aeracode.org/: 502', 'http://www.edxonline.org/: HTTPConnectionPool(host=\'www.edxonline.org\', port=80): Max retries exceeded with url: / (Caused by NameResolutionError(""HTTPConnection(host=\'www.edxonline.org\', port=80): Failed to resolve \'www.edxonline.org\' ([Errno -2] Name or service not known)""))']",False,"['http://wiki.overtag.dk', 'http://code.google.com/p/django-simple-wiki/', 'http://www.djangoproject.com', 'https://github.com/waylan/Python-Markdown', 'https://github.com/django-mptt/django-mptt', 'https://github.com/ojii/django-sekizai/', 'https://github.com/sorl/sorl-thumbnail', 'https://github.com/divio/django-cms']",True,True,False,False,,,False,,,,True,True,,True,openedx-django-wiki,['3.12'],https://github.com/openedx/django-wiki,True,False,True,False
openedx/enterprise-catalog,,,,,,,6,5,0.7143,259800,True,2026-08-16,True,True,False,False,204,0,0,0,0,119,204,22,30,18,False,,True,True,True,True,False,True,True,True,True,False,False,True,False,True,True,False,True,True,2026-08-11 11:31:01,True,True,True,False,False,True,False,False,,openedx,9,['https://travis-ci.com/edx/enterprise-catalog: 404'],False,"['https://travis-ci.com/edx/enterprise-catalog.svg?branch=master', 'http://codecov.io/github/edx/enterprise-catalog/coverage.svg?branch=master', 'http://codecov.io/github/edx/enterprise-catalog?branch=master', 'https://github.com/openedx/enterprise-catalog/blob/master/LICENSE', 'https://github.com/openedx/.github/blob/master/CONTRIBUTING.md', 'https://openedx.slack.com/messages/general/', 'https://groups.google.com/forum/']",True,False,True,False,,,False,,,,True,True,,False,,[],,True,False,True,False
openedx/edx-val,,,,,,,6,6,0.8462,154,True,2026-08-16,True,True,False,False,112,0,0,0,0,107,112,11,14,7,False,,True,False,True,False,False,True,True,True,True,True,False,True,False,True,True,True,True,False,2026-08-14 03:09:26,True,True,True,False,False,True,False,False,,openedx,3,"['http://www.example.com/example_mobile_video.mp4: 404', 'http://www.example.com/example_desktop_video.mp4: 404']",False,[],True,True,False,False,,,False,,,,True,True,,True,edxval,"['3', '3.12']",http://github.com/openedx/edx-val,True,True,True,False
openedx/docs.openedx.org,,,,,,,8,0,0.9524,22246,True,2026-08-16,True,True,False,False,59,0,0,0,0,53,59,0,0,0,False,,False,False,True,False,False,True,True,False,True,False,False,False,False,True,False,False,False,False,2026-08-14 17:42:59,True,True,False,False,False,False,False,False,,openedx,0,['https://en.wikipedia.org/wiki/ReStructuredText: 403'],False,"['https://docs.openedx.org/en/latest/documentors/how-tos/report_problem_with_docs.html', 'https://docs.openedx.org/en/latest/documentors/quickstarts/first_documentation_pr.html', 'https://docs.openedx.org/en/latest/documentors/quickstarts/update_doc_via_github.html', 'https://docs.openedx.org/en/latest/documentors/quickstarts/quick_start_add_doc.html', 'https://docs.openedx.org/en/latest/documentors/index.html', 'https://github.com/openedx/.github/blob/master/AI_POLICY.md', 'https://docs.openedx.org/', 'https://github.com/openedx/docs.openedx.org', 'https://www.sphinx-doc.org/', 'https://docs.github.com/en/get-started/using-github/github-flow', 'https://docs.openedx.org/en/latest/documentors/how-tos/develop_docs_locally.html']",True,True,False,True,.readthedocs.yaml,2,False,,,,False,False,,False,,[],,False,False,False,False
openedx/xapi-db-load,,,,,,,8,3,1.0,21990,True,2026-08-16,True,True,False,False,0,0,0,0,0,0,0,0,0,0,False,,False,True,True,False,True,True,True,True,True,True,False,True,True,False,False,False,True,False,2026-08-14 19:00:42,True,False,True,False,False,True,False,False,,openedx,0,"['http://ralph.tutor-nightly-local.orb.local/xAPI/statements: HTTPConnectionPool(host=\'ralph.tutor-nightly-local.orb.local\', port=80): Max retries exceeded with url: /xAPI/statements (Caused by NameResolutionError(""HTTPConnection(host=\'ralph.tutor-nightly-local.orb.local\', port=80): Failed to resolve \'ralph.tutor-nightly-local.orb.local\' ([Errno -3] Temporary failure in name resolution)""))', 'https://openedx-aspects-loadtest.s3.amazonaws.com/logs/large_test/: 403', 'https://docs.openedx.org/projects/xapi-db-load: 404', 'https://open-edx-backstage.herokuapp.com/catalog/default/component/xapi-db-load: 404']",True,"['https://github.com/openedx/xapi-db-load/issues', 'https://vector.dev', 'https://pypi.org/project/smart-open/', 'https://discuss.openedx.org', 'https://openedx.org/slack', 'https://openedx.slack.com/', 'https://openedx.org/getting-help', 'https://openedx.org/r/how-to-contribute', 'https://openedx.org/code-of-conduct/']",True,True,True,True,.readthedocs.yaml,2,False,,,,False,False,,False,,[],,True,True,True,False
openedx/openedx-ai-extensions,,,,,,,4,24,0.8824,6,False,2026-08-16,False,False,False,False,0,0,0,0,0,0,0,0,0,0,False,,False,False,True,False,True,False,True,True,False,False,False,False,True,False,False,False,False,False,2026-07-08 22:22:17,True,False,False,False,False,False,False,False,,openedx,0,['https://docs.openedx.org/en/latest/developers/references/plugin_reference.html: 404'],False,"['https://img.shields.io/badge/Status-Experimental-orange', 'https://img.shields.io/badge/License-AGPL%20v3-blue', 'https://img.shields.io/badge/Documentation-green', 'https://docs.openedx.org/projects/openedx-ai-extensions/en/latest/index.html', 'https://github.com/openedx/openedx-ai-extensions.git', 'https://docs.openedx.org/en/latest/developers/quickstarts/so_you_want_to_contribute.html', 'https://discuss.openedx.org', 'https://www.canva.com/design/DAGqjcS2mT4/nTHQIDIeZ89wqsBvh9GWKA/view', 'https://docs.litellm.ai/', 'https://drive.google.com/file/d/1sUj2xoldYFAvPoDuxqwG0XbIundGD0u2/view', 'https://github.com/openedx/openedx-ai-extensions/issues']",True,True,False,True,.readthedocs.yaml,2,False,,,,False,False,,False,,[],,False,False,False,False
openedx/frontend-component-footer,,,,,,,0,5,,,False,2026-08-16,False,False,False,False,26,0,0,8,18,0,0,0,0,0,False,,False,False,True,False,False,True,True,True,False,False,True,False,False,False,False,False,False,False,2026-08-14 19:15:40,True,False,False,False,False,False,False,False,@edx/frontend-component-footer,openedx,0,"['https://edx.github.io/frontend-platform/module-Internationalization.html: 404', 'https://openedx.slack.com/: 403', 'https://openedx.slack.com/archives/C04BM6YC7A6: 403', 'https://travis-ci.com/edx/frontend-component-footer: 404']",False,"['https://github.com/openedx/devstack', 'https://github.com/overhangio/tutor', 'https://github.com/overhangio/tutor-mfe', 'https://github.com/openedx/frontend-template-application/blob/3355bb3a96232390e9056f35b06ffa8f105ed7ca/src/index.jsx', 'https://github.com/openedx/frontend-component-footer.git', 'https://github.com/nvm-sh/nvm', 'https://github.com/openedx/frontend-plugin-framework', 'https://github.com/openedx/frontend-template-application/blob/3cd5485bf387b8c479baf6b02bf59e3061dc3465/src/index.scss', 'https://openedx.org/r/how-to-contribute', 'https://discuss.openedx.org', 'https://github.com/openedx/frontend-component-footer/issues', 'https://openedx.org/slack', 'https://openedx.org/community/connect', 'https://openedx.org/code-of-conduct/', 'https://api.travis-ci.com/edx/frontend-component-footer.svg?branch=master', 'https://img.shields.io/codecov/c/github/edx/frontend-component-footer', 'https://img.shields.io/npm/v/@edx/frontend-component-footer.svg', 'https://img.shields.io/npm/dt/@edx/frontend-component-footer.svg', 'https://img.shields.io/npm/l/@edx/frontend-component-footer.svg', 'https://img.shields.io/badge/%20%20%F0%9F%93%A6%F0%9F%9A%80-semantic--release-e10079.svg', 'https://github.com/semantic-release/semantic-release']",True,True,True,False,,,True,2026-04-06,2024-01-01,6,False,False,,False,,[],,False,False,False,False
openedx/frontend-app-learner-portal-enterprise,,,,,,,3,0,0.5,327,False,2026-08-16,True,True,False,False,73,0,0,47,26,0,0,0,0,0,False,,False,True,True,False,False,True,True,True,True,True,True,False,False,False,False,False,False,False,2026-08-16 04:17:19,True,False,False,False,False,True,False,False,,openedx,0,"['https://github.com/openedx/frontend-app-learner-portal-enterpise.git: 404', 'http://localhostL8734/: HTTPConnectionPool(host=\'localhostl8734\', port=80): Max retries exceeded with url: / (Caused by NameResolutionError(""HTTPConnection(host=\'localhostl8734\', port=80): Failed to resolve \'localhostl8734\' ([Errno -3] Temporary failure in name resolution)""))', 'https://openedx.slack.com/archives/C04BM6YC7A6: 403']",False,"['https://github.com/openedx/frontend-app-learner-portal-enterprise/actions/workflows/ci.yml/badge.svg', 'https://openedx.atlassian.net/wiki/spaces/ENG/pages/12550298/Developer+Onboarding', 'https://github.com/openedx/edx-enterprise/blob/master/enterprise/management/commands/seed_enterprise_devstack_data.py', 'https://github.com/openedx/edx-platform/blob/0e2b612c1fb4f3e385f3004801aa5b5ed0221eda/lms/envs/devstack.py', 'https://github.com/openedx/devstack', 'https://go.microsoft.com/fwlink/?linkid=830387', 'https://openedx.atlassian.net/wiki/spaces/SOL/pages/997654609/Hitchhiker+s+Engineer+s+Guide+to+the+Enterprise+Ecosystem', 'https://reactjs.org/', 'https://openedx.org/r/how-to-contribute', 'https://discuss.openedx.org', 'https://github.com/openedx/frontend-app-learner-portal-enterprise/issues', 'https://openedx.org/slack', 'https://openedx.slack.com/', 'https://openedx.org/community/connect', 'https://openedx.org/code-of-conduct/']",True,True,True,False,,,True,2026-04-02,2025-02-24,1,False,False,,False,,[],,False,False,False,False
openedx/edx-drf-extensions,,,,,,,2,0,0.4,855691,True,2026-08-16,True,True,False,False,90,0,0,0,0,26,90,8,10,4,True,,False,True,True,False,True,True,True,True,True,True,False,True,False,True,True,True,True,False,2026-08-10 20:11:43,True,True,True,False,False,True,False,True,,openedx,4,[],False,"['https://github.com/openedx/edx-drf-extensions/workflows/Python%20CI/badge.svg?branch=master', 'https://github.com/openedx/edx-drf-extensions/actions?query=workflow%3A%22Python+CI%22', 'https://codecov.io/github/edx/edx-drf-extensions/coverage.svg?branch=master', 'https://codecov.io/github/edx/edx-drf-extensions?branch=master', 'https://readthedocs.org/projects/edx-drf-extensions/badge/?version=latest', 'http://edx-drf-extensions.readthedocs.io/en/latest/', 'https://www.django-rest-framework.org/', 'https://github.com/openedx/.github/blob/master/CONTRIBUTING.md']",True,True,True,True,.readthedocs.yaml,2,False,,,,True,True,,False,edx-drf-extensions,"['3', '3.11']",https://github.com/openedx/edx-drf-extensions,True,True,True,False
openedx/frontend-app-account,,,,,,,3,5,0.625,5,False,2026-08-16,False,False,False,False,60,0,0,53,7,0,0,0,0,0,False,,False,False,True,False,False,True,True,True,False,False,True,False,False,False,False,False,False,False,2026-08-10 17:39:58,True,False,False,False,False,True,False,False,@edx/frontend-app-account,openedx,0,"['https://support.example.com: HTTPSConnectionPool(host=\'support.example.com\', port=443): Max retries exceeded with url: / (Caused by NameResolutionError(""HTTPSConnection(host=\'support.example.com\', port=443): Failed to resolve \'support.example.com\' ([Errno -5] No address associated with hostname)""))', 'https://openedx.github.io/frontend-platform/module-Config.html: 404']",False,"['https://github.com/openedx/frontend-app-profile', 'https://github.com/overhangio/tutor', 'https://github.com/overhangio/tutor-mfe?tab=readme-ov-file', 'https://github.com/openedx/frontend-plugin-framework', 'https://support.edx.org/hc/en-us/articles/206212088-What-if-I-did-not-receive-a-password-reset-message', 'https://github.com/openedx/frontend-app-account.git', 'https://github.com/nvm-sh/nvm', 'https://github.com/openedx/frontend-build', 'https://openedx.org/r/how-to-contribute', 'https://discuss.openedx.org', 'https://github.com/openedx/frontend-app-account/issues', 'https://openedx.org/slack', 'https://openedx.slack.com/', 'https://openedx.slack.com/archives/C04BM6YC7A6', 'https://openedx.org/community/connect', 'https://openedx.org/code-of-conduct/', 'https://github.com/openedx/edx-developer-docs/actions/workflows/ci.yml/badge.svg', 'https://github.com/openedx/edx-developer-docs/actions/workflows/ci.yml', 'https://img.shields.io/codecov/c/github/edx/frontend-app-account', 'https://codecov.io/gh/openedx/frontend-app-account/', 'https://img.shields.io/npm/v/@edx/frontend-app-account.svg', 'https://img.shields.io/npm/dt/@edx/frontend-app-account.svg', 'https://img.shields.io/npm/l/@edx/frontend-app-account.svg', 'https://img.shields.io/badge/%20%20%F0%9F%93%A6%F0%9F%9A%80-semantic--release-e10079.svg', 'https://github.com/semantic-release/semantic-release']",True,True,True,False,,,True,2026-04-06,2021-10-11,4,False,False,,False,,[],,False,False,False,False
openedx/frontend-app-instructor-dashboard,,,,,,,5,54,0.8462,6,False,2026-08-16,False,False,False,False,15,0,0,4,11,0,0,0,0,0,False,,False,False,True,False,False,True,True,True,False,False,True,False,False,False,False,False,False,False,2026-08-03 18:07:44,True,False,False,False,False,False,False,False,,openedx,0,"['http://apps.local.openedx.io: HTTPConnectionPool(host=\'apps.local.openedx.io\', port=80): Max retries exceeded with url: / (Caused by NewConnectionError(""HTTPConnection(host=\'apps.local.openedx.io\', port=80): Failed to establish a new connection: [Errno 111] Connection refused""))', 'https://openedx.slack.com/archives/C04BM6YC7A6: 403', 'https://open-edx-backstage.herokuapp.com/catalog/default/component/frontend-app-instructor-dashboard: 404']",True,"['https://github.com/overhangio/tutor', 'https://github.com/overhangio/tutor-mfe', 'https://github.com/openedx/frontend-app-instructor-dashboard.git', 'https://github.com/nvm-sh/nvm', 'https://github.com/openedx/frontend-app-instructor-dashboard/blob/master/docs/decisions/0002-feature-based-application-organization.rst', 'https://github.com/openedx/frontend-base/blob/master/docs/how_tos/i18n.rst', 'https://discuss.openedx.org', 'https://github.com/openedx/frontend-app-instructor-dashboard/issues', 'https://openedx.org/slack', 'https://openedx.slack.com/', 'https://openedx.org/getting-help', 'https://openedx.org/r/how-to-contribute', 'https://openedx.org/code-of-conduct/', 'https://img.shields.io/github/license/openedx/frontend-app-instructor-dashboard.svg', 'https://github.com/openedx/frontend-app-instructor-dashboard/blob/main/LICENSE', 'https://img.shields.io/badge/Status-Maintained-brightgreen', 'https://github.com/openedx/frontend-app-instructor-dashboard/actions/workflows/ci.yml/badge.svg', 'https://github.com/openedx/frontend-app-instructor-dashboard/actions/workflows/ci.yml', 'https://codecov.io/github/openedx/frontend-app-instructor-dashboard/coverage.svg?branch=main', 'https://codecov.io/github/openedx/frontend-app-instructor-dashboard?branch=main']",True,True,True,False,,,True,,,0,False,False,,False,,[],,False,False,False,False
openedx/frontend-base-compat,,,,,,,2,4,1.0,12582,False,2026-08-16,False,False,False,False,11,0,0,0,11,0,0,0,0,0,False,,False,False,True,False,False,True,True,True,False,False,True,False,False,False,False,False,False,False,2026-07-10 16:36:31,True,False,False,False,False,False,False,False,,openedx,0,[],False,"['https://github.com/openedx/frontend-base', 'https://github.com/openedx/edx-platform/blob/master/lms/djangoapps/mfe_config_api/views.py']",True,True,False,False,,,True,,,0,False,False,,False,,[],,False,False,False,False
openedx/openedx-ledger,,,,,,,8,14,0.8462,134655,True,2026-08-16,True,True,False,False,135,0,0,0,0,47,135,14,19,9,True,,True,True,True,True,True,True,True,True,True,True,False,True,False,True,True,True,True,False,2026-08-11 11:15:20,True,True,True,False,False,True,False,False,,openedx,2,"['https://docs.openedx.org/projects/openedx-ledger/how-tos/how-to-deploy-this-component.html: 404', 'https://docs.openedx.org/projects/openedx-ledger: 404', 'https://open-edx-backstage.herokuapp.com/catalog/default/component/openedx-ledger: 404', 'https://openedx-ledger.readthedocs.io/en/latest/: 404']",True,"['https://openedx.atlassian.net/wiki/spaces/DOC/pages/21627535/Publish+Documentation+on+Read+the+Docs', 'https://discuss.openedx.org', 'https://github.com/openedx/openedx-ledger/issues', 'https://openedx.org/slack', 'https://openedx.slack.com/', 'https://openedx.org/getting-help', 'https://openedx.org/r/how-to-contribute', 'https://openedx.org/code-of-conduct/', 'https://img.shields.io/pypi/v/openedx-ledger.svg', 'https://pypi.python.org/pypi/openedx-ledger/', 'https://github.com/openedx/openedx-ledger/workflows/Python%20CI/badge.svg?branch=main', 'https://github.com/openedx/openedx-ledger/actions', 'https://codecov.io/github/openedx/openedx-ledger/coverage.svg?branch=main', 'https://codecov.io/github/openedx/openedx-ledger?branch=main', 'https://readthedocs.org/projects/openedx-ledger/badge/?version=latest', 'https://img.shields.io/pypi/pyversions/openedx-ledger.svg', 'https://img.shields.io/github/license/openedx/openedx-ledger.svg', 'https://github.com/openedx/openedx-ledger/blob/main/LICENSE.txt', 'https://img.shields.io/badge/Status-Experimental-yellow', 'https://img.shields.io/badge/Status-Maintained-brightgreen', 'https://img.shields.io/badge/Status-Deprecated-orange', 'https://img.shields.io/badge/Status-Unsupported-red']",True,True,True,True,.readthedocs.yaml,2,False,,,,True,True,,True,openedx-ledger,"['3', '3.12']",https://github.com/openedx/openedx-ledger,True,True,True,False
openedx/openedx-calc,,,,,,,3,2,0.875,1234638,True,2026-08-16,True,True,False,False,64,0,0,0,0,6,64,2,2,1,True,,True,False,True,False,False,True,True,True,True,True,False,True,False,True,True,True,True,False,2026-08-10 20:12:26,True,False,False,False,False,True,False,False,,openedx,2,"['https://docs.openedx.org/projects/: 404', 'https://docs.openedx.org/projects/openedx-calc: 404', 'https://github.com/openedx/openedx-calc/blob/main/LICENSE.txt: 404']",True,"['https://docs.openedx.org/en/latest/developers/how-tos/get-ready-for-python-dev.html', 'https://openedx.atlassian.net/wiki/spaces/DOC/pages/21627535/Publish+Documentation+on+Read+the+Docs', 'https://discuss.openedx.org', 'https://github.com/openedx/openedx-calc/issues', 'https://openedx.org/getting-help', 'https://openedx.org/slack', 'https://openedx.slack.com/', 'https://github.com/openedx/edx-platform', 'https://github.com/openedx/openedx-calc/blob/master/LICENSE', 'https://openedx.org/r/how-to-contribute', 'https://openedx.org/code-of-conduct/', 'https://backstage.openedx.org/catalog/default/component/openedx-calc', 'https://img.shields.io/pypi/v/openedx-calc.svg', 'https://pypi.python.org/pypi/openedx-calc/', 'https://github.com/openedx/openedx-calc/workflows/Python%20CI/badge.svg?branch=main', 'https://github.com/openedx/openedx-calc/actions', 'https://codecov.io/github/openedx/openedx-calc/coverage.svg?branch=main', 'https://codecov.io/github/openedx/openedx-calc?branch=main', 'https://readthedocs.org/projects/openedx-calc/badge/?version=latest', 'https://img.shields.io/pypi/pyversions/openedx-calc.svg', 'https://img.shields.io/github/license/openedx/openedx-calc.svg', 'https://img.shields.io/badge/Status-Experimental-yellow', 'https://img.shields.io/badge/Status-Maintained-brightgreen', 'https://img.shields.io/badge/Status-Deprecated-orange', 'https://img.shields.io/badge/Status-Unsupported-red']",True,True,True,False,,,False,,,,False,True,,True,openedx-calc,"['3', '3.12']",https://github.com/openedx/openedx-calc,True,True,True,False
openedx/xblock-in-video-quiz,,,,,,,4,1,0.8462,110843,True,2026-08-16,True,True,False,False,74,0,0,0,0,20,74,5,5,3,False,,False,False,True,False,False,True,True,True,True,True,False,True,False,True,True,True,True,False,2026-08-16 00:18:16,True,False,False,False,False,False,False,False,,openedx,4,['https://github.com/openedx/xblock-in-video-quiz@LATEST_RELEASE: 404'],False,"['https://github.com/Stanford-Online/xblock-in-video-quiz', 'https://github.com/openedx/xblock-in-video-quiz/releases/tag/final-bsd-3c-contribution']",True,True,False,False,,,False,,,,True,True,,True,invideoquiz-xblock,"['3', '3.12']",,True,True,True,False
openedx/edx-rest-api-client,,,,,,,2,1,0.7083,754326,True,2026-08-16,True,True,False,False,88,0,0,0,0,18,88,5,6,3,False,,True,True,True,False,True,True,True,True,True,True,False,True,False,True,False,True,True,False,2026-08-10 20:33:34,True,False,True,False,False,True,False,False,,openedx,5,"['https://lms.root: HTTPSConnectionPool(host=\'lms.root\', port=443): Max retries exceeded with url: / (Caused by NameResolutionError(""HTTPSConnection(host=\'lms.root\', port=443): Failed to resolve \'lms.root\' ([Errno -2] Name or service not known)""))', 'https://some.url: HTTPSConnectionPool(host=\'some.url\', port=443): Max retries exceeded with url: / (Caused by NameResolutionError(""HTTPSConnection(host=\'some.url\', port=443): Failed to resolve \'some.url\' ([Errno -2] Name or service not known)""))', 'https://openedx.slack.com/: 403']",True,"['https://requests.readthedocs.io/en/master/user/advanced/', 'https://github.com/openedx/edx-django-utils/blob/master/edx_django_utils/cache/README.rst', 'https://openedx.org/r/how-to-contribute', 'https://discuss.openedx.org', 'https://github.com/openedx/edx-rest-api-client/issues', 'https://openedx.org/slack', 'https://openedx.org/getting-help', 'https://openedx.org/code-of-conduct/', 'https://github.com/openedx/edx-rest-api-client/workflows/Python%20CI/badge.svg?branch=master', 'https://github.com/openedx/edx-rest-api-client/actions?query=workflow%3A%22Python+CI%22', 'https://codecov.io/github/openedx/edx-rest-api-client/coverage.svg?branch=master', 'https://codecov.io/github/openedx/edx-rest-api-client?branch=master', 'https://img.shields.io/badge/Status-Maintained-brightgreen', 'https://img.shields.io/github/license/openedx/edx-rest-api-client.svg', 'https://github.com/openedx/edx-rest-api-client/blob/master/LICENSE', 'https://img.shields.io/pypi/v/edx-rest-api-client.svg', 'https://pypi.python.org/pypi/edx-rest-api-client/']",True,True,True,False,,,False,,,,True,True,,True,edx-rest-api-client,['3.12'],https://github.com/openedx/edx-rest-api-client,True,True,True,False
openedx/openedx-filters,,,,,,,8,10,0.88,137738,True,2026-08-16,True,True,False,False,122,0,0,0,0,8,122,3,3,1,True,,True,True,True,False,True,True,True,True,True,True,False,True,True,True,True,True,True,False,2026-08-10 20:12:53,True,True,True,False,False,True,False,False,,openedx,1,['https://openedx.slack.com/: 403'],True,"['https://open-edx-proposals.readthedocs.io/en/latest/oep-0050-hooks-extension-framework.html', 'https://docs.openedx.org/en/latest/developers/how-tos/get-ready-for-python-dev.html', 'https://docs.openedx.org/projects/openedx-filters/en/latest/', 'https://discuss.openedx.org', 'https://github.com/openedx/openedx-filters/issues', 'https://openedx.org/slack', 'https://openedx.org/getting-help', 'https://openedx.org/r/how-to-contribute', 'https://openedx.org/code-of-conduct/', 'https://backstage.openedx.org/catalog/default/component/openedx-filters', 'https://img.shields.io/pypi/v/openedx-filters.svg', 'https://pypi.python.org/pypi/openedx-filters/', 'https://github.com/openedx/openedx-filters/actions/workflows/ci.yml/badge.svg?branch=main', 'https://github.com/openedx/openedx-filters/actions/workflows/ci.yml', 'https://codecov.io/github/openedx/openedx-filters/coverage.svg?branch=main', 'https://codecov.io/github/openedx/openedx-filters?branch=main', 'https://readthedocs.org/projects/openedx-filters/badge/?version=latest', 'https://openedx-filters.readthedocs.io/en/latest/', 'https://img.shields.io/pypi/pyversions/openedx-filters.svg', 'https://img.shields.io/github/license/openedx/openedx-filters.svg', 'https://github.com/openedx/openedx-filters/blob/main/LICENSE.txt', 'https://img.shields.io/badge/Status-Maintained-brightgreen']",True,True,True,True,.readthedocs.yaml,2,False,,,,True,True,,True,openedx-filters,"['3', '3.12']",https://github.com/openedx/openedx-filters,True,True,True,False
openedx/openedx-authz,,,,,,,12,60,0.8286,7,True,2026-08-16,True,True,False,False,134,0,0,0,0,49,134,10,15,7,True,,True,True,True,True,True,True,True,True,True,False,False,True,False,True,True,True,True,False,2026-08-13 15:15:23,True,False,True,False,False,True,False,False,,openedx,0,['https://github.com/openedx/openedx-authz/blob/main/LICENSE.txt: 404'],True,"['https://docs.openedx.org/en/latest/developers/how-tos/get-ready-for-python-dev.html', 'https://openedx-authz.readthedocs.io/en/latest/', 'https://discuss.openedx.org', 'https://github.com/openedx/openedx-authz/issues', 'https://openedx.org/getting-help', 'https://openedx.org/slack', 'https://openedx.slack.com/', 'https://openedx.org/r/how-to-contribute', 'https://openedx.org/code-of-conduct/', 'https://backstage.openedx.org/catalog/default/component/openedx-authz', 'https://openedx.atlassian.net/wiki/spaces/OEPM/pages/4724490259/PRD+Roles+Permissions', 'https://openedx-authz.readthedocs.io/en/latest/concepts/core_roles_and_permissions/content_library_roles.html', 'https://img.shields.io/pypi/v/openedx-authz.svg', 'https://pypi.python.org/pypi/openedx-authz/', 'https://github.com/openedx/openedx-authz/actions/workflows/ci.yml/badge.svg?branch=main', 'https://github.com/openedx/openedx-authz/actions/workflows/ci.yml', 'https://codecov.io/github/openedx/openedx-authz/coverage.svg?branch=main', 'https://codecov.io/github/openedx/openedx-authz?branch=main', 'https://readthedocs.org/projects/openedx-authz/badge/?version=latest', 'https://docs.openedx.org/projects/openedx-authz', 'https://img.shields.io/pypi/pyversions/openedx-authz.svg', 'https://img.shields.io/github/license/openedx/openedx-authz.svg', 'https://img.shields.io/badge/Status-Experimental-yellow']",True,True,True,True,.readthedocs.yaml,2,False,,,,True,True,,True,openedx-authz,"['3', '3.12']",https://github.com/openedx/openedx-authz,True,True,True,False
openedx/edx-cookiecutters,,,,,,,4,0,0.75,683444,True,2026-08-16,True,True,False,False,106,0,0,0,0,38,106,2,3,1,False,,False,True,True,False,True,True,True,True,True,True,False,True,False,True,False,False,True,False,2026-08-10 17:12:01,True,False,True,False,False,True,False,False,,openedx,5,[],True,"['https://discuss.openedx.org', 'https://openedx.org/getting-help', 'https://openedx.org/slack', 'https://openedx.slack.com/', 'https://tox.readthedocs.io/en/latest/']",True,True,True,False,,,False,,,,True,True,,False,,[],,True,True,True,False
openedx/frontend-app-enterprise-public-catalog,,,,,,,1,0,1.0,191,False,2026-08-16,False,False,False,False,47,0,0,36,11,0,0,0,0,0,False,,False,False,True,False,False,True,True,True,False,False,True,False,False,False,False,False,False,False,2026-08-12 05:58:19,True,False,False,False,False,False,False,False,@edx/frontend-app-enterprise-public-catalog,openedx,0,"['https://edx.github.io/frontend-platform/module-Internationalization.html: 404', 'https://github.com/openedx/frontend-i18n/blob/master/docs/how_tos/i18n.rst: 404', 'https://travis-ci.com/edx/frontend-app-enterprise-public-catalog: 404']",False,"['https://explore-catalog.stage.edx.org/', 'https://github.com/openedx/frontend-app-enterprise-public-catalog/blob/master/docs/decisions/0002-feature-based-application-organization.rst', 'https://api.travis-ci.com/edx/frontend-app-enterprise-public-catalog.svg?branch=master', 'https://codecov.io/gh/edx/frontend-app-enterprise-public-catalog/branch/master/graph/badge.svg', 'https://codecov.io/gh/edx/frontend-app-enterprise-public-catalog', 'https://img.shields.io/npm/l/@edx/frontend-app-enterprise-public-catalog.svg']",True,True,False,False,,,True,2026-02-22,2025-02-04,2,False,False,,False,,[],,False,False,False,False
openedx/codejail,,,,,,,4,1,0.8333,51278,True,2026-08-16,True,True,False,False,34,0,0,0,0,16,34,0,0,0,False,,True,False,True,False,True,True,True,True,True,True,False,True,False,True,True,True,True,False,2026-08-10 20:12:36,True,False,True,False,False,True,False,False,,openedx,2,[],False,[],True,True,True,False,,,False,,,,True,True,,True,edx-codejail,"['3', '3.12']",https://github.com/openedx/codejail,True,True,True,False
openedx/cypress-e2e-tests,,,,,,,5,5,0.5263,1188309,False,2026-08-16,True,True,False,False,19,0,0,0,19,0,0,0,0,0,False,,False,False,True,False,False,False,True,True,True,False,True,False,False,False,False,False,False,False,2026-08-10 17:25:02,True,False,False,False,False,False,False,False,,openedx,0,[],False,"['https://www.cypress.io/', 'https://docs.cypress.io/guides/overview/why-cypress.html', 'https://docs.cypress.io/examples/examples/tutorials.html']",True,True,False,False,,,False,,,,False,False,,False,,[],,False,False,False,False
openedx/taxonomy-connector,,,,,,,9,13,0.7895,313753,True,2026-08-16,True,True,False,False,146,0,0,0,0,110,146,12,15,7,False,,True,False,True,True,True,True,True,True,True,False,False,True,False,True,True,True,True,False,2026-08-11 10:59:59,True,True,True,False,False,True,False,False,,openedx,4,[],True,"['https://img.shields.io/pypi/v/taxonomy-connector.svg', 'https://pypi.org/project/taxonomy-connector/', 'http://codecov.io/github/openedx/taxonomy-connector/coverage.svg?branch=master', 'http://codecov.io/github/openedx/taxonomy-connector?branch=master', 'https://github.com/openedx/taxonomy-connector/workflows/Python%20CI/badge.svg?branch=master', 'https://github.com/openedx/taxonomy-connector/actions?query=workflow%3A%22Python+CI%22', 'https://open.edx.org/getting-help']",True,True,True,False,,,False,,,,True,True,,True,taxonomy-connector,"['3', '3.12']",https://github.com/openedx/taxonomy-connector,True,True,True,False
openedx/edx-django-sites-extensions,,,,,,,5,1,1.0,25390,True,2026-08-16,True,True,False,False,92,0,0,0,0,3,92,3,4,1,False,,True,False,True,False,True,True,True,True,True,True,False,True,False,True,False,True,True,False,2026-07-31 17:06:55,True,False,True,False,False,True,False,False,,openedx,1,[],False,"['http://code.edx.org/', 'https://github.com/openedx/edx-django-sites-extensions/workflows/Python%20CI/badge.svg?branch=master', 'https://github.com/openedx/edx-django-sites-extensions/actions?query=workflow%3A%22Python+CI%22', 'http://codecov.io/github/edx/edx-django-sites-extensions/coverage.svg?branch=master', 'http://codecov.io/github/edx/edx-django-sites-extensions?branch=master', 'https://docs.djangoproject.com/en/1.9/ref/contrib/sites/', 'https://edx-django-sites-extensions.readthedocs.org', 'https://github.com/openedx/.github/blob/master/CONTRIBUTING.md', 'https://groups.google.com/forum/']",True,False,True,False,,,False,,,,True,True,,True,edx-django-sites-extensions,['3.12'],https://github.com/openedx/edx-django-sites-extensions,True,True,True,False
openedx/modular-learning,,,,,,,0,0,,,False,2026-08-16,False,False,False,False,0,0,0,0,0,0,0,0,0,0,False,,False,False,False,False,False,False,True,True,False,False,False,False,False,False,False,False,False,False,2024-12-16 20:07:52,False,False,False,False,False,False,False,False,,openedx,0,[],False,"['https://github.com/orgs/openedx/projects/36', 'https://openedx.atlassian.net/wiki/spaces/OEPM/pages/3575152670/Approach+Memo+Modular+Learning']",True,True,False,False,,,False,,,,False,False,,False,,[],,False,False,False,False
openedx/RecommenderXBlock,,,,,,,5,3,0.9,661580,True,2026-08-16,True,True,False,False,0,0,0,0,0,0,0,0,0,0,False,,False,False,True,False,False,True,True,True,True,True,False,False,True,False,False,False,False,False,2026-08-10 20:22:02,True,False,False,False,False,False,False,False,,openedx,0,[],False,[],True,True,False,False,,,False,,,,False,False,,False,,[],,False,False,False,False
openedx/frontend-app-ora,,,,,,,2,5,1.0,234,False,2026-08-16,True,True,False,False,48,0,0,38,10,0,0,0,0,0,False,,False,False,True,False,False,True,True,True,True,False,True,False,False,False,False,False,False,True,2026-08-10 20:15:46,True,False,False,False,False,False,False,False,,openedx,0,"['http://apps.local.openedx.io: HTTPConnectionPool(host=\'apps.local.openedx.io\', port=80): Max retries exceeded with url: / (Caused by NewConnectionError(""HTTPConnection(host=\'apps.local.openedx.io\', port=80): Failed to establish a new connection: [Errno 111] Connection refused""))', 'https://openedx.slack.com/: 403', 'https://open-edx-backstage.herokuapp.com/catalog/default/component/frontend-app-ora: 404', 'https://github.com/edx/frontend-app-ora/actions/workflows/ci.yml/badge.svg: 404']",True,"['https://github.com/overhangio/tutor', 'https://github.com/overhangio/tutor-mfe?tab=readme-ov-file', 'https://github.com/openedx/frontend-app-ora.git', 'https://github.com/nvm-sh/nvm', 'https://github.com/overhangio/tutor-mfe/blob/release/tutormfe/plugin.py', 'https://docs.openedx.org/en/latest/site_ops/how-tos/add-waffle-flag-for-user.html', 'https://discuss.openedx.org', 'https://github.com/edx/frontend-app-ora/issues', 'https://openedx.org/slack', 'https://openedx.slack.com/archives/C04BM6YC7A6', 'https://openedx.org/getting-help', 'https://openedx.org/r/how-to-contribute', 'https://openedx.org/code-of-conduct/', 'https://img.shields.io/github/license/openedx/frontend-app-ora.svg', 'https://github.com/edx/frontend-app-ora/blob/master/LICENSE', 'https://img.shields.io/badge/Status-Maintained-brightgreen', 'https://github.com/edx/frontend-app-ora/actions/workflows/ci.yml', 'https://codecov.io/github/openedx/frontend-app-ora/coverage.svg?branch=master', 'https://codecov.io/github/openedx/frontend-app-ora?branch=master']",True,True,True,False,,,True,2026-04-06,2024-02-05,5,False,False,,False,,[],,False,False,False,False
openedx/event-bus-kafka,,,,,,,3,0,0.75,647342,True,2026-08-16,True,True,False,False,126,0,0,0,0,28,126,7,9,5,True,,True,True,True,True,True,True,True,True,True,True,False,True,False,True,True,True,True,False,2026-08-10 20:33:18,True,True,True,False,False,True,False,False,,openedx,1,"['https://openedx-slack-invite.herokuapp.com/: 404', 'https://edx-event-bus-kafka.readthedocs.io/en/latest/: 404']",True,"['https://github.com/openedx/event-bus-kafka/blob/main/docs/decisions/0005-optional-import-of-confluent-kafka.rst', 'https://open-edx-proposals.readthedocs.io/en/latest/architectural-decisions/oep-0052-arch-event-bus-architecture.html', 'https://openedx.atlassian.net/wiki/spaces/DOC/pages/21627535/Publish+Documentation+on+Read+the+Docs', 'https://github.com/openedx/.github/blob/master/CONTRIBUTING.md', 'https://discuss.openedx.org', 'https://openedx.slack.com/', 'https://openedx.org/getting-help', 'https://img.shields.io/pypi/v/edx-event-bus-kafka.svg', 'https://pypi.python.org/pypi/edx-event-bus-kafka/', 'https://github.com/openedx/event-bus-kafka/workflows/Python%20CI/badge.svg?branch=main', 'https://github.com/openedx/event-bus-kafka/actions', 'https://codecov.io/github/openedx/event-bus-kafka/coverage.svg?branch=main', 'https://codecov.io/github/openedx/event-bus-kafka?branch=main', 'https://readthedocs.org/projects/edx-event-bus-kafka/badge/?version=latest', 'https://img.shields.io/pypi/pyversions/edx-event-bus-kafka.svg', 'https://img.shields.io/github/license/openedx/event-bus-kafka.svg', 'https://github.com/openedx/event-bus-kafka/blob/main/LICENSE.txt']",True,True,True,True,.readthedocs.yaml,2,False,,,,True,True,,True,edx_event_bus_kafka,"['3', '3.12']",https://github.com/openedx/event-bus-kafka,True,True,True,False
openedx/opaque-keys,,,,,,,7,2,0.8889,209,True,2026-08-16,True,True,False,False,85,0,0,0,0,4,85,3,3,1,False,,True,False,True,False,True,True,True,True,True,True,False,True,False,True,False,True,True,False,2026-08-12 14:07:36,True,True,False,False,False,True,False,False,,openedx,0,['https://coveralls.io/r/edx/opaque-keys: 403'],False,"['http://code.edx.org/', 'https://github.com/openedx/opaque-keys/workflows/Python%20CI/badge.svg?branch=master', 'https://github.com/openedx/opaque-keys/actions?query=workflow%3A%22Python+CI%22', 'https://coveralls.io/repos/edx/opaque-keys/badge.svg?branch=master', 'https://github.com/openedx/edx-platform/wiki/Opaque-Keys']",True,True,False,True,.readthedocs.yaml,2,False,,,,True,True,,True,edx-opaque-keys,"['3', '3.12']",https://github.com/openedx/opaque-keys,True,True,True,False
openedx/enmerkar-underscore,,,,,,,3,1,0.75,25120,True,2026-08-16,True,True,False,False,50,0,0,0,0,4,50,0,1,0,False,,False,False,True,False,False,True,True,True,True,False,False,False,False,True,True,True,True,False,2026-07-29 15:38:53,True,True,False,False,False,True,False,False,,openedx,1,"[""https://pypip.in/d/django-babel-underscore/badge.png: HTTPSConnectionPool(host='pypip.in', port=443): Max retries exceeded with url: /d/django-babel-underscore/badge.png (Caused by ConnectTimeoutError(<HTTPSConnection(host='pypip.in', port=443) at 0x7fef804ed370>, 'Connection to pypip.in timed out. (connect timeout=None)'))"", 'http://django-babel-underscore.readthedocs.org: 404']",False,"['https://badge.fury.io/py/django-babel-underscore.png', 'http://badge.fury.io/py/django-babel-underscore', 'https://github.com/openedx/enmerkar-underscore/workflows/Python%20CI/badge.svg?branch=master', 'https://github.com/openedx/enmerkar-underscore/actions?query=workflow%3A%22Python+CI%22', 'https://pypi.python.org/pypi/django-babel-underscore']",True,True,False,False,,,False,,,,True,True,,True,enmerkar-underscore,"['3', '3.11', '3.12']",https://github.com/openedx/enmerkar-underscore,True,False,True,False
openedx/xss-utils,,,,,,,1,1,0.4,1800302,True,2026-08-16,True,True,False,False,84,0,0,0,0,3,84,4,4,2,True,,True,False,True,False,True,True,True,True,True,True,False,True,False,True,True,True,True,True,2026-07-20 19:32:41,True,True,True,False,False,True,False,False,,openedx,1,"['https://xss-utils.readthedocs.org: 404', 'http://xss-utils.readthedocs.io/en/latest/: 404', 'https://github.com/openedx/xss-utils/blob/master/LICENSE.txt: 404']",True,"['https://docs.openedx.org/en/latest/developers/references/developer_guide/preventing_xss/index.html', 'https://github.com/openedx/.github/blob/master/CONTRIBUTING.md', 'https://github.com/openedx/xss-utils/blob/master/.github/PULL_REQUEST_TEMPLATE.md', 'https://github.com/openedx/xss-utils/blob/master/.github/ISSUE_TEMPLATE.md', 'https://open.edx.org/getting-help', 'https://img.shields.io/pypi/v/xss-utils.svg', 'https://pypi.python.org/pypi/xss-utils/', 'https://github.com/openedx/xss-utils/workflows/Python%20CI/badge.svg?branch=master', 'https://github.com/openedx/xss-utils/actions?query=workflow%3A%22Python+CI%22', 'http://codecov.io/github/edx/xss-utils/coverage.svg?branch=master', 'http://codecov.io/github/edx/xss-utils?branch=master', 'https://readthedocs.org/projects/xss-utils/badge/?version=latest', 'https://img.shields.io/pypi/pyversions/xss-utils.svg', 'https://img.shields.io/github/license/edx/xss-utils.svg']",True,True,True,False,,,False,,,,True,True,,True,xss-utils,"['3', '3.12']",https://github.com/openedx/xss-utils,True,True,True,False
openedx/didkit-python,,,,,,,1,9,1.0,51461,False,2026-08-16,False,False,False,False,0,0,0,0,0,0,0,0,0,0,False,,False,False,True,False,False,False,True,True,False,False,False,False,True,False,False,False,False,False,2026-05-30 14:52:54,True,False,False,False,False,False,False,False,,openedx,0,[],False,"['https://badge.fury.io/py/openedx-didkit.svg', 'https://badge.fury.io/py/openedx-didkit', 'https://spruceid.dev/docs/didkit/', 'https://github.com/spruceid/ssi', 'https://pypi.org/project/openedx-didkit/', 'https://github.com/GlugovGrGlib/didkit-python', 'https://github.com/spruceid/didkit-python']",True,True,False,False,,,False,,,,False,False,,False,,[],,False,False,False,False
openedx/code-annotations,,,,,,,5,3,0.9565,47284,True,2026-08-16,True,True,False,False,96,0,0,0,0,7,96,2,2,1,False,3.12,True,False,True,False,True,True,True,True,True,True,False,True,False,True,True,True,True,False,2026-08-12 15:22:07,True,True,True,False,False,True,False,False,,openedx,4,[],True,"['https://code-annotations.readthedocs.org', 'https://github.com/openedx/.github/blob/master/CONTRIBUTING.md', 'https://github.com/openedx/code-annotations/blob/master/.github/PULL_REQUEST_TEMPLATE.md', 'https://github.com/openedx/code-annotations/blob/master/.github/ISSUE_TEMPLATE.md', 'https://open.edx.org/getting-help']",True,True,True,True,.readthedocs.yml,2,False,,,,True,True,,True,code-annotations,"['3', '3.12']",https://github.com/openedx/code-annotations,True,True,True,False
openedx/openedx-translations,,,,,,,10,7,0.98,19,True,2026-08-16,True,True,False,False,41,0,0,0,1,0,40,1,1,1,False,,False,True,True,False,False,True,True,True,True,False,True,False,False,True,False,False,False,False,2026-08-16 01:14:07,True,False,False,False,False,True,False,False,,openedx,0,['https://app.transifex.com/open-edx/openedx-translations/dashboard/: 403'],False,"['https://app.transifex.com/open-edx/', 'https://github.com/openedx/open-edx-proposals/pull/367', 'https://github.com/openedx/openedx-atlas', 'https://github.com/openedx/openedx-translations/actions/workflows/sync-translations.yml', 'https://docs.tutor.edly.io/tutorials/nightly.html', 'https://github.com/openedx/openedx-platform', 'https://docs.tutor.edly.io/', 'https://github.com/openedx/openedx-platform/tree/release/ulmo', 'https://github.com/openedx/openedx-translations/tree/main/.github/workflows', 'https://github.com/openedx/openedx-translations/blob/main/Makefile']",True,True,False,False,,,False,,,,False,True,,False,,[],,False,False,False,False
openedx/xqueue-watcher,,,,,,,2,0,0.6667,7,False,2026-08-16,False,False,False,False,0,0,0,0,0,0,0,0,0,0,False,,False,False,True,False,False,True,True,True,False,True,False,False,True,False,False,False,False,False,2026-08-15 15:20:16,True,False,False,False,False,True,False,False,,openedx,0,"['http://xqueue-svc: HTTPConnectionPool(host=\'xqueue-svc\', port=80): Max retries exceeded with url: / (Caused by NameResolutionError(""HTTPConnection(host=\'xqueue-svc\', port=80): Failed to resolve \'xqueue-svc\' ([Errno -3] Temporary failure in name resolution)""))']",False,"['https://github.com/openedx/xqueue', 'https://github.com/openedx/codejail']",True,True,False,False,,,False,,,,False,False,,False,,[],,False,False,False,False
openedx/enterprise-access,,,,,,,3,5,0.7857,634124,True,2026-08-16,True,True,False,False,202,0,0,0,0,117,202,25,35,20,True,,True,False,True,True,False,True,True,True,True,False,False,True,False,True,True,False,True,False,2026-08-11 11:11:55,True,True,True,False,False,True,False,False,,openedx,5,"['https://openedx-slack-invite.herokuapp.com/: 404', 'https://github.com/edx/enterprise-access/workflows/Python%20CI/badge.svg?branch=main: 404', 'https://enterprise-access.readthedocs.io/en/latest/: 404']",True,"['https://github.com/edx/devstack', 'https://openedx.atlassian.net/wiki/spaces/DOC/pages/21627535/Publish+Documentation+on+Read+the+Docs', 'https://github.com/openedx/.github/blob/master/CONTRIBUTING.md', 'https://discuss.openedx.org', 'https://openedx.slack.com/', 'https://openedx.org/getting-help', 'https://img.shields.io/pypi/v/enterprise-access.svg', 'https://pypi.python.org/pypi/enterprise-access/', 'https://github.com/edx/enterprise-access/actions', 'https://codecov.io/github/edx/enterprise-access/coverage.svg?branch=main', 'https://codecov.io/github/edx/enterprise-access?branch=main', 'https://readthedocs.org/projects/enterprise-access/badge/?version=latest', 'https://img.shields.io/pypi/pyversions/enterprise-access.svg', 'https://img.shields.io/github/license/edx/enterprise-access.svg', 'https://github.com/edx/enterprise-access/blob/main/LICENSE.txt']",True,True,True,False,,,True,,,0,True,True,,False,,[],,True,True,True,False
openedx/frontend-plugin-aspects,,,,,,,4,5,0.9737,135,False,2026-08-16,True,True,False,False,21,0,0,2,19,0,0,0,0,0,False,,False,False,True,False,False,True,True,True,True,False,True,False,False,False,False,False,False,False,2026-08-10 14:44:21,True,False,False,False,False,False,False,False,,openedx,0,"['https://openedx.slack.com/archives/C04BM6YC7A6: 403', 'https://open-edx-backstage.herokuapp.com/catalog/default/component/frontend-plugin-aspects: 404']",True,"['https://img.shields.io/github/license/openedx/frontend-plugin-aspects.svg', 'https://github.com/openedx/frontend-plugin-aspects/blob/main/LICENSE', 'https://img.shields.io/badge/Status-Maintained-brightgreen', 'https://github.com/openedx/frontend-plugin-aspects/actions/workflows/ci.yml/badge.svg', 'https://github.com/openedx/frontend-plugin-aspects/actions/workflows/ci.yml', 'https://codecov.io/github/openedx/frontend-plugin-aspects/coverage.svg?branch=main', 'https://codecov.io/github/openedx/frontend-plugin-aspects?branch=main', 'https://github.com/openedx/tutor-contrib-aspects', 'https://github.com/openedx/frontend-app-authoring.git', 'https://github.com/openedx/frontend-plugin-aspects.git', 'https://nodemon.io', 'https://discuss.openedx.org', 'https://openedx.org/slack', 'https://openedx.slack.com/', 'https://openedx.org/getting-help', 'https://openedx.org/r/how-to-contribute', 'https://openedx.org/code-of-conduct/']",True,True,True,False,,,True,2026-08-03,2026-08-03,1,False,False,,False,,[],,False,False,False,False
openedx/frontend-lib-special-exams,,,,,,,1,1,1.0,172,False,2026-08-16,False,False,False,False,30,0,0,8,22,0,0,0,0,0,False,,False,False,True,False,False,True,True,True,False,True,True,False,False,False,False,False,False,True,2026-05-20 13:20:43,True,False,False,False,False,False,False,False,@edx/frontend-lib-special-exams,openedx,0,"['https://edx.github.io/frontend-platform/module-Internationalization.html: 404', 'https://openedx.slack.com/archives/C04BM6YC7A6: 403']",False,"['https://github.com/edx/frontend-lib-special-exams.git', 'https://github.com/nvm-sh/nvm', 'https://github.com/edx/frontend-i18n/blob/master/docs/how_tos/i18n.rst', 'https://github.com/openedx/frontend-plugin-framework', 'https://openedx.org/r/how-to-contribute', 'https://discuss.openedx.org', 'https://github.com/openedx/frontend-lib-special-exams/issues', 'https://openedx.org/slack', 'https://openedx.slack.com/', 'https://openedx.org/community/connect', 'https://openedx.org/code-of-conduct/']",True,True,True,False,,,True,,,0,False,False,,False,,[],,False,False,False,False
openedx/codejail-includes,,,,,,,3,0,0.75,1264133,True,2026-08-16,True,True,False,False,93,0,0,0,0,0,93,2,2,1,False,,True,False,True,False,True,True,True,True,True,True,False,True,False,True,True,True,True,False,2026-08-10 20:07:56,True,True,True,False,False,False,False,False,,openedx,0,"['https://openedx-slack-invite.herokuapp.com/: 404', 'https://github.com/openedx/sandboxcodejail-includes/workflows/Python%20CI/badge.svg?branch=main: 404']",True,"['https://openedx.atlassian.net/browse/BOM-2579', 'https://openedx.atlassian.net/wiki/spaces/DOC/pages/21627535/Publish+Documentation+on+Read+the+Docs', 'https://github.com/openedx/.github/blob/master/CONTRIBUTING.md', 'https://discuss.openedx.org', 'https://openedx.slack.com/', 'https://openedx.org/getting-help', 'https://img.shields.io/pypi/v/codejail-includes.svg', 'https://pypi.python.org/pypi/codejail-includes/', 'https://github.com/openedx/codejail-includes/actions', 'https://img.shields.io/github/license/openedx/sandbox-packages.svg', 'https://github.com/openedx/codejail-includes/blob/main/LICENSE']",True,True,True,False,,,False,,,,False,True,,True,codejail-includes,"['3', '3.12']",https://github.com/openedx/codejail-includes,True,True,True,False
openedx/frontend-app-authn,,,,,,,4,16,1.0,164,False,2026-08-16,True,True,False,False,41,0,0,30,11,0,0,0,0,0,False,,False,False,True,False,False,True,True,True,True,False,True,False,False,False,False,False,False,False,2026-08-10 21:12:54,True,False,False,False,False,False,False,False,@edx/frontend-app-authn,openedx,0,"['https://support.example.com: HTTPSConnectionPool(host=\'support.example.com\', port=443): Max retries exceeded with url: / (Caused by NameResolutionError(""HTTPSConnection(host=\'support.example.com\', port=443): Failed to resolve \'support.example.com\' ([Errno -5] No address associated with hostname)""))', 'https://travis-ci.com/edx/frontend-app-authn: 404']",False,"['https://github.com/overhangio/tutor', 'https://github.com/overhangio/tutor-mfe?tab=readme-ov-file', 'https://github.com/edx/frontend-app-authn.git', 'https://github.com/nvm-sh/nvm', 'https://docs.openedx.org/en/latest/developers/references/developer_guide/process/index.html', 'https://github.com/openedx/frontend-app-authn/blob/master/.github/pull_request_template.md', 'https://discuss.openedx.org', 'https://github.com/openedx/frontend-app-authn/issues', 'https://openedx.org/slack', 'https://openedx.slack.com/', 'https://openedx.slack.com/archives/C04BM6YC7A6', 'https://openedx.org/community/connect', 'https://openedx.org/code-of-conduct/', 'https://backstage.openedx.org/catalog/default/group/2u-infinity', 'https://github.com/openedx/frontend-app-authn/blob/master/LICENSE', 'https://api.travis-ci.com/edx/frontend-app-authn.svg?branch=master', 'https://img.shields.io/codecov/c/github/edx/frontend-app-authn', 'https://codecov.io/gh/edx/frontend-app-authn', 'https://github.com/openedx/edx-developer-docs/actions/workflows/ci.yml/badge.svg', 'https://github.com/openedx/edx-developer-docs/actions/workflows/ci.yml', 'https://img.shields.io/badge/%20%20%F0%9F%93%A6%F0%9F%9A%80-semantic--release-e10079.svg', 'https://github.com/semantic-release/semantic-release']",True,True,True,False,,,True,2026-03-27,2025-03-14,4,False,False,,False,,[],,False,False,False,False
openedx/frontend-template-site,,,,,,,3,1,1.0,24638,False,2026-08-16,False,False,False,False,8,0,0,6,2,0,0,0,0,0,False,,False,False,True,False,False,True,True,True,False,False,True,False,False,False,False,False,False,False,2026-08-14 14:32:12,True,False,False,False,False,False,False,False,,openedx,0,"['http://apps.local.openedx.io: HTTPConnectionPool(host=\'apps.local.openedx.io\', port=80): Max retries exceeded with url: / (Caused by NewConnectionError(""HTTPConnection(host=\'apps.local.openedx.io\', port=80): Failed to establish a new connection: [Errno 111] Connection refused""))', 'https://open-edx-backstage.herokuapp.com/catalog/default/component/frontend-template-site: 404', 'https://github.com/openedx/frontend-template-application/blob/main/LICENSE: 404']",False,"['https://github.com/nvm-sh/nvm', 'https://bindfs.org/', 'https://docs.npmjs.com/cli/using-npm/workspaces', 'https://github.com/semantic-release/semantic-release', 'https://turbo.build/', 'https://github.com/openedx/frontend-base/blob/master/docs/how_tos/i18n.rst', 'https://github.com/openedx/openedx-translations', 'https://openedx.org/r/how-to-contribute', 'https://openedx.org/code-of-conduct/', 'https://img.shields.io/github/license/openedx/frontend-template-application.svg', 'https://img.shields.io/badge/Status-Maintained-brightgreen', 'https://github.com/openedx/frontend-template-application/actions/workflows/ci.yml/badge.svg', 'https://github.com/openedx/frontend-template-application/actions/workflows/ci.yml', 'https://codecov.io/github/openedx/frontend-template-application/coverage.svg?branch=main', 'https://codecov.io/github/openedx/frontend-template-application?branch=main']",True,True,True,False,,,False,,,,False,False,,False,,[],,False,False,False,False
openedx/edx-ora2,,,,,,,5,4,0.4615,270,True,2026-08-16,True,True,False,False,208,0,0,14,27,67,167,14,18,10,False,,True,False,True,False,False,True,True,True,True,True,True,True,False,True,True,True,True,True,2026-08-10 17:25:39,True,False,True,False,False,True,True,True,,openedx,7,['https://coveralls.io/r/edx/edx-ora2?branch=master: 403'],True,"['https://github.com/openedx/edx-platform', 'https://docs.openedx.org/en/latest/educators/concepts/exercise_tools/about_OpenResponseAssessments.html', 'https://openedx.atlassian.net/wiki/spaces/EDUCATOR/pages/9765004/ORA+Developer+Guide', 'https://github.com/openedx/devstack', 'https://open.edx.org/getting-help', 'https://github.com/openedx/edx-ora2/workflows/Python%20CI/badge.svg?branch=master', 'https://github.com/openedx/edx-ora2/actions?query=workflow%3A%22Python+CI%22', 'https://coveralls.io/repos/edx/edx-ora2/badge.png?branch=master']",True,True,True,True,.readthedocs.yaml,2,True,,,0,True,True,,True,ora2,"['3', '3.12']",http://github.com/openedx/edx-ora2,True,True,True,False
openedx/openedx-proposals,,,,,,,7,0,0.8696,52424,True,2026-08-16,True,True,False,False,45,0,0,0,0,30,45,0,0,0,True,,False,False,True,False,False,True,True,True,True,True,False,False,False,True,False,False,False,False,2026-08-12 18:44:36,True,False,False,False,False,False,False,False,,openedx,4,['https://github.com/openedx/openedx-proposals/blob/main/LICENSE.txt: 404'],False,"['https://docs.openedx.org/projects/openedx-proposals/', 'https://openedx.org/r/how-to-contribute', 'https://openedx.slack.com/archives/C1L370YTZ', 'https://discuss.openedx.org/c/announcements/17', 'https://www.sphinx-doc.org/en/master/usage/restructuredtext/basics.html', 'https://docs.openedx.org/en/latest/developers/quickstarts/first_openedx_pr.html', 'http://graphviz.org/', 'https://discuss.openedx.org/', 'https://openedx.org/code-of-conduct/', 'https://backstage.openedx.org/catalog/default/component/openedx-proposals', 'https://img.shields.io/badge/License-CC_BY--SA_4.0-lightgrey.svg', 'https://readthedocs.org/projects/openedx-proposals/badge/?version=latest', 'https://img.shields.io/badge/Status-Maintained-brightgreen', 'https://img.shields.io/github/contributors/openedx/openedx-proposals.svg']",True,True,True,True,.readthedocs.yaml,2,False,,,,False,False,,False,,[],,False,False,False,False
openedx/xblocks-extra,,,,,,,5,12,1.0,46,True,2026-08-16,True,True,False,False,0,0,0,0,0,0,0,0,0,0,False,,False,False,True,False,False,True,True,True,True,False,False,False,True,False,False,False,True,False,2026-08-10 20:08:11,True,False,False,False,False,True,False,False,,openedx,0,[],False,"['https://github.com/openedx-unsupported/AudioXBlock', 'https://github.com/openedx/FeedbackXBlock', 'https://github.com/openedx/xblock-free-text-response', 'https://github.com/openedx-unsupported/xblock-image-modal', 'https://github.com/openedx-unsupported/xblock-qualtrics-survey', 'https://github.com/openedx/xblock-sql-grader', 'https://github.com/openedx-unsupported/xblock-submit-and-compare', 'https://github.com/openedx/xblocks-extra.git', 'https://docs.openedx.org/en/latest/developers/concepts/oep58.html', 'https://github.com/openedx/openedx-translations', 'https://openedx.org/contributor-guidelines']",True,True,False,True,.readthedocs.yaml,2,False,,,,False,False,,False,,[],,True,False,True,False
openedx/sample-plugin,,,,,,,3,24,1.0,75,False,2026-08-16,False,False,False,False,0,0,0,0,0,0,0,0,0,0,False,,False,False,True,False,False,False,True,True,False,False,False,False,False,False,False,False,False,False,2026-08-04 13:54:10,True,False,False,False,False,False,False,False,,openedx,0,[],False,"['https://docs.openedx.org/projects/edx-django-utils/en/latest/plugins/how_tos/how_to_create_a_plugin_app.html', 'https://docs.openedx.org/projects/openedx-events/en/latest/', 'https://docs.openedx.org/projects/openedx-filters/en/latest/', 'https://docs.openedx.org/en/latest/site_ops/how-tos/use-frontend-plugin-slots.html', 'https://github.com/openedx/paragon', 'https://docs.tutor.edly.io/', 'https://docs.tutor.edly.io/install.html', 'https://github.com/overhangio/tutor-mfe', 'https://github.com/openedx/openedx-tutor-plugins/tree/main/plugins/tutor-contrib-paragon', 'https://cdn.jsdelivr.net/gh/openedx/sample-plugin@main/brand-sample/dist/light.min.css', 'https://openedx.org/slack', 'https://discuss.openedx.org', 'https://github.com/openedx/sample-plugin/issues']",True,True,False,False,,,False,,,,False,False,,False,,[],,False,False,False,False
openedx/codejail-service,,,,,,,1,5,0.5,21990,True,2026-08-16,False,False,False,False,138,0,0,0,0,58,138,7,8,4,True,,True,True,True,False,True,True,True,True,False,False,False,True,False,True,True,False,True,True,2026-07-30 14:21:53,True,False,True,False,False,True,False,False,,openedx,0,['https://docs.openedx.org/projects/codejail-service: 404'],True,"['https://github.com/openedx/codejail', 'https://docs.openedx.org/en/latest/developers/how-tos/get-ready-for-python-dev.html', 'https://github.com/openedx/codejail-service/issues/3', 'https://discuss.openedx.org', 'https://github.com/openedx/codejail-service/issues', 'https://openedx.org/getting-help', 'https://openedx.org/slack', 'https://openedx.slack.com/', 'https://openedx.org/r/how-to-contribute', 'https://openedx.org/code-of-conduct/', 'https://backstage.openedx.org/catalog/default/component/codejail-service', 'https://github.com/openedx/codejail-service/workflows/Python%20CI/badge.svg', 'https://github.com/openedx/codejail-service/actions', 'https://codecov.io/github/openedx/codejail-service/coverage.svg?branch=main', 'https://codecov.io/github/openedx/codejail-service?branch=main', 'https://readthedocs.org/projects/codejail-service/badge/?version=latest', 'https://img.shields.io/github/license/openedx/codejail-service.svg', 'https://github.com/openedx/codejail-service/blob/main/LICENSE.txt', 'https://img.shields.io/badge/Status-Maintained-brightgreen']",True,True,True,True,.readthedocs.yaml,2,True,,,0,True,True,,False,,[],,True,True,True,False
openedx/openedx-aspects,,,,,,,4,5,1.0,58672,True,2026-08-16,True,True,False,False,0,0,0,0,0,0,0,0,0,0,False,,False,False,True,False,False,True,True,True,True,False,False,False,True,False,False,False,False,False,2026-08-13 17:34:07,True,False,False,False,False,False,False,False,,openedx,0,[],False,"['https://docs.astral.sh/uv/', 'https://astral.sh/uv/install.sh', 'https://github.com/orgs/openedx/projects/5/views/1', 'https://docs.openedx.org/projects/openedx-aspects', 'https://github.com/openedx/tutor-contrib-aspects']",True,True,False,True,.readthedocs.yaml,2,False,,,,False,False,,False,,[],,False,False,False,False
openedx/training-courses,,,,,,,1,0,1.0,23984,False,2026-08-16,False,False,False,False,0,0,0,0,0,0,0,0,0,0,False,,False,False,False,False,False,True,True,True,False,False,False,False,False,False,False,False,False,False,2026-05-19 13:23:02,True,False,False,False,False,False,False,False,,openedx,0,[],False,"['https://creativecommons.org/licenses/by-sa/4.0/', 'http://creativecommons.org/licenses/by-nc-sa/3.0/us/']",True,True,False,False,,,False,,,,False,False,,False,,[],,False,False,False,False
openedx/frontend-app-communications,,,,,,,1,5,1.0,1743,False,2026-08-16,False,False,False,False,39,0,0,29,10,0,0,0,0,0,False,,False,False,True,False,False,True,True,True,False,False,True,False,False,False,False,False,False,False,2026-08-10 17:39:12,True,False,False,False,False,False,False,False,@edx/frontend-app-communications,openedx,0,"['https://openedx.slack.com/archives/C04BM6YC7A6: 429', 'https://open-edx-backstage.herokuapp.com/catalog/default/component/frontend-app-communications: 404']",False,"['https://github.com/overhangio/tutor', 'https://github.com/overhangio/tutor-mfe?tab=readme-ov-file', 'https://github.com/edx/frontend-app-communications.git', 'https://github.com/nvm-sh/nvm', 'https://github.com/openedx/frontend-plugin-framework', 'https://github.com/openedx/frontend-platform/blob/master/docs/how_tos/i18n.rst', 'https://discuss.openedx.org', 'https://github.com/openedx/frontend-app-communications/issues', 'https://openedx.org/slack', 'https://openedx.slack.com/', 'https://openedx.org/community/connect', 'https://openedx.org/r/how-to-contribute', 'https://openedx.org/code-of-conduct/', 'https://img.shields.io/github/license/openedx/frontend-app-communications.svg', 'https://github.com/openedx/frontend-app-communications/blob/master/LICENSE', 'https://img.shields.io/badge/Status-Maintained-brightgreen', 'https://github.com/openedx/frontend-app-communications/actions/workflows/ci.yml/badge.svg', 'https://github.com/openedx/frontend-app-communications/actions/workflows/ci.yml', 'https://codecov.io/github/openedx/frontend-app-communications/coverage.svg?branch=master', 'https://codecov.io/github/openedx/frontend-app-communications?branch=master']",True,True,True,False,,,True,2022-12-12,,0,False,False,,False,,[],,False,False,False,False
openedx/edx-bootstrap,,,,,,,1,1,1.0,51384,False,2026-08-16,False,False,False,False,19,0,0,1,18,0,0,0,0,0,False,,False,False,True,False,False,False,True,True,False,False,True,False,False,False,False,False,False,False,2026-08-11 23:41:11,True,False,False,False,False,False,False,False,@edx/edx-bootstrap,openedx,0,['https://badge.fury.io/js/%40edx%2Fedx-bootstrap: 403'],False,"['https://badge.fury.io/js/%40edx%2Fedx-bootstrap.svg', 'http://getbootstrap.com', 'https://github.com/openedx/edx-bootstrap.git', 'https://github.com/nvm-sh/nvm', 'https://openedx.slack.com/messages/C0EUBSV7D', 'https://openedx.slack.com/messages/C02BMP2RD5Y', 'https://github.com/openedx/edx-bootstrap/blob/master/LICENSE', 'https://open.edx.org/wp-content/uploads/2019/01/individual-contributor-agreement.pdf', 'https://github.com/openedx/.github/blob/master/CONTRIBUTING.md']",True,True,True,False,,,True,2026-04-06,2023-05-15,5,False,False,,False,,[],,False,False,False,False
openedx/edx-search,,,,,,,2,5,0.8333,7,True,2026-08-16,False,False,False,False,97,0,0,0,0,61,97,6,7,5,False,,True,False,True,False,False,True,True,True,False,True,False,True,False,True,False,True,True,False,2026-08-13 21:04:21,True,False,True,False,True,True,False,False,,openedx,2,['https://coveralls.io/github/edx/edx-search?branch=master: 403'],False,"['https://github.com/openedx/edx-search/workflows/Python%20CI/badge.svg?branch=master', 'https://github.com/openedx/edx-search/actions?query=workflow%3A%22Python+CI%22', 'https://coveralls.io/repos/edx/edx-search/badge.svg?branch=master&service=github', 'https://docs.openedx.org/en/latest/site_ops/how-tos/use_typesense_search_backend.html', 'https://github.com/typesense/typesense-python']",True,True,False,False,,,False,,,,False,True,,True,edx-search,"['3', '3.12']",https://github.com/openedx/edx-search,True,True,True,False
openedx/event-routing-backends,,,,,,,3,4,0.9048,115699,True,2026-08-16,True,True,False,False,147,0,0,0,0,64,147,12,15,8,True,,True,True,True,True,True,True,True,True,True,True,False,True,False,True,True,True,True,False,2026-08-12 05:32:12,True,True,True,False,False,True,False,False,,openedx,0,[],True,"['https://github.com/openedx/event-tracking', 'https://open-edx-proposals.readthedocs.io/en/latest/oep-0026-arch-realtime-events.html', 'https://event-routing-backends.readthedocs.io/en/latest/', 'https://github.com/openedx/.github/blob/master/CONTRIBUTING.md', 'https://discuss.openedx.org', 'https://openedx.org/getting-help', 'https://openedx.org/slack', 'https://openedx.slack.com/', 'https://img.shields.io/pypi/v/event-routing-backends.svg', 'https://pypi.python.org/pypi/event-routing-backends/', 'https://github.com/openedx/event-routing-backends/workflows/Python%20CI/badge.svg?branch=master', 'https://github.com/openedx/event-routing-backends/actions?query=workflow%3A%22Python+CI%22', 'https://codecov.io/github/edx/event-routing-backends/coverage.svg?branch=master', 'https://codecov.io/github/edx/event-routing-backends?branch=master', 'https://readthedocs.org/projects/event-routing-backends/badge/?version=latest', 'https://img.shields.io/pypi/pyversions/event-routing-backends.svg', 'https://img.shields.io/github/license/edx/event-routing-backends.svg', 'https://github.com/openedx/event-routing-backends/blob/master/LICENSE.txt']",True,True,True,True,.readthedocs.yaml,2,False,,,,True,True,,True,edx-event-routing-backends,"['3', '3.12']",https://github.com/openedx/event-routing-backends,True,True,True,False
openedx/frontend-app-learner-record,,,,,,,5,5,0.625,86,False,2026-08-16,True,True,False,False,38,0,0,29,9,0,0,0,0,0,False,,False,False,True,False,False,True,True,True,True,False,True,False,False,False,False,False,False,False,2026-08-10 17:18:02,True,False,False,False,False,True,False,False,@edx/frontend-app-learner-record,openedx,0,"['https://en.wikipedia.org/wiki/Verifiable_credentials: 403', 'https://open-edx-backstage.herokuapp.com/catalog/default/component/: 404', 'https://travis-ci.com/edx/frontend-app-learner-record: 404']",True,"['https://www.edx.org', 'https://github.com/openedx/frontend-plugin-framework', 'https://edx-credentials.readthedocs.io/en/latest/learner_records.html', 'https://github.com/edx/frontend-template-application/blob/master/docs/decisions/0002-feature-based-application-organization.rst', 'https://openedx.atlassian.net/wiki/spaces/FEDX/pages/2629829454/Micro+Frontend+MFE+Onboarding', 'https://discuss.openedx.org', 'https://github.com/openedx/frontend-app-learner-record/issues', 'https://openedx.org/slack', 'https://openedx.slack.com/', 'https://openedx.org/getting-help', 'https://openedx.org/r/how-to-contribute', 'https://openedx.org/code-of-conduct/', 'https://api.travis-ci.com/edx/frontend-app-learner-record.svg?branch=master', 'https://codecov.io/gh/edx/frontend-app-learner-record/branch/master/graph/badge.svg', 'https://codecov.io/gh/edx/frontend-app-learner-record', 'https://img.shields.io/npm/l/@edx/frontend-app-learner-record.svg', 'https://github.com/openedx/frontend-app-learner-record/blob/master/LICENSE']",True,True,True,False,,,True,2026-04-06,2024-10-28,3,False,False,,False,,[],,False,False,False,False
openedx/staff-graded-xblock,,,,,,,4,2,0.8261,1260060,True,2026-08-16,True,True,False,False,99,0,0,0,0,56,99,12,16,10,False,,False,False,True,False,True,True,True,True,True,True,False,True,False,True,False,True,True,False,2026-08-10 20:07:41,True,False,True,False,True,True,True,True,,openedx,3,"['https://django-statici18n.readthedocs.io/en/latest/: 404', 'https://www.gnu.org/software/gettext/manual/html_node/PO-Files.html: HTTPSConnectionPool(host=\'www.gnu.org\', port=443): Max retries exceeded with url: /software/gettext/manual/html_node/PO-Files.html (Caused by NewConnectionError(""HTTPSConnection(host=\'www.gnu.org\', port=443): Failed to establish a new connection: [Errno 101] Network is unreachable""))']",False,"['https://docs.openedx.org/projects/xblock/en/latest/xblock-tutorial/edx_platform/edx_lms.html', 'https://docs.openedx.org/en/latest/developers/references/developer_guide/internationalization/i18n.html', 'https://github.com/openedx/i18n-tools', 'https://docs.djangoproject.com/en/1.11/topics/i18n/translation/', 'https://docs.transifex.com/integrations/django']",True,True,False,False,,,False,,,,True,True,,True,staff-graded-xblock,"['3', '3.12']",https://github.com/openedx/staff_graded-xblock,True,True,True,False
openedx/xblock-free-text-response,,,,,,,0,0,0.0,6,True,2026-08-16,True,True,False,False,81,0,0,0,3,16,78,5,5,4,False,,True,False,True,False,False,True,True,True,True,True,True,True,False,True,False,True,True,False,2026-05-15 04:57:19,True,False,True,False,False,True,False,False,,openedx,7,['https://coveralls.io/github/Stanford-Online/xblock-free-text-response?branch=master: 403'],False,"['https://coveralls.io/repos/github/Stanford-Online/xblock-free-text-response/badge.svg?branch=master', 'https://github.com/openedx/xblock-free-text-response/workflows/Python%20CI/badge.svg?branch=master', 'https://github.com/openedx/xblock-free-text-response/actions?query=workflow%3A%22Python+CI%22']",True,True,False,False,,,True,,,0,True,False,,True,xblock-free-text-response,"['3', '3.11', '3.12']",https://github.com/Stanford-Online/xblock-free-text-response,True,True,True,False
openedx/acid-block,,,,,,,3,0,0.5909,783420,True,2026-08-16,True,True,False,False,45,0,0,0,0,14,45,4,4,3,False,,False,False,True,False,False,True,True,True,True,True,False,True,False,True,False,True,False,False,2026-08-10 20:09:17,True,False,True,False,True,True,False,True,,openedx,2,[],False,[],True,True,False,False,,,False,,,,False,True,,True,acid-xblock,"['3', '3.11', '3.12']",https://github.com/openedx/acid-block,False,False,False,False
openedx/tutor-contrib-aspects,,,,,,,11,11,0.92,51391,True,2026-08-16,True,True,False,False,83,0,0,0,0,46,83,0,0,0,False,,False,False,True,False,False,True,True,True,True,False,False,False,True,True,True,True,False,False,2026-08-14 19:01:26,True,False,False,False,False,True,False,False,,openedx,4,[],False,"['https://docs.tutor.overhang.io', 'https://clickhouse.com', 'https://superset.apache.org', 'https://openfun.github.io/ralph/', 'https://vector.dev', 'https://event-routing-backends.readthedocs.io/en/latest/', 'https://www.getdbt.com', 'https://github.com/openedx/aspects-dbt', 'https://docs.openedx.org/projects/openedx-aspects/en/latest/technical_documentation/concepts/aspects_overview.html', 'https://docs.openedx.org/projects/openedx-aspects/en/latest/technical_documentation/how-tos/02_upgrade.html', 'https://docs.tutor.overhang.io/install.html', 'https://docs.tutor.edly.io/gettingstarted/whatsnext.html', 'https://github.com/eduNEXT/tutor-contrib-pod-autoscaling', 'https://pypi.org', 'https://openedx.atlassian.net/wiki/spaces/COMM/pages/3861512203/Aspects+Beta', 'https://superset.apache.org/docs', 'https://www.getdbt.com/docs/', 'https://vector.dev/docs/', 'https://github.com/openedx/frontend-plugin-aspects', 'https://docs.openedx.org/projects/openedx-aspects/en/latest/technical_documentation/how-tos/aspects_production_configuration.html', 'https://docs.openedx.org/projects/openedx-aspects/en/latest/reference/in_context_dashboards.html']",True,True,False,False,,,False,,,,False,False,"{
        ""Code"": ""https://github.com/openedx/tutor-contrib-aspects"",
        ""Issue tracker"": ""https://github.com/openedx/tutor-contrib-aspects/issues"",
    }",True,tutor-contrib-aspects,"['3.11', '3.12']",https://github.com/openedx/tutor-contrib-aspects,False,False,False,False
openedx/openedx-app-firebase-analytics-ios,,,,,,,2,0,1.0,24505,False,2026-08-16,False,False,False,False,0,0,0,0,0,0,0,0,0,0,False,,False,False,True,False,False,False,True,True,False,False,False,False,False,False,False,False,False,False,2026-07-30 14:21:50,True,False,False,False,False,False,False,False,,openedx,0,"['https://github.com/user-attachments/assets/fdd60f8b-bd61-4c3d-b97f-4b28323ec369: 403', 'https://github.com/user-attachments/assets/ef7b07a5-9fdf-4bbe-b47f-ba328a6faafb: 403']",False,"['https://github.com/openedx/openedx-app-firebase-analytics-ios', 'https://firebase.google.com/docs/ios/setup']",True,True,False,False,,,False,,,,False,False,,False,,[],,False,False,False,False
openedx/django-require,,,,,,,1,0,1.0,13630,False,2026-08-16,True,True,False,False,0,0,0,0,0,0,0,0,0,0,False,,True,False,True,False,False,False,True,True,True,False,False,False,False,False,False,True,True,False,2026-05-30 14:54:07,True,False,False,False,False,False,False,False,,openedx,0,"['http://twitter.com/etianen: 520', 'http://www.google.com/profiles/david.etianen: 404']",False,"['https://img.shields.io/pypi/v/openedx-django-require.svg', 'https://pypi.python.org/project/openedx-django-require/', 'https://github.com/openedx/django-require/workflows/Python%20CI/badge.svg?branch=main', 'https://github.com/openedx/django-require/actions', 'https://codecov.io/github/openedx/django-require/coverage.svg?branch=main', 'https://codecov.io/github/openedx/django-require?branch=main', 'http://requirejs.org/', 'https://github.com/openedx/edx-platform', 'https://github.com/edx/django-require', 'https://github.com/vtemian/django-require', 'https://github.com/etianen/django-require', 'https://github.com/openedx/django-require/releases/tag/final-bsd-3c-contribution', 'https://openedx.org/r/how-to-contribute', 'https://openedx.org/code-of-conduct/', 'https://backstage.openedx.org/catalog/default/component/django-require', 'https://github.com/requirejs/almond', 'http://django-storages.readthedocs.org/en/latest/', 'https://github.com/etianen/django-require-s3', 'https://github.com/collab-project/django-require-license', 'http://github.com/etianen/django-require', 'http://groups.google.com/group/django-require', 'http://www.etianen.com/']",True,True,True,False,,,False,,,,False,False,,True,openedx-django-require,"['3.11', '3.12']",https://github.com/etianen/django-require,True,False,True,False
openedx/xblocks-core,,,,,,,7,29,0.7333,7,True,2026-08-16,True,True,False,False,0,0,0,0,0,0,0,0,0,0,False,,False,True,True,False,False,True,True,True,True,False,True,False,True,False,False,False,True,False,2026-08-13 18:59:21,True,False,False,False,False,True,False,False,,openedx,0,"['https://www.gnu.org/software/gettext/manual/html_node/PO-Files.html: HTTPSConnectionPool(host=\'www.gnu.org\', port=443): Max retries exceeded with url: /software/gettext/manual/html_node/PO-Files.html (Caused by NewConnectionError(""HTTPSConnection(host=\'www.gnu.org\', port=443): Failed to establish a new connection: [Errno 101] Network is unreachable""))']",False,"['https://github.com/openedx/xblocks-extra', 'https://github.com/openedx/edx-ora2', 'https://docs.astral.sh/uv/', 'https://docs.astral.sh/uv/getting-started/installation/', 'https://docs.openedx.org/projects/xblock/en/latest/xblock-tutorial/edx_platform/edx_lms.html', 'https://github.com/openedx/i18n-tools', 'https://docs.openedx.org/en/latest/developers/references/developer_guide/internationalization/i18n.html', 'https://github.com/openedx/openedx-translations', 'https://docs.openedx.org/en/latest/developers/concepts/oep58.html', 'https://developers.transifex.com/docs/cli', 'https://docs.djangoproject.com/en/5.2/topics/i18n/translation/']",True,True,False,True,.readthedocs.yaml,2,True,2026-04-01,,0,False,False,,False,,[],,True,True,True,False
openedx/enterprise-subsidy,,,,,,,2,0,0.8182,1530584,True,2026-08-16,True,True,False,False,178,0,0,0,0,92,178,20,28,15,False,,True,True,True,True,True,True,True,True,True,True,False,True,False,True,True,False,True,True,2026-08-11 11:09:25,True,True,True,False,False,True,False,False,,openedx,3,"['https://openedx.slack.com/: 403', 'https://open-edx-backstage.herokuapp.com/catalog/default/component/enterprise-subsidy: 404']",True,"['https://github.com/openedx/enterprise-subsidy/tree/main/docs/decisions', 'https://github.com/openedx/enterprise-subsidy/tree/main/docs/caching.rst', 'https://discuss.openedx.org', 'https://github.com/openedx/enterprise-subsidy/issues', 'https://openedx.org/slack', 'https://openedx.org/getting-help', 'https://openedx.org/r/how-to-contribute', 'https://openedx.org/code-of-conduct/', 'https://github.com/openedx/enterprise-subsidy/workflows/Python%20CI/badge.svg?branch=main', 'https://github.com/openedx/enterprise-subsidy/actions', 'https://codecov.io/github/openedx/enterprise-subsidy/coverage.svg?branch=main', 'https://codecov.io/github/openedx/enterprise-subsidy?branch=main', 'https://img.shields.io/github/license/openedx/enterprise-subsidy.svg', 'https://github.com/openedx/enterprise-subsidy/blob/main/LICENSE.txt', 'https://img.shields.io/badge/Status-Maintained-brightgreen']",True,True,True,True,.readthedocs.yaml,2,True,,,0,True,True,,False,,[],,True,True,True,False
openedx/ccx-keys,,,,,,,1,0,0.25,12881,True,2026-08-16,True,True,False,False,49,0,0,0,0,6,49,3,3,2,False,,True,False,True,False,False,True,True,True,True,True,False,True,False,True,False,True,True,False,2026-05-30 13:49:33,True,True,True,False,False,True,False,False,,openedx,2,"['https://github.com/openedx/ccx-keys/actions/workflows/ci.yaml/badge.svg: 404', 'https://coveralls.io/r/edx/ccx-keys: 403']",False,"['http://code.edx.org/', 'https://github.com/edx/jenkins-job-dsl/actions/workflows/ci.yml', 'https://coveralls.io/repos/edx/ccx-keys/badge.svg', 'https://github.com/openedx/opaque-keys', 'http://opaque-keys.readthedocs.org/en/latest/', 'https://github.com/openedx/edx-platform/wiki/Opaque-Keys']",True,True,False,False,,,False,,,,False,True,,True,edx-ccx-keys,"['3', '3.12']",https://github.com/openedx/ccx-keys,False,True,True,False
openedx/openedx-app-firebase-analytics-android,,,,,,,2,0,1.0,24514,False,2026-08-16,False,False,False,False,0,0,0,0,0,0,0,0,0,0,False,,False,False,True,False,False,False,True,True,False,False,False,False,False,False,False,False,False,False,2026-07-30 14:21:51,True,False,False,False,False,False,False,False,,openedx,0,[],False,['https://jitpack.io'],True,True,False,False,,,False,,,,False,False,,False,,[],,False,False,False,False
openedx/edx-django-utils,,,,,,,4,1,0.8,643834,True,2026-08-16,True,True,False,False,122,0,0,0,0,11,122,6,8,3,True,,True,False,True,False,True,True,True,True,True,True,False,True,False,True,True,True,True,True,2026-08-10 20:56:35,True,True,True,False,False,True,False,False,,openedx,3,['https://openedx.slack.com/: 403'],True,"['https://edx-django-utils.readthedocs.org', 'https://docs.openedx.org/en/latest/developers/how-tos/get-ready-for-python-dev.html', 'https://discuss.openedx.org', 'https://github.com/openedx/django-config-models/issues', 'https://openedx.org/slack', 'https://openedx.org/getting-help', 'https://github.com/openedx/.github/blob/master/CONTRIBUTING.md', 'https://github.com/openedx/edx-django-utils/blob/master/.github/PULL_REQUEST_TEMPLATE.md', 'https://github.com/openedx/edx-django-utils/blob/master/.github/ISSUE_TEMPLATE.md', 'https://openedx.org/code-of-conduct/', 'https://backstage.openedx.org/catalog/default/component/edx-django-utils', 'https://img.shields.io/pypi/v/edx-django-utils.svg', 'https://pypi.python.org/pypi/edx-django-utils/', 'https://github.com/openedx/edx-django-utils/workflows/Python%20CI/badge.svg?branch=master', 'https://github.com/openedx/edx-django-utils/actions?query=workflow%3A%22Python+CI%22', 'http://codecov.io/github/edx/edx-django-utils/coverage.svg?branch=master', 'http://codecov.io/github/edx/edx-django-utils?branch=master', 'https://readthedocs.org/projects/edx-django-utils/badge/?version=latest', 'http://edx-django-utils.readthedocs.io/en/latest/', 'https://img.shields.io/pypi/pyversions/edx-django-utils.svg', 'https://img.shields.io/github/license/edx/edx-django-utils.svg', 'https://github.com/openedx/edx-django-utils/blob/master/LICENSE.txt', 'https://img.shields.io/badge/Status-Maintained-brightgreen']",True,True,True,True,.readthedocs.yaml,2,False,,,,True,True,,True,edx-django-utils,"['3', '3.12']",https://github.com/openedx/edx-django-utils,True,True,True,False
openedx/frontend-components-tinymce-advanced-plugins,,,,,,,2,0,1.0,24743,False,2026-08-16,False,False,False,False,7,0,0,1,6,0,0,0,0,0,False,,False,False,True,False,False,True,True,True,False,False,True,False,False,False,False,False,False,False,2026-05-19 11:22:23,True,False,False,False,False,True,False,False,,openedx,0,"['https://www.npmjs.com/package/frontend-components-tinymce-advanced-plugins: 403', 'https://github.com/frontend-components-tinymce-advanced-plugins/blob/master/LICENSE: 404']",False,"['https://img.shields.io/npm/v/frontend-components-tinymce-advanced-plugins.svg', 'https://img.shields.io/npm/dt/frontend-components-tinymce-advanced-plugins.svg', 'https://img.shields.io/npm/l/frontend-components-tinymce-advanced-plugins.svg']",True,True,False,False,,,True,2026-03-30,,0,False,False,,False,,[],,False,False,False,False
openedx/frontend-build,,,,,,,3,12,0.7907,76,False,2026-08-16,False,False,False,False,73,0,0,70,3,0,0,0,0,0,False,,False,False,True,False,False,False,True,True,False,True,True,False,False,False,False,False,False,False,2026-08-10 23:26:50,True,False,False,False,False,False,False,False,,openedx,0,['https://travis-ci.com/edx/frontend-build: 404'],False,"['https://api.travis-ci.com/edx/frontend-build.svg?branch=master', 'https://img.shields.io/npm/v/@openedx/frontend-build.svg', 'https://img.shields.io/codecov/c/github/edx/frontend-build', 'https://codecov.io/gh/edx/frontend-build', 'https://img.shields.io/npm/l/@openedx/frontend-build.svg', 'https://github.com/edx-unsupported/frontend-base/blob/master/LICENSE', 'https://github.com/openedx/frontend-build.git', 'https://github.com/nvm-sh/nvm', 'https://github.com/openedx/devstack/tree/master/docs/decisions/0005-frontend-package-mounts.rst', 'https://webpack.js.org/configuration/resolve/', 'https://openedx.org/r/how-to-contribute', 'https://discuss.openedx.org', 'https://openedx.org/slack', 'https://openedx.slack.com/', 'https://openedx.slack.com/archives/C04BM6YC7A6', 'https://github.com/openedx/frontend-build/issues', 'https://openedx.org/community/connect', 'https://developer.chrome.com/docs/lighthouse/overview/', 'https://github.com/openedx/wg-frontend/issues/138']",True,True,True,False,,,True,2026-03-27,2026-01-31,1,False,False,,False,,[],,False,False,False,False
openedx/i18n-tools,,,,,,,3,1,0.8,99,True,2026-08-16,True,True,False,False,54,0,0,0,0,8,54,2,2,1,False,,True,False,True,False,False,True,True,True,True,True,False,True,False,True,True,True,True,False,2026-08-10 20:08:22,True,False,True,False,True,True,False,True,,openedx,3,"['https://travis-ci.com/edx/i18n-tools: 404', 'https://coveralls.io/r/edx/i18n-tools: 403']",False,"['https://www.transifex.com/', 'https://www.transifex.com', 'https://github.com/openedx/edx-platform/blob/master/conf/locale/config.yaml', 'https://travis-ci.com/edx/i18n-tools.svg?branch=master', 'https://coveralls.io/repos/edx/i18n-tools/badge.png']",True,True,False,False,,,False,,,,False,True,,True,edx-i18n-tools,['3.12'],https://github.com/openedx/i18n-tools,True,True,True,False
openedx/frontend-base,,,,,,,1,46,0.4286,486,False,2026-08-16,False,False,False,False,97,0,0,81,16,0,0,0,0,0,False,,False,False,True,False,False,True,True,True,False,False,True,False,False,False,False,False,False,False,2026-08-14 14:33:13,True,False,False,False,False,False,False,False,,openedx,0,"['http://apps.local.openedx.io: HTTPConnectionPool(host=\'apps.local.openedx.io\', port=80): Max retries exceeded with url: / (Caused by NewConnectionError(""HTTPConnection(host=\'apps.local.openedx.io\', port=80): Failed to establish a new connection: [Errno 111] Connection refused""))', 'https://open-edx-proposals.readthedocs.io/en/latest/processes/oep-0010/decisions/0002-frontend-release-branches.html: 404']",False,"['https://open-edx-proposals.readthedocs.io/en/latest/architectural-decisions/oep-0065-arch-frontend-composability.html', 'https://github.com/openedx/frontend-build', 'https://github.com/openedx/frontend-platform', 'https://github.com/openedx/frontend-plugin-framework', 'https://github.com/openedx/frontend-component-header', 'https://github.com/openedx/frontend-component-footer', 'https://github.com/openedx/frontend-template-site/blob/main/package.json', 'https://docs.npmjs.com/cli/using-npm/workspaces', 'https://github.com/openedx/frontend-template-site', 'https://open-edx-proposals.readthedocs.io/en/latest/architectural-decisions/oep-0065/decisions/0001-unified-platform-repository.html', 'https://github.com/orgs/openedx/projects/65/views/1', 'https://openedx.slack.com/archives/C04BM6YC7A6']",True,True,False,False,,,True,2026-04-21,2025-04-25,1,False,False,,False,,[],,False,False,False,False
openedx/edx-ace,,,,,,,1,0,1.0,25454,True,2026-08-16,False,False,False,False,146,0,0,0,0,107,146,6,8,4,True,,True,False,True,False,True,True,True,True,False,True,False,True,False,True,True,True,True,True,2026-05-30 15:07:05,True,True,True,False,False,True,False,False,,openedx,0,"['https://open-edx-backstage.herokuapp.com/catalog/default/component/edx-ace: 404', 'https://travis-ci.com/edx/edx-ace: 404', 'https://www.gnu.org/licenses/agpl-3.0: HTTPSConnectionPool(host=\'www.gnu.org\', port=443): Max retries exceeded with url: /licenses/agpl-3.0 (Caused by NewConnectionError(""HTTPSConnection(host=\'www.gnu.org\', port=443): Failed to establish a new connection: [Errno 101] Network is unreachable""))']",True,"['https://edx-ace.readthedocs.io/en/latest/', 'https://github.com/openedx/edx-ace/blob/master/docs/getting_started.rst', 'https://discuss.openedx.org', 'https://github.com/openedx/edx-ace/issues', 'https://openedx.org/slack', 'https://openedx.slack.com/', 'https://openedx.org/getting-help', 'https://openedx.org/r/how-to-contribute', 'https://github.com/openedx/edx-ace/blob/master/.github/PULL_REQUEST_TEMPLATE.md', 'https://github.com/openedx/edx-ace/blob/master/.github/ISSUE_TEMPLATE.md', 'https://openedx.org/code-of-conduct/', 'https://img.shields.io/pypi/v/edx-ace.svg', 'https://pypi.python.org/pypi/edx-ace/', 'https://travis-ci.com/edx/edx-ace.svg?branch=master', 'http://codecov.io/github/edx/edx-ace/coverage.svg?branch=master', 'http://codecov.io/github/edx/edx-ace?branch=master', 'https://readthedocs.org/projects/edx-ace/badge/?version=latest', 'http://edx-ace.readthedocs.io/en/latest/', 'https://img.shields.io/pypi/pyversions/edx-ace.svg', 'https://img.shields.io/github/license/edx/edx-ace.svg', 'https://github.com/openedx/edx-ace/blob/master/LICENSE.txt', 'https://img.shields.io/badge/License-AGPL_v3-blue.svg', 'https://github.com/openedx/edx-ace/actions/workflows/ci.yml/badge.svg', 'https://github.com/openedx/edx-ace/actions/workflows/ci.yml', 'https://github.com/openedx/edx-ace/actions/workflows/pypi-publish.yml/badge.svg', 'https://github.com/openedx/edx-ace/actions/workflows/pypi-release.yml', 'https://img.shields.io/badge/Status-Maintained-brightgreen']",True,True,True,False,,,False,,,,True,True,,True,edx-ace,"['3', '3.12']",https://github.com/openedx/edx-ace,True,True,True,False
openedx/pytest-repo-health,,,,,,,4,2,0.9,1421453,True,2026-08-16,True,True,False,False,88,0,0,0,0,21,88,2,2,1,False,,False,False,True,False,True,True,True,True,True,True,False,True,False,True,False,True,True,False,2026-08-10 20:09:28,True,True,True,False,False,True,False,False,,openedx,0,"['https://ci.appveyor.com/api/projects/status/github/edx/pytest-repo-health?branch=master: 405', 'https://github.com/openedx/pytest-repo-health/blob/master/.github/PULL_REQUEST_TEMPLATE.md: 404', 'https://github.com/openedx/pytest-repo-health/blob/master/.github/ISSUE_TEMPLATE.md: 404', 'http://www.gnu.org/licenses/gpl-3.0.txt: HTTPConnectionPool(host=\'www.gnu.org\', port=80): Max retries exceeded with url: /licenses/gpl-3.0.txt (Caused by NewConnectionError(""HTTPConnection(host=\'www.gnu.org\', port=80): Failed to establish a new connection: [Errno 101] Network is unreachable""))', 'https://pypi.org/project: 404']",True,"['https://img.shields.io/pypi/v/pytest-repo-health.svg', 'https://pypi.org/project/pytest-repo-health', 'https://img.shields.io/pypi/pyversions/pytest-repo-health.svg', 'https://github.com/openedx/pytest-repo-health/workflows/Python%20CI/badge.svg?branch=master', 'https://github.com/openedx/pytest-repo-health/actions?query=workflow%3A%22Python+CI%22', 'https://ci.appveyor.com/project/edx/pytest-repo-health/branch/master', 'https://github.com/openedx/.github/blob/master/CONTRIBUTING.md', 'https://open.edx.org/getting-help', 'https://github.com/openedx/edx-repo-health', 'https://github.com/audreyr/cookiecutter', 'https://github.com/hackebrot', 'http://opensource.org/licenses/BSD-3-Clause', 'http://www.apache.org/licenses/LICENSE-2.0', 'https://github.com/pytest-dev/cookiecutter-pytest-plugin', 'https://github.com/openedx/pytest-repo-health/issues', 'https://github.com/pytest-dev/pytest', 'https://tox.readthedocs.io/en/latest/', 'https://pypi.org/project/pip/']",True,True,True,False,,,False,,,,False,True,,True,pytest-repo-health,"['3', '3.12']",https://github.com/edX/pytest-repo-health,True,True,True,False
openedx/tinymce-language-selector,,,,,,,3,0,1.0,50710,False,2026-08-16,True,True,False,False,0,0,0,0,0,0,0,0,0,0,False,,False,False,True,False,False,False,True,True,True,False,True,False,False,False,False,False,False,False,2026-07-27 14:41:00,True,False,False,False,False,False,False,False,@edx/tinymce-language-selector,openedx,0,[],False,['https://github.com/semantic-release/semantic-release'],True,True,False,False,,,True,,,0,False,False,,False,,[],,False,False,False,False
openedx/credentials-themes,,,,,,,4,5,1.0,641934,True,2026-08-16,True,True,False,False,16,0,0,0,16,0,0,0,0,0,False,,False,False,True,False,False,True,True,True,True,True,True,False,True,False,False,False,True,True,2026-08-13 15:46:03,True,False,False,False,False,True,False,False,,openedx,0,[],False,['https://docs.Djangoproject.com/en/1.11/topics/i18n/translation/'],True,True,False,False,,,True,2026-04-10,2026-01-19,2,False,False,,False,,[],,True,False,True,False
openedx/frontend-dev-utils,,,,,,,2,1,1.0,24732,False,2026-08-16,False,False,False,False,3,0,0,3,0,0,0,0,0,0,False,,False,False,True,False,False,False,True,True,False,False,True,False,False,False,False,False,False,False,2026-05-30 15:25:12,True,False,False,False,False,False,False,False,,openedx,0,[],False,['https://github.com/openedx/frontend-base/'],True,True,False,False,,,False,,,,False,False,,False,,[],,False,False,False,False
openedx/edx-proctoring,,,,,,,1,1,0.8462,12629,True,2026-08-16,False,False,False,False,158,0,0,0,17,73,141,16,23,11,False,,True,False,True,True,True,True,True,True,False,True,True,True,False,True,True,True,True,True,2026-07-28 15:57:04,True,True,True,True,True,True,True,True,@edx/edx-proctoring,openedx,6,['https://docs.openedx.org/en/latest/educators/concepts/proctored_exams/proctored_exams_overview.html: 404'],True,"['https://img.shields.io/pypi/v/edx-proctoring.svg', 'https://pypi.python.org/pypi/edx-proctoring/', 'https://github.com/openedx/edx-proctoring/workflows/Python%20CI/badge.svg', 'https://github.com/openedx/edx-proctoring/actions?query=workflow%3A%22Python+CI%22', 'https://codecov.io/gh/edx/edx-proctoring/branch/master/graph/badge.svg', 'https://codecov.io/gh/edx/edx-proctoring', 'https://img.shields.io/pypi/pyversions/edx-proctoring.svg', 'https://img.shields.io/github/license/edx/django-component-views.svg', 'https://github.com/openedx/edx-proctoring/blob/master/LICENSE.txt', 'https://github.com/openedx/.github/blob/master/CONTRIBUTING.md', 'https://open.edx.org/getting-help']",True,True,True,False,,,True,,,0,True,True,,True,edx-proctoring,['3.12'],https://github.com/openedx/edx-proctoring,True,True,True,False
openedx/course-discovery,,,,,,,1,5,0.7857,2007,True,2026-08-16,False,False,False,False,289,0,354,16,1,186,272,37,57,28,False,,True,False,True,False,False,True,True,True,False,False,True,True,False,True,False,False,True,True,2026-08-14 19:33:38,True,False,True,False,False,True,False,False,,openedx,20,"['https://github.com/openedx/course-discovery/blob/master/pytest=no-xdist.ini: 404', 'https://github.com/openedx/course-discovery/workflows/Python%20CI/badge.svg?branch=master: 404']",True,"['https://django-elasticsearch-dsl.readthedocs.io/en/latest/management.html', 'https://github.com/pytest-dev/pytest-xdist', 'https://docs.python.org/3/library/pdb.html', 'https://github.com/openedx/course-discovery/blob/master/pytest.ini', 'https://github.com/pytest-dev/pytest/issues/390', 'https://edx-discovery.readthedocs.io/en/latest/', 'https://github.com/openedx/course-discovery/tree/master/docs', 'https://github.com/openedx/course-discovery/blob/master/LICENSE', 'https://openedx.org/r/how-to-contribute', 'https://openedx.org/code-of-conduct/', 'https://discuss.openedx.org', 'https://github.com/openedx/course-discovery/issues', 'https://openedx.org/slack', 'https://openedx.slack.com/', 'https://openedx.org/getting-help', 'https://github.com/openedx/devstack', 'https://github.com/openedx/course-discovery/actions?query=workflow%3A%22Python+CI%22', 'https://codecov.io/github/openedx/course-discovery/coverage.svg?branch=master', 'https://codecov.io/github/openedx/course-discovery?branch=master', 'https://img.shields.io/badge/Status-Maintained-brightgreen', 'https://img.shields.io/github/license/openedx/course-discovery.svg']",True,True,True,False,,,True,2026-04-08,2024-09-09,7,True,True,,False,,[],,True,False,True,False
openedx/xblock-skill-tagging,,,,,,,3,2,0.875,1534530,True,2026-08-16,True,True,False,False,133,0,0,0,0,34,133,10,12,7,True,,True,True,True,True,True,True,True,True,True,False,False,True,False,True,True,True,True,False,2026-08-10 20:09:11,True,True,True,False,False,True,False,False,,openedx,0,"['http://edx.devstack.discovery: HTTPConnectionPool(host=\'edx.devstack.discovery\', port=80): Max retries exceeded with url: / (Caused by NameResolutionError(""HTTPConnection(host=\'edx.devstack.discovery\', port=80): Failed to resolve \'edx.devstack.discovery\' ([Errno -2] Name or service not known)""))', 'https://open-edx-backstage.herokuapp.com/catalog/default/component/xblock-skill-tagging: 404', 'https://xblock-skill-tagging.readthedocs.io/en/latest/: 404']",True,"['https://user-images.githubusercontent.com/10894099/210078679-3cbac3d1-55a7-4fba-b841-7fb4468f32c5.png', 'https://user-images.githubusercontent.com/10894099/212285572-efa5cfd5-e9c5-411d-8d15-541c43445ec0.png', 'https://github.com/openedx/taxonomy-connector/blob/master/docs/decisions/0001-xblock-skill-tagging-design.rst', 'https://github.com/openedx/edx-platform', 'https://github.com/openedx/taxonomy-connector', 'https://github.com/openedx/course-discovery', 'https://github.com/openedx/xblock-skill-tagging/blob/main/skill_tagging/handlers.py', 'https://github.com/openedx/event-bus-kafka', 'https://github.com/openedx/event-bus-redis', 'https://openedx.atlassian.net/wiki/spaces/AC/pages/3508699151/How+to+start+using+the+Event+Bus', 'https://discuss.openedx.org', 'https://github.com/openedx/xblock-skill-tagging/issues', 'https://openedx.org/slack', 'https://openedx.slack.com/', 'https://openedx.org/getting-help', 'https://openedx.org/r/how-to-contribute', 'https://openedx.org/code-of-conduct/', 'https://img.shields.io/pypi/v/skill_tagging.svg', 'https://pypi.python.org/pypi/skill_tagging/', 'https://github.com/openedx/xblock-skill-tagging/workflows/Python%20CI/badge.svg?branch=main', 'https://github.com/openedx/xblock-skill-tagging/actions', 'https://codecov.io/github/openedx/xblock-skill-tagging/coverage.svg?branch=main', 'https://codecov.io/github/openedx/xblock-skill-tagging?branch=main', 'https://readthedocs.org/projects/xblock-skill-tagging/badge/?version=latest', 'https://img.shields.io/pypi/pyversions/skill_tagging.svg', 'https://img.shields.io/github/license/openedx/xblock-skill-tagging.svg', 'https://github.com/openedx/xblock-skill-tagging/blob/main/LICENSE.txt', 'https://img.shields.io/badge/Status-Experimental-yellow', 'https://img.shields.io/badge/Status-Maintained-brightgreen', 'https://img.shields.io/badge/Status-Deprecated-orange', 'https://img.shields.io/badge/Status-Unsupported-red']",True,True,True,True,.readthedocs.yaml,2,False,,,,True,True,,True,skill_tagging,"['3', '3.12']",https://github.com/openedx/xblock-skill-tagging,True,True,True,False
openedx/api-doc-tools,,,,,,,3,3,0.6364,647781,True,2026-08-16,True,True,False,False,107,0,0,0,0,11,107,5,6,2,True,,True,True,True,False,True,True,True,True,True,True,False,True,False,True,True,True,True,True,2026-08-13 04:53:35,True,True,True,False,False,True,False,False,,openedx,3,[],True,"['https://www.django-rest-framework.org/', 'https://github.com/axnsan12/drf-yasg', 'https://swagger.io/docs/specification/about/', 'https://open.edx.org/', 'https://github.com/openedx/.github/blob/master/CONTRIBUTING.md', 'https://open.edx.org/getting-help', 'https://img.shields.io/pypi/v/edx-api-doc-tools.svg', 'https://pypi.python.org/pypi/edx-api-doc-tools/', 'https://github.com/openedx/api-doc-tools/workflows/Python%20CI/badge.svg?branch=master', 'https://github.com/openedx/api-doc-tools/actions?query=workflow%3A%22Python+CI%22', 'http://codecov.io/github/edx/api-doc-tools/coverage.svg?branch=master', 'http://codecov.io/github/edx/api-doc-tools?branch=master', 'https://readthedocs.org/projects/edx-api-doc-tools/badge/?version=latest', 'http://edx-api-doc-tools.readthedocs.io/en/latest/', 'https://img.shields.io/pypi/pyversions/edx-api-doc-tools.svg', 'https://img.shields.io/github/license/edx/api-doc-tools.svg', 'https://github.com/openedx/api-doc-tools/blob/master/LICENSE.txt']",True,True,True,False,,,False,,,,True,True,,True,edx-api-doc-tools,"['3', '3.12']",https://github.com/openedx/api-doc-tools,True,True,True,False
openedx/edx-enterprise,,,,,,,14,73,0.7377,868,True,2026-08-16,True,True,False,True,258,0,0,2,10,211,246,22,32,16,True,,True,False,True,True,True,True,True,True,True,False,True,True,False,True,True,True,True,True,2026-08-14 02:56:48,True,True,True,False,False,True,False,False,,openedx,5,"['https://github.com/openedx/edx-enterprise/blob/master/LICENSE.txt: 404', 'https://github.com/openedx/edx-enterprise/blob/master/.github/PULL_REQUEST_TEMPLATE_TEMPLATE.md: 404']",True,"['https://img.shields.io/pypi/v/edx-enterprise.svg', 'https://pypi.python.org/pypi/edx-enterprise/', 'http://codecov.io/github/edx/edx-enterprise/coverage.svg?branch=master', 'http://codecov.io/github/edx/edx-enterprise?branch=master', 'https://readthedocs.org/projects/open-edx-enterprise-service-documentation/badge/?version=latest', 'http://open-edx-enterprise-service-documentation.readthedocs.io/en/latest/', 'https://img.shields.io/pypi/pyversions/edx-enterprise.svg', 'https://img.shields.io/github/license/edx/edx-enterprise.svg', 'https://github.com/openedx/.github/blob/master/CONTRIBUTING.md', 'https://openedx.org/getting-help']",True,True,True,True,.readthedocs.yaml,2,True,,,0,True,True,,True,edx-enterprise,"['3', '3.12']",https://github.com/openedx/edx-enterprise,True,True,True,False
openedx/forum,,,,,,,3,12,0.75,41784,True,2026-08-16,False,False,False,False,0,0,0,0,0,0,0,0,0,0,False,,False,True,True,True,False,True,True,True,False,False,False,True,True,False,False,False,True,False,2026-08-13 19:07:30,True,False,False,False,False,True,False,False,,openedx,0,"['https://docs.openedx.org/projects/forum/how-tos/how-to-deploy-this-component.html: 404', 'https://docs.openedx.org/projects/forum: 404']",True,"['https://openedx.org', 'https://github.com/openedx/frontend-app-discussions', 'https://github.com/openedx/cs_comments_service', 'https://discuss.openedx.org/t/axim-funded-contribution-proposal-forum-rewrite-from-ruby-mongodb-to-python-mysql/12788', 'https://github.com/overhangio/tutor-forum', 'https://docs.tutor.edly.io/', 'https://docs.tutor.edly.io/tutorials/main.html', 'https://openedx.atlassian.net/wiki/spaces/DOC/pages/21627535/Publish+Documentation+on+Read+the+Docs', 'https://discuss.openedx.org', 'https://github.com/openedx/forum/issues', 'https://openedx.org/getting-help', 'https://openedx.org/slack', 'https://openedx.slack.com/', 'https://openedx.org/r/how-to-contribute', 'https://openedx.org/code-of-conduct/', 'https://backstage.openedx.org/catalog/default/component/forum', 'https://github.com/openedx/forum/actions/workflows/ci.yml/badge.svg', 'https://github.com/openedx/forum/actions/workflows/ci.yml', 'https://img.shields.io/github/license/openedx/forum.svg', 'https://github.com/openedx/forum/blob/master/LICENSE.txt', 'https://img.shields.io/badge/Status-Maintained-brightgreen']",True,True,True,True,.readthedocs.yaml,2,False,,,,False,False,,False,,[],,True,True,True,False
openedx/end-to-end-tests,,,,,,,2,0,0.6667,65371,False,2026-08-16,False,False,False,False,0,0,0,0,0,0,0,0,0,0,False,,False,False,False,False,False,False,True,True,False,False,False,False,False,False,False,False,False,False,2026-08-12 19:10:11,True,False,False,False,False,False,False,False,,openedx,0,[],False,[],True,True,False,False,,,False,,,,False,False,,False,,[],,False,False,False,False
openedx/frontend-app-ora-grading,,,,,,,2,5,1.0,235,False,2026-08-16,False,False,False,False,60,0,0,47,13,0,0,0,0,0,False,,False,False,True,False,False,True,True,True,False,False,True,False,False,False,False,False,False,False,2026-08-10 17:41:22,True,False,False,False,False,True,False,False,@edx/frontend-app-ora-grading,openedx,0,['https://open-edx-backstage.herokuapp.com/catalog/default/component/frontend-app-ora-grading: 404'],False,"['https://github.com/openedx/edx-platform/tree/master/lms/djangoapps/ora_staff_grader', 'https://github.com/overhangio/tutor', 'https://github.com/overhangio/tutor-mfe?tab=readme-ov-file', 'https://github.com/openedx/frontend-plugin-framework', 'https://github.com/nvm-sh/nvm', 'https://openedx.github.io/frontend-platform/', 'https://github.com/openedx/frontend-platform/blob/master/docs/how_tos/i18n.rst', 'https://discuss.openedx.org', 'https://github.com/openedx/frontend-app-ora-grading/issues', 'https://openedx.org/slack', 'https://openedx.slack.com/', 'https://openedx.slack.com/archives/C04BM6YC7A6', 'https://openedx.org/community/connect', 'https://openedx.org/r/how-to-contribute', 'https://openedx.org/code-of-conduct/', 'https://img.shields.io/github/license/openedx/frontend-app-ora-grading.svg', 'https://github.com/openedx/frontend-app-ora-grading/blob/master/LICENSE', 'https://img.shields.io/badge/Status-Maintained-brightgreen', 'https://github.com/openedx/frontend-app-ora-grading/actions/workflows/ci.yml/badge.svg', 'https://github.com/openedx/frontend-app-ora-grading/actions/workflows/ci.yml', 'https://codecov.io/github/openedx/frontend-app-ora-grading/coverage.svg?branch=master', 'https://codecov.io/github/openedx/frontend-app-ora-grading?branch=master']",True,True,True,False,,,True,2026-04-02,2025-04-09,5,False,False,,False,,[],,False,False,False,False
openedx/openedx-demo-course,,,,,,,1,1,1.0,26355,False,2026-08-16,True,True,False,False,0,0,0,0,0,0,0,0,0,0,False,,False,False,True,False,False,True,True,True,True,False,False,False,False,False,False,False,False,False,2026-07-30 14:21:15,True,False,False,False,False,False,False,False,,openedx,0,[],False,"['https://apps.training.openedx.io/catalog/courses/course-v1', 'https://training.openedx.io', 'http://creativecommons.org/licenses/by-nc-sa/3.0/us/']",True,True,False,False,,,False,,,,False,False,,False,,[],,False,False,False,False
openedx/xblock-sdk,,,,,,,4,1,0.9,112909,True,2026-08-16,True,True,False,False,88,0,0,0,0,46,88,5,5,3,True,,True,False,True,False,True,True,True,True,True,True,False,True,False,True,True,True,True,False,2026-08-16 00:07:59,True,True,True,False,False,True,False,False,,openedx,5,"['http://docs.seleniumhq.org/: HTTPConnectionPool(host=\'docs.seleniumhq.org\', port=80): Max retries exceeded with url: / (Caused by NameResolutionError(""HTTPConnection(host=\'docs.seleniumhq.org\', port=80): Failed to resolve \'docs.seleniumhq.org\' ([Errno -2] Name or service not known)""))', 'https://docs.openedx.org/projects/xblock-sdk: 404', 'https://github.com/openedx/xblock-sdk/blob/main/LICENSE.txt: 404']",True,"['https://docs.djangoproject.com/en/1.11/topics/testing/tools/', 'http://coverage.readthedocs.org/', 'https://docs.openedx.org/projects/xblock/en/latest/xblock-tutorial/sdk/get_started_sdk.html', 'https://discuss.openedx.org', 'https://github.com/openedx/xblock-sdk/issues', 'https://openedx.org/slack', 'https://openedx.slack.com/', 'https://openedx.org/getting-help', 'https://openedx.org/r/how-to-contribute', 'https://openedx.org/code-of-conduct/', 'https://backstage.openedx.org/catalog/default/component/xblock-sdk', 'https://img.shields.io/pypi/v/xblock-sdk.svg', 'https://pypi.python.org/pypi/xblock-sdk/', 'https://github.com/openedx/xblock-sdk/workflows/Python%20CI/badge.svg?branch=main', 'https://github.com/openedx/xblock-sdk/actions', 'https://codecov.io/github/openedx/xblock-sdk/coverage.svg?branch=main', 'https://codecov.io/github/openedx/xblock-sdk?branch=main', 'https://readthedocs.org/projects/xblock-sdk/badge/?version=latest', 'https://img.shields.io/pypi/pyversions/xblock-sdk.svg', 'https://img.shields.io/github/license/openedx/xblock-sdk.svg', 'https://img.shields.io/badge/Status-Maintained-brightgreen', 'https://docs.openedx.org/projects/xblock/en/latest/xblock-tutorial/index.html', 'https://openedx.atlassian.net/wiki/display/OPEN/XBlock+review+guidelines', 'https://github.com/openedx/xblock-sdk/blob/master/sample_xblocks/README.rst', 'https://openedx.atlassian.net/wiki/spaces/COMM/pages/43385346/XBlocks+Directory']",True,True,True,False,,,False,,,,True,True,,True,xblock-sdk,"['3', '3.12']",,True,True,True,False
openedx/enterprise-integrated-channels,,,,,,,10,49,0.7273,6296,True,2026-08-16,False,False,False,False,172,0,0,0,0,70,172,16,21,11,True,,True,True,True,True,True,True,True,True,False,False,False,True,False,True,True,True,True,False,2026-08-10 05:35:10,True,True,True,False,False,True,False,False,,openedx,4,"['https://openedx.slack.com/: 403', 'https://docs.openedx.org/projects/enterprise-integrated-channels: 404']",True,"['https://docs.openedx.org/en/latest/developers/how-tos/get-ready-for-python-dev.html', 'https://github.com/openedx/enterprise-integrated-channels/blob/main/channel_integrations/README.md', 'https://discuss.openedx.org', 'https://github.com/openedx/enterprise-integrated-channels/issues', 'https://openedx.org/getting-help', 'https://openedx.org/slack', 'https://openedx.org/r/how-to-contribute', 'https://openedx.org/code-of-conduct/', 'https://backstage.openedx.org/catalog/default/component/enterprise-integrated-channels', 'https://img.shields.io/pypi/v/enterprise-integrated-channels.svg', 'https://pypi.python.org/pypi/enterprise-integrated-channels/', 'https://github.com/openedx/enterprise-integrated-channels/workflows/Python%20CI/badge.svg?branch=main', 'https://github.com/openedx/enterprise-integrated-channels/actions', 'https://codecov.io/github/openedx/enterprise-integrated-channels/coverage.svg?branch=main', 'https://codecov.io/github/openedx/enterprise-integrated-channels?branch=main', 'https://readthedocs.org/projects/enterprise-integrated-channels/badge/?version=latest', 'https://img.shields.io/pypi/pyversions/enterprise-integrated-channels.svg', 'https://img.shields.io/github/license/openedx/enterprise-integrated-channels.svg', 'https://github.com/openedx/enterprise-integrated-channels/blob/main/LICENSE.txt', 'https://img.shields.io/badge/Status-Experimental-yellow', 'https://img.shields.io/badge/Status-Maintained-brightgreen', 'https://img.shields.io/badge/Status-Deprecated-orange', 'https://img.shields.io/badge/Status-Unsupported-red']",True,True,True,True,.readthedocs.yaml,2,False,,,,True,True,,False,enterprise-integrated-channels,"['3', '3.11']",https://github.com/openedx/enterprise-integrated-channels,True,True,True,False
openedx/edx-bulk-grades,,,,,,,1,1,1.0,25428,True,2026-08-16,False,False,False,False,132,0,0,0,0,43,132,10,13,7,True,,True,False,True,True,True,True,True,True,False,True,False,True,False,True,True,True,True,True,2026-05-30 15:07:20,True,True,True,False,False,True,False,False,,openedx,2,"['https://travis-ci.com/edx/edx-bulk-grades: 404', 'http://edx-bulk-grades.readthedocs.io/en/latest/: 404']",True,"['https://github.com/openedx/devstack', 'https://github.com/openedx/.github/blob/master/CONTRIBUTING.md', 'https://github.com/openedx/edx-bulk-grades/blob/master/.github/PULL_REQUEST_TEMPLATE.md', 'https://github.com/openedx/edx-bulk-grades/blob/master/.github/ISSUE_TEMPLATE.md', 'https://open.edx.org/getting-help', 'https://img.shields.io/pypi/v/edx-bulk-grades.svg', 'https://pypi.python.org/pypi/edx-bulk-grades/', 'https://travis-ci.com/edx/edx-bulk-grades.svg?branch=master', 'http://codecov.io/github/edx/edx-bulk-grades/coverage.svg?branch=master', 'http://codecov.io/github/edx/edx-bulk-grades?branch=master', 'https://readthedocs.org/projects/edx-bulk-grades/badge/?version=latest', 'https://img.shields.io/pypi/pyversions/edx-bulk-grades.svg', 'https://img.shields.io/github/license/edx/edx-bulk-grades.svg', 'https://github.com/openedx/edx-bulk-grades/blob/master/LICENSE.txt']",True,True,True,False,,,False,,,,True,True,,True,edx-bulk-grades,"['3', '3.12']",https://github.com/openedx/edx-bulk-grades,True,True,True,False
openedx/openedx-app-foundation-ios,,,,,,,2,6,1.0,24482,False,2026-08-16,False,False,False,False,0,0,0,0,0,0,0,0,0,0,False,,False,False,True,False,False,False,True,True,False,False,False,False,False,False,False,False,False,False,2026-07-30 14:21:48,True,False,False,False,False,False,False,False,,openedx,0,[],False,['https://github.com/openedx/openedx-app-foundation-ios.git'],True,True,False,False,,,False,,,,False,False,,False,,[],,False,False,False,False
openedx/openedx-platform,,,,,,,53,7,0.55,8,True,2026-08-16,True,True,False,False,626,0,0,64,24,307,538,60,79,50,False,,True,True,True,True,True,True,True,True,True,False,True,True,True,True,False,False,True,False,2026-08-14 13:45:02,True,False,False,False,False,False,False,False,,openedx,22,"['https://www.gnu.org/licenses/agpl-3.0: 403', 'http://openedx.slack.com/: 403']",True,"['https://img.shields.io/badge/License-AGPL_v3-blue.svg', 'https://github.com/openedx/openedx-platform/actions/workflows/unit-tests.yml/badge.svg', 'https://github.com/openedx/openedx-platform/actions/workflows/unit-tests.yml', 'https://img.shields.io/badge/status-maintained-31c653', 'https://openedx.org', 'https://docs.openedx.org/projects/edx-platform', 'https://openedx.org/get-started/', 'https://github.com/openedx/codejail?tab=readme-ov-file', 'https://github.com/overhangio/tutor', 'https://docs.openedx.org/en/latest/site_ops/index.html', 'https://docs.tutor.edly.io/dev.html', 'https://github.com/openedx/frontend-app-learner-dashboard', 'https://github.com/openedx/frontend-app-learning/', 'https://github.com/openedx/frontend-app-authoring/', 'https://github.com/openedx/openedx-platform/blob/master/LICENSE', 'https://discuss.openedx.org', 'https://openedx.org/slack', 'https://openedx.org/getting-help', 'https://github.com/openedx/openedx-platform/issues', 'https://github.com/openedx/openedx-platform/issues/new/choose', 'https://openedx.org/cla', 'https://github.com/openedx/.github/blob/master/CONTRIBUTING.md', 'https://openedx.org/code-of-conduct/', 'https://github.com/openedx/.github/blob/master/AI_POLICY.md', 'https://backstage.openedx.org/catalog/default/component/openedx-platform']",True,True,True,True,.readthedocs.yaml,2,True,2026-05-07,2026-05-04,11,True,True,,False,,[],,True,False,True,False
openedx/frontend-app-authoring,,,,,,,22,7,0.79,7,False,2026-08-16,True,True,False,False,89,0,0,71,18,0,0,0,0,0,False,,False,False,True,False,False,True,True,True,True,False,True,False,False,False,False,False,False,False,2026-08-14 16:49:28,True,False,False,False,False,False,False,False,@edx/frontend-app-authoring,openedx,0,"['http://apps.local.openedx.io: HTTPConnectionPool(host=\'apps.local.openedx.io\', port=80): Max retries exceeded with url: / (Caused by NewConnectionError(""HTTPConnection(host=\'apps.local.openedx.io\', port=80): Failed to establish a new connection: [Errno 111] Connection refused""))', 'https://travis-ci.com/edx/frontend-app-course-authoring: 404', 'https://openedx.slack.com/archives/C04BM6YC7A6: 403', 'https://open-edx-backstage.herokuapp.com/catalog/default/component/frontend-app-course-authoring: 404']",False,"['https://github.com/openedx/edx-platform/tree/master/cms', 'https://github.com/overhangio/tutor', 'https://github.com/overhangio/tutor-mfe', 'https://github.com/openedx/frontend-app-authoring.git', 'https://github.com/nvm-sh/nvm', 'https://discuss.openedx.org/t/repo-rename-frontend-app-course-authoring-frontend-app-authoring/13930/2', 'https://github.com/openedx/frontend-app-learning', 'https://github.com/openedx/frontend-app-discussions/', 'https://github.com/edx/edx-exams', 'https://github.com/open-craft/tutor-contrib-meilisearch', 'https://docs.tutor.edly.io/', 'https://github.com/overhangio/tutor-mfe?tab=readme-ov-file', 'https://github.com/Automattic/node-canvas/issues/1733', 'https://api.travis-ci.com/edx/frontend-app-course-authoring.svg?branch=master', 'https://codecov.io/gh/edx/frontend-app-course-authoring/branch/master/graph/badge.svg', 'https://codecov.io/gh/edx/frontend-app-course-authoring', 'https://img.shields.io/npm/l/@edx/frontend-app-authoring.svg', 'https://github.com/openedx/frontend-platform/blob/master/docs/how_tos/i18n.rst', 'https://discuss.openedx.org', 'https://github.com/openedx/frontend-app-course-authoring/issues', 'https://openedx.org/slack', 'https://openedx.slack.com/', 'https://openedx.org/community/connect', 'https://openedx.org/r/how-to-contribute', 'https://github.com/openedx/.github/blob/master/AI_POLICY.md', 'https://openedx.org/code-of-conduct/', 'https://img.shields.io/github/license/openedx/frontend-app-course-authoring.svg', 'https://github.com/openedx/frontend-app-course-authoring/blob/master/LICENSE', 'https://img.shields.io/badge/Status-Maintained-brightgreen', 'https://codecov.io/github/openedx/frontend-app-course-authoring/coverage.svg?branch=master', 'https://codecov.io/github/openedx/frontend-app-course-authoring?branch=master']",True,True,True,False,,,True,2026-08-13,2025-04-07,6,False,False,,False,,[],,False,False,False,False
openedx/openedx-core,,,,,,,8,34,0.8,9875,True,2026-08-16,True,True,False,False,155,0,0,0,0,52,155,10,15,7,True,3.12,True,True,True,True,False,True,True,True,True,False,False,True,False,True,True,True,True,False,2026-08-13 18:56:03,True,False,True,False,False,True,False,False,,openedx,0,['https://open-edx-proposals.readthedocs.io/en/latest/architectural-decisions/oep-0049-django-app-patterns.html: 404'],True,"['https://2021.djangocon.us/talks/scaling-django-to-500-apps/', 'https://www.youtube.com/watch?v=yG3ZdxBb1oo', 'https://discuss.openedx.org', 'https://openedx.org/slack', 'https://openedx.slack.com/', 'https://openedx.org/getting-help', 'https://img.shields.io/pypi/v/openedx-core.svg', 'https://pypi.python.org/pypi/openedx-core/', 'https://github.com/openedx/openedx-core/workflows/Python%20CI/badge.svg?branch=master', 'https://github.com/openedx/openedx-core/actions', 'https://codecov.io/github/edx/openedx-core/coverage.svg?branch=master', 'https://codecov.io/github/edx/openedx-core?branch=master', 'https://readthedocs.org/projects/openedx-core/badge/?version=latest', 'https://openedx-core.readthedocs.io/en/latest/', 'https://img.shields.io/pypi/pyversions/openedx-core.svg', 'https://img.shields.io/github/license/edx/openedx-core.svg', 'https://github.com/openedx/openedx-core/blob/master/LICENSE.txt']",True,True,True,True,.readthedocs.yml,2,False,,,,True,True,,True,openedx-core,"['3', '3.12']",https://github.com/openedx/openedx-core,True,True,True,False
openedx/super-csv,,,,,,,4,1,1.0,29552,True,2026-08-16,True,True,False,False,134,0,0,0,0,32,134,8,11,5,True,,True,False,True,True,True,True,True,True,True,True,False,True,False,True,True,True,True,True,2026-08-05 13:59:11,True,True,True,False,False,True,False,False,,openedx,6,['http://super-csv.readthedocs.io/en/latest/: 404'],True,"['https://github.com/openedx/super-csv/blob/master/super_csv/csv_processor.py', 'https://github.com/openedx/devstack', 'https://github.com/openedx/.github/blob/master/CONTRIBUTING.md', 'https://github.com/openedx/super-csv/blob/master/.github/PULL_REQUEST_TEMPLATE.md', 'https://github.com/openedx/super-csv/blob/master/.github/ISSUE_TEMPLATE.md', 'https://open.edx.org/getting-help', 'https://img.shields.io/pypi/v/super-csv.svg', 'https://pypi.python.org/pypi/super-csv/', 'https://github.com/openedx/super-csv/workflows/Python%20CI/badge.svg?branch=master', 'https://github.com/openedx/super-csv/actions?query=workflow%3A%22Python+CI%22', 'http://codecov.io/github/edx/super-csv/coverage.svg?branch=master', 'http://codecov.io/github/edx/super-csv?branch=master', 'https://readthedocs.org/projects/super-csv/badge/?version=latest', 'https://img.shields.io/pypi/pyversions/super-csv.svg', 'https://img.shields.io/github/license/edx/super-csv.svg', 'https://github.com/openedx/super-csv/blob/master/LICENSE.txt']",True,True,True,False,,,False,,,,True,True,,True,super-csv,"['3', '3.12']",https://github.com/openedx/super-csv,True,True,True,False
openedx/frontend-app-notifications,,,,,,,4,17,1.0,2,False,2026-08-16,False,False,False,False,22,0,0,10,12,0,0,0,0,0,False,,False,False,True,False,False,True,True,True,False,False,True,False,False,False,False,False,False,False,2026-08-12 12:06:15,True,False,False,False,False,False,False,False,,openedx,0,[],False,"['https://img.shields.io/badge/license-AGPL-informational', 'https://github.com/openedx/frontend-app-notifications/blob/main/LICENSE', 'https://img.shields.io/badge/Status-Maintained-brightgreen', 'https://github.com/openedx/frontend-app-notifications/actions/workflows/ci.yml/badge.svg', 'https://github.com/openedx/frontend-app-notifications/actions/workflows/ci.yml', 'https://codecov.io/github/openedx/frontend-app-notifications/coverage.svg?branch=main', 'https://codecov.io/github/openedx/frontend-app-notifications?branch=main', 'https://github.com/openedx/frontend-base']",True,True,True,False,,,True,2026-04-10,,0,False,False,,False,,[],,False,False,False,False
openedx/openedx-tutor-plugins,,,,,,,3,0,1.0,1562398,False,2026-08-16,True,True,False,False,0,0,0,0,0,0,0,0,0,0,False,,False,False,True,False,False,False,True,True,True,False,False,False,False,False,False,False,False,False,2026-08-10 20:13:31,True,False,False,False,False,False,False,False,,openedx,0,['https://open-edx-backstage.herokuapp.com/catalog/default/component/openedx-tutor-plugins: 404'],True,"['https://img.shields.io/github/license/openedx/openedx-tutor-plugins.svg', 'https://github.com/openedx/openedx-tutor-plugins/blob/main/LICENSE', 'https://img.shields.io/badge/Status-Maintained-brightgreen', 'https://docs.tutor.overhang.io/install.html', 'https://github.com/overhangio/cookiecutter-tutor-plugin', 'https://discuss.openedx.org', 'https://github.com/openedx/openedx-tutor-plugins/issues', 'https://openedx.org/slack', 'https://openedx.slack.com/', 'https://openedx.slack.com/archives/CGE253B7V', 'https://openedx.org/getting-help', 'https://openedx.org/r/how-to-contribute', 'https://openedx.org/code-of-conduct/']",True,True,True,False,,,False,,,,False,False,,False,,[],,False,False,False,False
openedx/license-manager,,,,,,,5,5,0.7333,21196,True,2026-08-16,True,True,False,False,173,0,0,0,0,106,173,22,32,18,True,,True,True,True,True,False,True,True,True,True,False,False,True,False,True,True,False,False,True,2026-08-11 11:34:17,True,True,True,False,False,True,False,False,,openedx,6,"['http://license-manager.readthedocs.io/en/latest/: 404', 'https://license-manager.readthedocs.io/en/latest/: 404', 'https://github.com/openedx/license-manager/blob/master/LICENSE: 404']",False,"['http://codecov.io/github/edx/license-manager/coverage.svg?branch=master', 'http://codecov.io/github/edx/license-manager?branch=master', 'https://github.com/openedx/devstack', 'https://github.com/openedx/license-manager/blob/master/docs/getting_started.rst', 'https://readthedocs.org/projects/license-manager/badge/?version=latest', 'https://github.com/openedx/license-manager/tree/master/docs', 'https://github.com/openedx/.github/blob/master/CONTRIBUTING.md', 'https://openedx.slack.com/messages/general/', 'https://groups.google.com/forum/']",True,False,True,False,,,False,,,,True,True,,False,,[],,False,False,False,False
openedx/edx-rbac,,,,,,,3,2,0.6897,1823514,True,2026-08-16,True,True,False,False,107,0,0,0,0,30,107,10,13,7,True,,False,False,True,True,True,True,True,True,True,True,False,True,False,True,True,True,True,False,2026-08-13 02:36:08,True,True,True,False,False,True,False,False,,openedx,4,"['https://github.com/openedx/edx-rbac/blob/master/.github/PULL_REQUEST_TEMPLATE.md: 404', 'https://github.com/openedx/edx-rbac/blob/master/.github/ISSUE_TEMPLATE.md: 404', 'http://edx-rbac.readthedocs.io/en/latest/: 404']",True,"['https://github.com/openedx/edx-rbac/blob/master/docs/getting_started.rst', 'https://github.com/openedx/edx-rbac/blob/master/docs/how_to_guide.rst', 'https://github.com/openedx/.github/blob/master/CONTRIBUTING.md', 'https://open.edx.org/getting-help', 'https://img.shields.io/pypi/v/edx-rbac.svg', 'https://pypi.python.org/pypi/edx-rbac/', 'https://github.com/openedx/edx-rbac/workflows/Python%20CI/badge.svg?branch=master', 'https://github.com/openedx/edx-rbac/actions?query=workflow%3A%22Python+CI%22', 'http://codecov.io/github/edx/edx-rbac/coverage.svg?branch=master', 'http://codecov.io/github/edx/edx-rbac?branch=master', 'https://readthedocs.org/projects/edx-rbac/badge/?version=latest', 'https://img.shields.io/pypi/pyversions/edx-rbac.svg', 'https://img.shields.io/github/license/edx/edx-rbac.svg', 'https://github.com/openedx/edx-rbac/blob/master/LICENSE.txt']",True,True,True,False,,,False,,,,True,True,,True,edx-rbac,"['3', '3.12']",https://github.com/openedx/edx-rbac,True,True,True,False
openedx/brand-openedx,,,,,,,4,7,0.8,1523065,False,2026-08-16,True,True,False,False,2,0,0,0,2,0,0,0,0,0,False,,False,False,True,False,False,True,True,True,True,False,True,False,False,False,False,False,False,False,2026-08-10 17:10:06,True,False,False,False,False,False,False,False,,openedx,0,[],False,"['https://github.com/edx/brand', 'https://docs.openedx.org/projects/openedx-proposals/en/latest/architectural-decisions/oep-0048-brand-customization.html', 'https://styledictionary.com/']",True,True,False,False,,,True,,,0,False,False,,False,,[],,False,False,False,False
openedx/repo-tools,,,,,,,7,7,0.8,292907,True,2026-08-16,True,True,False,True,0,0,0,0,0,0,0,0,0,0,False,,False,True,True,False,False,True,True,True,True,False,False,True,True,True,False,False,False,False,2026-08-15 06:03:26,True,False,False,False,False,True,False,False,,openedx,4,[],False,"['https://github.com/settings/tokens', 'https://docs.astral.sh/uv/', 'https://astral.sh/uv/install.sh', 'https://github.com/openedx/repo-tools/blob/7aa8bda466d1925c56d4ad6e3b2bdd87b1f83148/README.md']",True,True,False,False,,,False,,,,False,False,,False,,[],,False,False,False,False
openedx/platform-roadmap,,,,,,,0,0,,,False,2026-08-16,True,True,False,False,0,0,0,0,0,0,0,0,0,0,False,,False,False,False,False,False,False,True,True,True,False,False,False,False,False,False,False,False,False,2025-10-30 15:11:06,True,False,False,False,False,False,False,False,,openedx,0,[],False,['https://github.com/orgs/openedx/projects/4/views/1'],True,True,False,False,,,False,,,,False,False,,False,,[],,False,False,False,False
openedx/edx-notes-api,,,,,,,5,5,0.7826,26884,True,2026-08-16,True,True,False,False,103,0,0,0,0,57,103,11,16,7,False,,True,False,True,True,False,True,True,True,True,False,False,True,False,True,False,False,True,False,2026-08-10 20:14:36,True,False,True,False,False,True,False,False,,openedx,4,['http://annotatorjs.org/: 403'],False,"['https://www.elastic.co/downloads/past-releases/elasticsearch-7-13-4', 'https://django-elasticsearch-dsl.readthedocs.io/', 'https://django-elasticsearch-dsl.readthedocs.io/en/latest/management.html', 'https://openedx.atlassian.net/wiki/spaces/COMM/pages/941457737/How+to+Start+Contributing+Code', 'https://groups.google.com/g/edx-code', 'https://github.com/openedx/edx-notes-api/actions/workflows/ci.yml/badge.svg', 'https://github.com/openedx/edx-notes-api/actions/workflows/ci.yml']",True,True,True,False,,,False,,,,True,True,,False,,[],,True,True,True,False
openedx/edx-milestones,,,,,,,3,1,0.875,115,True,2026-08-16,True,True,False,False,55,0,0,0,0,11,55,4,5,2,False,,True,False,True,False,False,True,True,True,True,True,False,True,False,True,True,True,True,False,2026-08-10 17:24:56,True,True,True,False,False,True,False,False,,openedx,0,"['https://coveralls.io/r/edx/edx-milestones?branch=master: 403', 'http://openedx.slack.com/: 403']",True,"['https://github.com/openedx/edx-milestones/workflows/Python%20CI/badge.svg?branch=master', 'https://github.com/openedx/edx-milestones/actions?query=workflow%3A%22Python+CI%22', 'https://img.shields.io/coveralls/edx/edx-milestones.svg', 'https://github.com/openedx/edx-platform/blob/master/requirements/edx/base.in', 'https://github.com/openedx/edx-platform/', 'https://docs.openedx.org/en/latest/site_ops/install_configure_run_guide/configuration/enable_prerequisites.html', 'https://docs.openedx.org/en/latest/educators/references/controlling_content_visibility.html', 'https://github.com/openedx/.github/blob/master/CONTRIBUTING.md', 'https://discuss.openedx.org', 'https://openedx.org/slack', 'https://openedx.org/getting-help']",True,True,True,False,,,False,,,,True,True,,True,edx-milestones,"['3', '3.12']",https://github.com/openedx/edx-milestones,True,True,True,False
openedx/typescript-config,,,,,,,1,0,0.6667,23939,False,2026-08-16,False,False,False,False,0,0,0,0,0,0,0,0,0,0,False,,False,False,True,False,False,False,True,True,False,False,True,False,False,False,False,False,False,False,2026-08-04 20:06:07,True,False,False,False,False,False,False,False,@edx/typescript-config,openedx,0,"['https://www.npmjs.com/package/@edx/typescript-config: 403', 'https://www.npmjs.com/package/@edx/tpyescript-config: 403']",False,"['https://github.com/openedx/typescript-config/actions/workflows/release.yml/badge.svg', 'https://github.com/openedx/typescript-config/actions/workflows/release.yml/', 'https://img.shields.io/npm/v/@edx/typescript-config.svg', 'https://img.shields.io/npm/dt/@edx/typescript-config.svg', 'https://img.shields.io/npm/l/@edx/typescript-config.svg', 'https://github.com/openedx/typescript-config/blob/main/LICENSE', 'https://img.shields.io/badge/%20%20%F0%9F%93%A6%F0%9F%9A%80-semantic--release-e10079.svg', 'https://github.com/semantic-release/semantic-release', 'https://www.typescriptlang.org/docs/handbook/tsconfig-json.html']",True,True,False,False,,,True,,,0,False,False,,False,,[],,False,False,False,False
openedx/edx-ui-toolkit,,,,,,,1,0,1.0,177,False,2026-08-16,False,False,False,False,50,0,0,13,37,0,0,0,0,0,False,,False,False,True,False,False,False,True,True,False,True,True,False,False,False,False,False,False,False,2026-08-12 01:08:31,True,False,False,False,False,False,False,False,,openedx,0,"['https://badge.fury.io/js/edx-ui-toolkit: 403', 'https://coveralls.io/r/edx/edx-ui-toolkit?branch=master: 403', 'http://ux.edx.org/: HTTPConnectionPool(host=\'ux.edx.org\', port=80): Max retries exceeded with url: / (Caused by NameResolutionError(""HTTPConnection(host=\'ux.edx.org\', port=80): Failed to resolve \'ux.edx.org\' ([Errno -2] Name or service not known)""))', 'https://github.com/openedx/edx-ui-toolkit/blob/master/CONTRIBUTING.md: 404']",False,"['https://badge.fury.io/gh/edx%2Fedx-ui-toolkit.svg', 'https://badge.fury.io/gh/edx%2Fedx-ui-toolkit', 'https://badge.fury.io/js/edx-ui-toolkit.svg', 'https://badge.fury.io/bo/edx-ui-toolkit.svg', 'https://badge.fury.io/bo/edx-ui-toolkit', 'https://img.shields.io/coveralls/edx/edx-ui-toolkit.svg', 'https://github.com/openedx/edx-ui-toolkit/blob/master/LICENSE', 'https://github.com/tj/n', 'http://ui-toolkit.edx.org/']",True,True,False,False,,,True,2026-04-06,2023-09-04,7,False,False,,False,,[],,False,False,False,False
openedx/stylelint-config-edx,,,,,,,1,0,1.0,50729,False,2026-08-16,False,False,False,False,12,0,0,4,8,0,0,0,0,0,False,,False,False,True,False,False,False,True,True,False,False,True,False,False,False,False,False,False,False,2026-05-20 13:18:41,True,False,False,False,False,False,False,False,@edx/stylelint-config-edx,openedx,0,"['https://stylelint.io/user-guide/configuration/: 404', 'https://www.npmjs.com/package/stylelint-config-recommended-scss: 403', 'https://stylelint.io/user-guide/rules/function-comma-newline-after/: 404', 'https://stylelint.io/user-guide/rules/function-parentheses-newline-inside/: 404', 'https://stylelint.io/user-guide/rules/max-empty-lines/: 404']",False,"['https://github.com/openedx/stylelint-config-edx/workflows/Node%20CI/badge.svg?branch=master', 'https://github.com/openedx/stylelint-config-edx/actions?query=workflow%3A%22Node+CI%22', 'https://github.com/openedx/stylelint-config-edx/blob/master/LICENSE']",True,True,False,False,,,True,,,0,False,False,,False,,[],,False,False,False,False
openedx/edx-when,,,,,,,2,3,0.9167,25132,True,2026-08-16,False,False,False,False,134,0,0,0,0,41,134,11,14,8,True,,True,False,True,True,True,True,True,True,False,False,False,True,False,True,True,True,True,True,2026-07-28 15:55:52,True,True,True,False,False,True,False,False,,openedx,5,['http://edx-when.readthedocs.io/en/latest/: 404'],True,"['https://github.com/openedx/edx-platform/blob/master/openedx/core/djangoapps/course_date_signals/handlers.py', 'https://github.com/openedx/.github/blob/master/CONTRIBUTING.md', 'https://github.com/openedx/edx-when/blob/master/.github/PULL_REQUEST_TEMPLATE.md', 'https://github.com/openedx/edx-when/blob/master/.github/ISSUE_TEMPLATE.md', 'https://open.edx.org/getting-help', 'https://img.shields.io/pypi/v/edx-when.svg', 'https://pypi.python.org/pypi/edx-when/', 'https://github.com/openedx/edx-when/workflows/Python%20CI/badge.svg?branch=master', 'https://github.com/openedx/edx-when/actions?query=workflow%3A%22Python+CI%22', 'http://codecov.io/github/edx/edx-when/coverage.svg?branch=master', 'http://codecov.io/github/edx/edx-when?branch=master', 'https://readthedocs.org/projects/edx-when/badge/?version=latest', 'https://img.shields.io/pypi/pyversions/edx-when.svg', 'https://img.shields.io/github/license/edx/edx-when.svg', 'https://github.com/openedx/edx-when/blob/master/LICENSE.txt']",True,True,True,False,,,False,,,,True,True,,True,edx-when,"['3', '3.12']",https://github.com/openedx/edx-when,True,True,True,False
openedx/frontend-authz,,,,,,,1,0,0.5,7,False,2026-08-16,False,False,False,False,0,0,0,0,0,0,0,0,0,0,,,False,False,False,False,False,False,False,True,False,False,False,False,False,False,False,False,False,False,2026-08-04 07:43:30,True,False,False,False,False,False,False,False,,openedx,0,,,,,,,False,,,False,,,,False,False,,False,,[],,False,False,False,False
openedx/frontend-app-admin-console,,,,,,,8,5,0.8444,6,False,2026-08-16,True,True,False,False,22,0,0,12,10,0,0,0,0,0,False,,False,False,True,False,False,True,True,True,True,False,True,False,False,False,False,False,False,False,2026-08-10 17:41:19,True,False,False,False,False,False,False,False,,openedx,0,"['https://github.com/openedx/frontend-app-admin-console/blob/main/LICENSE: 404', 'https://openedx.slack.com/: 403', 'https://openedx.slack.com/archives/C04BM6YC7A6: 403']",True,"['https://img.shields.io/github/license/openedx/frontend-app-admin-console.svg', 'https://img.shields.io/badge/Status-Maintained-brightgreen', 'https://github.com/openedx/frontend-app-admin-console/actions/workflows/ci.yml/badge.svg', 'https://github.com/openedx/frontend-app-admin-console/actions/workflows/ci.yml', 'https://codecov.io/github/openedx/frontend-app-admin-console/coverage.svg?branch=main', 'https://codecov.io/github/openedx/frontend-app-admin-console?branch=main', 'https://github.com/overhangio/tutor-mfe?tab=readme-ov-file', 'https://github.com/openedx/openedx-authz', 'https://github.com/openedx/frontend-plugin-framework', 'https://openedx.atlassian.net/wiki/x/M4B4MgE', 'https://openedx.atlassian.net/wiki/x/AgAwMQE', 'https://discuss.openedx.org', 'https://openedx.org/slack', 'https://openedx.org/getting-help', 'https://openedx.org/r/how-to-contribute', 'https://openedx.org/code-of-conduct/']",True,True,True,False,,,True,2026-07-01,2026-03-30,3,False,False,,False,,[],,False,False,False,False
openedx/frontend-template-application,,,,,,,3,0,0.25,141,False,2026-08-16,True,True,False,False,28,0,0,19,9,0,0,0,0,0,False,,False,False,True,False,False,True,True,True,True,False,True,False,False,False,False,False,False,False,2026-08-10 17:11:16,True,False,False,False,False,False,False,False,@edx/frontend-template-application,openedx,0,"['https://open-edx-backstage.herokuapp.com/catalog/default/component/frontend-template-application: 404', 'https://github.com/openedx/frontend-template-application/blob/main/LICENSE: 404']",True,"['https://github.com/openedx/paragon/?tab=readme-ov-file', 'https://github.com/openedx/brand-openedx/issues/23', 'https://github.com/openedx/frontend-template-application/tree/release/teak', 'https://github.com/overhangio/tutor', 'https://github.com/overhangio/tutor-mfe', 'https://github.com/nvm-sh/nvm', 'https://github.com/openedx/frontend-template-application/blob/master/docs/decisions/0002-feature-based-application-organization.rst', 'https://github.com/openedx/frontend-platform/blob/master/docs/how_tos/i18n.rst', 'https://discuss.openedx.org', 'https://github.com/openedx/frontend-template-application/issues', 'https://openedx.org/slack', 'https://openedx.slack.com/', 'https://openedx.slack.com/archives/C04BM6YC7A6', 'https://openedx.org/getting-help', 'https://openedx.org/r/how-to-contribute', 'https://openedx.org/code-of-conduct/', 'https://img.shields.io/github/license/openedx/frontend-template-application.svg', 'https://img.shields.io/badge/Status-Maintained-brightgreen', 'https://github.com/openedx/frontend-template-application/actions/workflows/ci.yml/badge.svg', 'https://github.com/openedx/frontend-template-application/actions/workflows/ci.yml', 'https://codecov.io/github/openedx/frontend-template-application/coverage.svg?branch=main', 'https://codecov.io/github/openedx/frontend-template-application?branch=main']",True,True,True,False,,,True,2026-04-06,2025-12-29,3,False,False,,False,,[],,False,False,False,False
openedx/platform-plugin-aspects,,,,,,,7,7,0.9583,169,True,2026-08-16,True,True,False,False,148,0,0,0,0,60,148,10,11,7,False,,True,True,True,True,False,True,True,True,True,False,False,True,False,True,True,True,True,False,2026-08-12 19:12:09,True,True,True,False,False,True,False,False,,openedx,1,['https://www.npmjs.com/package/@superset-ui/embedded-sdk: 403'],True,"['https://docs.openedx.org/en/latest/developers/how-tos/get-ready-for-python-dev.html', 'https://docs.openedx.org/projects/platform-plugin-aspects', 'https://discuss.openedx.org', 'https://github.com/openedx/platform-plugin-aspects/issues', 'https://openedx.org/getting-help', 'https://openedx.org/slack', 'https://openedx.slack.com/', 'https://openedx.org/r/how-to-contribute', 'https://openedx.org/code-of-conduct/', 'https://backstage.openedx.org/catalog/default/component/platform-plugin-aspects', 'https://github.com/openedx/openedx-events', 'https://github.com/openedx/edx-platform', 'https://clickhouse.com', 'https://docs.openedx.org/projects/openedx-aspects/en/latest/index.html', 'https://docs.openedx.org/projects/openedx-filters/en/latest/', 'https://docs.openedx.org/projects/openedx-aspects/en/latest/technical_documentation/how-tos/backfill.html']",True,True,True,True,.readthedocs.yaml,2,False,,,,True,True,,True,platform-plugin-aspects,"['3', '3.12']",https://github.com/openedx/platform-plugin-aspects,True,True,True,False
openedx/mockprock,,,,,,,4,0,0.8,11574,True,2026-08-16,False,False,False,False,1,0,0,1,0,0,0,0,0,0,False,,False,False,True,False,False,True,True,True,False,True,True,True,True,False,False,False,True,False,2026-07-29 15:32:37,True,False,True,False,True,True,False,True,@edx/mockprock,openedx,0,[],False,['https://github.com/openedx/edx-proctoring/'],True,True,False,False,,,True,,,0,False,False,,False,,[],,True,True,True,False
openedx/frontend-app-learner-dashboard,,,,,,,3,19,0.8235,92,False,2026-08-16,True,True,False,False,42,0,0,28,14,0,0,0,0,0,False,,False,False,True,False,False,True,True,True,True,False,True,False,False,False,False,False,False,False,2026-08-14 19:06:32,True,False,False,False,False,True,False,False,@edx/frontend-app-learner-dashboard,openedx,0,"['https://openedx.slack.com/: 403', 'https://openedx.slack.com/archives/C04BM6YC7A6: 403']",False,"['https://img.shields.io/github/license/openedx/frontend-app-learner-dashboard.svg', 'https://github.com/openedx/frontend-app-learner-dashboard/blob/master/LICENSE', 'https://img.shields.io/badge/Status-Maintained-brightgreen', 'https://github.com/openedx/frontend-app-learner-dashboard/actions/workflows/ci.yml/badge.svg', 'https://github.com/openedx/frontend-app-learner-dashboard/actions/workflows/ci.yml', 'https://codecov.io/github/openedx/frontend-app-learner-dashboard/coverage.svg?branch=master', 'https://app.codecov.io/github/openedx/frontend-app-learner-dashboard?branch=master', 'https://github.com/openedx/frontend-plugin-framework', 'https://docs.openedx.org/en/latest/developers/quickstarts/so_you_want_to_contribute.html', 'https://openedx.atlassian.net/wiki/spaces/COMM/pages/3875962884/How+to+submit+an+open+source+contribution+for+Product+Review', 'https://discuss.openedx.org', 'https://github.com/openedx/frontend-app-learner-dashboard/issues', 'https://openedx.org/slack', 'https://openedx.org/community/connect', 'https://openedx.atlassian.net/wiki/spaces/OEPM/pages/3575906333/Learner+Home', 'https://openedx.org/code-of-conduct/']",True,True,True,False,,,True,2026-04-06,2025-02-17,4,False,False,,False,,[],,False,False,False,False
openedx/openedx-app-ios,,,,,,,4,7,0.7,7,False,2026-08-16,False,False,False,False,0,0,0,0,0,0,0,0,0,0,False,,False,False,True,False,False,True,True,True,False,False,False,False,False,False,False,False,False,False,2026-08-13 15:10:29,True,False,False,False,False,False,False,False,,openedx,0,"['https://app.transifex.com/open-edx/openedx-translations/dashboard/: 403', 'https://app.transifex.com/open-edx/openedx-translations/openedx-app-ios/: 404']",False,"['https://github.com/openedx/openedx-app-ios.git', 'https://docs.openedx.org/en/latest/developers/concepts/oep58.html', 'https://github.com/openedx/openedx-atlas', 'https://github.com/openedx/openedx-translations', 'https://github.com/openedx/openedx-translations/blob/6448167e9695a921f003ff6bd8f40f006a2d6743/translations/openedx-app-ios/I18N/I18N/uk.lproj/Localizable.strings', 'https://github.com/openedx/openedx-atlas/issues/20', 'https://github.com/apps/transifex-integration', 'https://github.com/openedx/openedx-app-ios/blob/main/LICENSE']",True,True,False,False,,,False,,,,False,False,,False,,[],,False,False,False,False
openedx/frontend-enterprise,,,,,,,0,0,0.5,20815,False,2026-08-16,False,False,False,False,4,0,0,0,4,0,0,0,0,0,False,,False,False,True,False,False,True,True,True,False,True,True,False,False,False,False,False,False,False,2026-06-10 14:02:29,True,False,False,False,False,False,False,False,@edx/frontend-enterprise,openedx,0,[],False,"['https://github.com/openedx/frontend-build', 'https://github.com/conventional-changelog/commitlint', 'https://github.com/openedx/frontend-enterprise/actions/workflows/publish-from-package.yml', 'https://github.com/openedx/frontend-enterprise/actions/workflows/release.yml/badge.svg', 'https://github.com/openedx/frontend-enterprise/actions', 'https://codecov.io/gh/edx/frontend-enterprise/branch/master/graph/badge.svg?token=lBHoe5P4Q3', 'https://codecov.io/gh/edx/frontend-enterprise']",True,True,False,False,,,True,2025-12-15,,0,False,False,,False,,[],,False,False,False,False
openedx/openedx-app-test,,,,,,,0,0,,,False,2026-08-16,False,False,False,False,1,0,399,1,0,0,0,0,0,0,False,,False,False,True,False,False,False,True,True,False,False,True,True,True,False,False,False,False,False,2025-08-29 14:34:13,True,False,False,False,False,False,False,False,,openedx,0,['https://stackoverflow.com/questions/6587507/how-to-install-pip-with-python-3: 403'],False,"['https://nodejs.org/en/', 'https://appium.io/docs/en/latest/quickstart/', 'https://www.oracle.com/europe/java/technologies/downloads/', 'https://developer.android.com/tools', 'https://github.com/openedx/openedx-app-test', 'https://www.python.org/downloads/', 'https://www.browserstack.com/list-of-browsers-and-platforms/automate']",True,True,False,False,,,False,,,,False,False,,False,,[],,False,False,False,False
openedx/edx-enterprise-data,,,,,,,11,30,0.9394,244744,True,2026-08-16,True,True,False,False,154,0,0,0,0,81,154,13,18,9,False,,False,False,True,False,True,True,True,True,True,True,False,True,False,True,False,True,True,False,2026-08-11 11:22:45,True,False,False,False,False,True,False,False,,openedx,6,[],False,"['https://github.com/openedx/edx-analytics-data-api/', 'https://github.com/openedx/edx-drf-extensions/blob/4569b9bf7e54a917d4acdd545b10c058c960dd1a/edx_rest_framework_extensions/auth/jwt/authentication.py', 'https://github.com/openedx/devstack', 'https://github.com/openedx/frontend-app-admin-portal/']",True,True,False,False,,,False,,,,True,True,,True,edx-enterprise-data,"['3', '3.12']",https://github.com/openedx/edx-enterprise-data,True,True,True,False
openedx/axim-engineering,,,,,,,2,0,1.0,1841272,False,2026-08-16,True,True,False,False,0,0,0,0,0,0,0,0,0,0,False,,False,False,True,False,False,False,True,True,True,False,False,False,False,False,False,False,False,False,2026-08-10 20:11:24,True,False,False,False,False,False,False,False,,openedx,0,[],False,"['https://openedx.atlassian.net/wiki/spaces/COMM/pages/3241640370/Axim+Collaborative+Engineering+Team', 'https://github.com/openedx/axim-engineering/issues/new/choose']",True,True,False,False,,,False,,,,False,False,,False,,[],,False,False,False,False
openedx/frontend-plugin-framework,,,,,,,3,6,0.8571,183,False,2026-08-16,True,True,False,False,21,0,0,5,16,0,0,0,0,0,False,,False,False,True,False,False,True,True,True,True,False,True,False,False,False,False,False,False,True,2026-08-14 17:34:56,True,False,False,False,False,False,False,False,,openedx,0,"['https://github.com/openedx/frontend-platform/blob/master/src/config.js: 404', 'https://open-edx-backstage.herokuapp.com/catalog/default/component/frontend-plugin-framework: 404']",True,"['https://img.shields.io/github/license/openedx/frontend-plugin-framework.svg', 'https://github.com/openedx/frontend-plugin-framework/blob/master/LICENSE', 'https://img.shields.io/badge/Status-Maintained-brightgreen', 'https://github.com/openedx/frontend-plugin-framework/actions/workflows/ci.yml/badge.svg', 'https://github.com/openedx/frontend-plugin-framework/actions/workflows/ci.yml', 'https://codecov.io/github/openedx/frontend-plugin-framework/coverage.svg?branch=master', 'https://codecov.io/github/openedx/frontend-plugin-framework?branch=master', 'https://github.com/openedx/frontend-platform/blob/master/docs/decisions/0007-javascript-file-configuration.rst', 'https://github.com/openedx/frontend-platform/blob/master/src/react/ErrorBoundary.jsx', 'https://discuss.openedx.org', 'https://github.com/openedx/frontend-plugin-framework/issues', 'https://openedx.org/slack', 'https://openedx.slack.com/', 'https://openedx.slack.com/archives/C04BM6YC7A6', 'https://openedx.org/getting-help', 'https://openedx.org/r/how-to-contribute', 'https://openedx.org/code-of-conduct/']",True,True,True,False,,,True,2025-11-24,2024-05-20,9,False,False,,False,,[],,False,False,False,False
openedx/frontend-app-learning,,,,,,,6,5,0.5312,319,False,2026-08-16,True,True,False,False,50,0,0,39,11,0,0,0,0,0,False,,False,False,True,False,False,True,True,True,True,False,True,False,False,False,False,False,False,False,2026-08-15 20:53:36,True,False,False,False,False,False,False,False,@edx/frontend-app-learning,openedx,0,"['http://local.openedx.io: HTTPConnectionPool(host=\'local.openedx.io\', port=80): Max retries exceeded with url: / (Caused by NewConnectionError(""HTTPConnection(host=\'local.openedx.io\', port=80): Failed to establish a new connection: [Errno 111] Connection refused""))', 'https://support.edx.org/hc/en-us/articles/360000038428-Entering-math-expressions-in-assignments-or-the-calculator: 404', 'https://openedx.slack.com/: 403', 'https://openedx.slack.com/archives/C04BM6YC7A6: 403']",False,"['https://codecov.io/gh/edx/frontend-app-learning/branch/master/graph/badge.svg?token=3z7XvuzTq3', 'https://codecov.io/gh/edx/frontend-app-learning', 'https://img.shields.io/badge/license-AGPL-informational', 'https://github.com/openedx/frontend-app-account/blob/master/LICENSE', 'https://github.com/overhangio/tutor', 'https://github.com/overhangio/tutor-mfe', 'https://github.com/openedx/frontend-app-learning.git', 'https://github.com/nvm-sh/nvm', 'https://github.com/openedx/frontend-build', 'https://openedx.github.io/frontend-platform/', 'https://github.com/openedx/frontend-plugin-framework', 'https://openedx.atlassian.net/browse/TNL-8678', 'https://support.edx.org/hc/en-us/articles/206503858-How-do-I-verify-my-identity', 'https://support.edx.org/hc/en-us/articles/206502008-What-is-a-verified-certificate', 'https://twitter.com/openedx', 'https://github.com/openedx/frontend-app-learning/issues', 'https://openedx.org/slack', 'https://openedx.org/community/connect', 'https://discuss.openedx.org', 'https://openedx.org/r/how-to-contribute', 'https://github.com/openedx/.github/blob/master/AI_POLICY.md', 'https://openedx.org/code-of-conduct/']",True,True,True,False,,,True,2026-04-06,2022-03-29,5,False,False,,False,,[],,False,False,False,False
openedx/openedx-k8s-harmony,,,,,,,5,3,0.5455,6,False,2026-08-16,True,True,False,False,0,0,0,0,0,0,0,0,0,0,False,,False,False,True,False,False,False,True,True,True,False,False,False,False,False,False,False,False,False,2026-08-11 22:38:22,True,False,False,False,False,False,False,False,,openedx,0,"['https://github.com/aws/karpenter/blob/main/website/content/en/docs/upgrade-guide.md: 404', 'https://XYZ.eks.amazonaws.com: HTTPSConnectionPool(host=\'xyz.eks.amazonaws.com\', port=443): Max retries exceeded with url: / (Caused by NameResolutionError(""HTTPSConnection(host=\'xyz.eks.amazonaws.com\', port=443): Failed to resolve \'xyz.eks.amazonaws.com\' ([Errno -2] Name or service not known)""))', 'https://karpenter.sh/docs/concepts/provisioners/: 404', 'https://karpenter.sh/docs/concepts/node-templates/: 404', 'https://ms-yourinstanceid.meilisearch.io: HTTPSConnectionPool(host=\'ms-yourinstanceid.meilisearch.io\', port=443): Max retries exceeded with url: / (Caused by NameResolutionError(""HTTPSConnection(host=\'ms-yourinstanceid.meilisearch.io\', port=443): Failed to resolve \'ms-yourinstanceid.meilisearch.io\' ([Errno -2] Name or service not known)""))', 'http://10.1.2.3: HTTPConnectionPool(host=\'10.1.2.3\', port=80): Max retries exceeded with url: / (Caused by NewConnectionError(""HTTPConnection(host=\'10.1.2.3\', port=80): Failed to establish a new connection: [Errno 113] No route to host""))', 'https://meilisearch: HTTPSConnectionPool(host=\'meilisearch\', port=443): Max retries exceeded with url: / (Caused by NameResolutionError(""HTTPSConnection(host=\'meilisearch\', port=443): Failed to resolve \'meilisearch\' ([Errno -3] Temporary failure in name resolution)""))']",False,"['https://www.openedx.org', 'https://docs.tutor.overhang.io/', 'https://kubernetes.github.io/ingress-nginx/', 'https://traefik.io/traefik/', 'https://cert-manager.io/', 'https://github.com/prometheus-community/helm-charts', 'https://grove.opencraft.com/', 'https://github.com/eduNEXT/tutor-contrib-pod-autoscaling', 'https://cert-manager.io/docs/installation/upgrading/', 'https://kubernetes.io/docs/tasks/run-application/horizontal-pod-autoscale/', 'https://github.com/kubernetes/autoscaler/tree/master/vertical-pod-autoscaler', 'https://github.com/kubernetes/autoscaler/tree/master/cluster-autoscaler', 'https://karpenter.sh/', 'https://karpenter.sh/docs/getting-started/getting-started-with-karpenter/', 'https://doc.traefik.io/traefik/migrate/nginx-to-traefik/', 'https://helm.sh/', 'https://openedx.github.io/openedx-k8s-harmony', 'https://github.com/cert-manager/cert-manager/releases/download/v1.10.1/cert-manager.crds.yaml', 'https://minikube.sigs.k8s.io/docs/start/', 'https://github.com/openedx/openedx-k8s-harmony.git', 'https://www.meilisearch.com/cloud', 'https://www.meilisearch.com/docs/learn/self_hosted/getting_started_with_self_hosted_meilisearch']",True,True,False,False,,,True,2026-04-04,2024-11-07,6,False,False,,False,,[],,False,False,False,False
openedx/frontend-platform,,,,,,,3,9,0.7,8,False,2026-08-16,False,False,False,False,39,0,0,19,20,0,0,0,0,0,False,,False,False,True,False,False,True,True,True,False,True,True,False,False,False,False,False,False,False,2026-08-12 05:46:40,True,False,False,False,False,False,False,False,@edx/frontend-platform,openedx,0,"['https://www.npmjs.com/package/@edx/frontend-platform: 403', 'http://local.openedx.io: HTTPConnectionPool(host=\'local.openedx.io\', port=80): Max retries exceeded with url: / (Caused by NewConnectionError(""HTTPConnection(host=\'local.openedx.io\', port=80): Failed to establish a new connection: [Errno 111] Connection refused""))', 'https://en.wikipedia.org/wiki/Convention_over_configuration: 403', 'https://edx.github.io/frontend-platform/module-Initialization.html: 404', 'https://edx.github.io/frontend-platform/module-Config.html: 404', 'https://custom.example.com/educators/index.html: HTTPSConnectionPool(host=\'custom.example.com\', port=443): Max retries exceeded with url: /educators/index.html (Caused by NameResolutionError(""HTTPSConnection(host=\'custom.example.com\', port=443): Failed to resolve \'custom.example.com\' ([Errno -5] No address associated with hostname)""))']",False,"['https://github.com/openedx/frontend-platform/actions/workflows/ci.yml/badge.svg', 'https://github.com/openedx/frontend-platform/actions/workflows/ci.yml', 'https://img.shields.io/codecov/c/github/edx/frontend-platform', 'https://codecov.io/gh/edx/frontend-platform', 'https://img.shields.io/npm/v/@edx/frontend-platform.svg', 'https://img.shields.io/npm/dt/@edx/frontend-platform.svg', 'https://img.shields.io/npm/l/@edx/frontend-platform.svg', 'https://github.com/openedx/frontend-platform/blob/master/LICENSE', 'https://img.shields.io/badge/%20%20%F0%9F%93%A6%F0%9F%9A%80-semantic--release-e10079.svg', 'https://github.com/semantic-release/semantic-release', 'https://openedx.github.io/frontend-platform/', 'https://docs.openedx.org/en/latest/educators/index.html', 'https://creativecommons.org/licenses', 'https://www.tldrlegal.com/license/creative-commons-attribution-cc', 'https://github.com/openedx/frontend-build']",True,True,False,False,,,True,2026-07-01,2023-05-29,10,False,False,,False,,[],,False,False,False,False
openedx/edx-lint,,,,,,,7,2,0.7826,16029,True,2026-08-16,True,True,False,False,49,0,0,0,0,20,49,2,2,1,False,,True,True,True,False,True,True,True,True,True,True,False,True,False,True,True,True,True,False,2026-08-14 13:01:48,True,False,False,False,False,True,False,False,,openedx,1,[],True,"['https://github.com/openedx/.github/blob/master/CONTRIBUTING.md', 'https://open.edx.org/getting-help', 'https://github.com/openedx/edx-lint/workflows/Python%20CI/badge.svg?branch=master', 'https://github.com/openedx/edx-lint/actions?query=workflow%3A%22Python+CI%22']",True,True,False,False,,,False,,,,True,True,,False,edx-lint,[],https://github.com/openedx/edx-lint,True,False,True,False
openedx/frontend-app-gradebook,,,,,,,5,5,0.3226,208,False,2026-08-16,True,True,False,False,47,0,0,35,12,0,0,0,0,0,False,,False,False,True,False,False,True,True,True,True,False,True,False,False,False,False,False,False,False,2026-08-13 14:58:24,True,False,False,False,False,True,False,False,@edx/frontend-app-gradebook,openedx,0,"['http://apps.local.openedx.io/gradebook/course-v1: HTTPConnectionPool(host=\'apps.local.openedx.io\', port=80): Max retries exceeded with url: /gradebook/course-v1 (Caused by NewConnectionError(""HTTPConnection(host=\'apps.local.openedx.io\', port=80): Failed to establish a new connection: [Errno 111] Connection refused""))', 'http://apps.local.openedx.io: HTTPConnectionPool(host=\'apps.local.openedx.io\', port=80): Max retries exceeded with url: / (Caused by NewConnectionError(""HTTPConnection(host=\'apps.local.openedx.io\', port=80): Failed to establish a new connection: [Errno 111] Connection refused""))', 'https://travis-ci.com/edx/frontend-app-gradebook: 404']",False,"['https://docs.openedx.org/en/latest/educators/how-tos/data/view_learner_grades.html', 'https://docs.openedx.org/en/latest/educators/how-tos/data/manage_learner_grades.html', 'https://github.com/openedx/frontend-app-gradebook.git', 'https://github.com/overhangio/tutor-mfe?tab=readme-ov-file', 'https://github.com/openedx/frontend-plugin-framework', 'https://webpack.js.org/', 'https://github.com/edx-unsupported/frontend-auth', 'https://openedx.org/r/how-to-contribute', 'https://discuss.openedx.org', 'https://github.com/openedx/frontend-app-gradebook/issues', 'https://openedx.org/slack', 'https://openedx.slack.com/', 'https://openedx.slack.com/archives/C04BM6YC7A6', 'https://openedx.org/community/connect', 'https://openedx.org/code-of-conduct/', 'https://api.travis-ci.com/edx/frontend-app-gradebook.svg?branch=master', 'https://img.shields.io/codecov/c/gh/openedx/frontend-app-gradebook', 'https://app.codecov.io/gh/openedx/frontend-app-gradebook', 'https://img.shields.io/npm/v/@edx/frontend-app-gradebook.svg', 'https://img.shields.io/npm/dt/@edx/frontend-app-gradebook.svg', 'https://img.shields.io/npm/l/@edx/frontend-app-gradebook.svg', 'https://img.shields.io/badge/%20%20%F0%9F%93%A6%F0%9F%9A%80-semantic--release-e10079.svg', 'https://github.com/semantic-release/semantic-release']",True,True,True,False,,,True,,,0,False,False,,False,,[],,False,False,False,False
openedx/frontend-app-catalog,,,,,,,4,5,0.7143,172,False,2026-08-16,True,True,False,False,34,0,0,25,9,0,0,0,0,0,False,,False,False,True,False,False,True,True,True,True,False,True,False,False,False,False,False,False,False,2026-08-12 17:58:57,True,False,False,False,False,False,False,False,@edx/frontend-app-catalog,openedx,0,"['http://apps.local.openedx.io: HTTPConnectionPool(host=\'apps.local.openedx.io\', port=80): Max retries exceeded with url: / (Caused by NewConnectionError(""HTTPConnection(host=\'apps.local.openedx.io\', port=80): Failed to establish a new connection: [Errno 111] Connection refused""))', 'https://open-edx-backstage.herokuapp.com/catalog/default/component/frontend-app-catalog: 404']",True,"['https://img.shields.io/github/license/openedx/frontend-app-catalog.svg', 'https://github.com/openedx/frontend-app-catalog/blob/master/LICENSE', 'https://img.shields.io/badge/Status-Maintained-brightgreen', 'https://codecov.io/github/openedx/frontend-app-catalog/coverage.svg?branch=master', 'https://codecov.io/github/openedx/frontend-app-catalog?branch=master', 'https://docs.openedx.org/en/latest/community/release_notes/ulmo/ulmo_catalog.html', 'https://github.com/openedx/frontend-app-catalog.git', 'https://github.com/openedx/edx-search/releases/tag/v4.4.0', 'https://github.com/openedx/openedx-platform/pull/37948', 'https://github.com/openedx/openedx-platform/pull/37949', 'https://github.com/overhangio/tutor', 'https://github.com/overhangio/tutor-mfe', 'https://github.com/nvm-sh/nvm', 'https://github.com/openedx/frontend-platform/blob/master/docs/how_tos/i18n.rst', 'https://github.com/openedx/frontend-plugin-framework', 'https://discuss.openedx.org', 'https://openedx.org/slack', 'https://openedx.slack.com/archives/C04BM6YC7A6', 'https://github.com/openedx/frontend-app-catalog/issues', 'https://openedx.org/getting-help', 'https://openedx.org/r/how-to-contribute', 'https://openedx.org/code-of-conduct/']",True,True,True,False,,,True,2026-04-06,2025-12-19,3,False,False,,False,,[],,False,False,False,False
openedx/frontend-app-aspects,,,,,,,5,3,0.7895,123,False,2026-08-16,True,True,False,False,14,0,0,3,11,0,0,0,0,0,False,,False,False,True,False,False,True,True,True,True,False,True,False,False,False,False,False,False,False,2026-08-10 14:59:03,True,False,False,False,False,False,False,False,,openedx,0,['https://open-edx-backstage.herokuapp.com/catalog/default/component/frontend-app-aspects: 404'],True,"['https://github.com/openedx/frontend-app-aspects.git', 'https://discuss.openedx.org', 'https://github.com/openedx/frontend-app-aspects/issues', 'https://github.com/openedx/frontend-base', 'https://github.com/overhangio/tutor-mfe', 'https://github.com/openedx/frontend-base/blob/main/docs/how_tos/i18n.rst', 'https://openedx.org/slack', 'https://openedx.slack.com/archives/C04BM6YC7A6', 'https://openedx.org/getting-help', 'https://openedx.org/r/how-to-contribute', 'https://openedx.org/code-of-conduct/', 'https://img.shields.io/github/license/openedx/frontend-app-aspects.svg', 'https://github.com/openedx/frontend-app-aspects/blob/main/LICENSE', 'https://img.shields.io/badge/Status-Maintained-brightgreen', 'https://github.com/openedx/frontend-app-aspects/actions/workflows/ci.yml/badge.svg', 'https://github.com/openedx/frontend-app-aspects/actions/workflows/ci.yml', 'https://codecov.io/github/openedx/frontend-app-aspects/coverage.svg?branch=main', 'https://codecov.io/github/openedx/frontend-app-aspects?branch=main']",True,True,True,False,,,True,,,0,False,False,,False,,[],,False,False,False,False
openedx/sample-aspects-dbt,,,,,,,0,0,0.0,,False,2026-08-16,False,False,False,False,0,0,0,0,0,0,0,0,0,0,False,,False,False,True,False,False,False,True,False,False,False,False,False,False,False,False,False,False,False,2026-08-03 14:34:22,True,False,False,False,False,False,False,False,,openedx,0,[],False,"['https://docs.getdbt.com/reference/resource-properties/unit-tests', 'https://discuss.openedx.org', 'https://docs.getdbt.com/docs/introduction', 'https://discourse.getdbt.com/', 'https://community.getdbt.com/', 'https://events.getdbt.com', 'https://blog.getdbt.com/']",True,True,False,False,,,False,,,,False,False,,False,,[],,False,False,False,False
openedx/browserslist-config,,,,,,,1,1,1.0,25783,False,2026-08-16,False,False,False,False,1,0,0,0,1,0,0,0,0,0,False,,False,False,True,False,False,False,True,True,False,False,True,False,False,False,False,False,False,False,2026-05-20 13:27:14,True,False,False,False,False,False,False,False,@edx/browserslist-config,openedx,0,['https://www.npmjs.com/package/@edx/browserslist-config: 403'],False,"['https://img.shields.io/npm/l/@edx/browserslist-config', 'https://img.shields.io/npm/v/@edx/browserslist-config', 'https://github.com/browserslist/browserslist', 'https://support.edx.org/hc/en-us/articles/206211848-What-are-the-system-requirements-and-supported-browsers-on-edX']",True,True,False,False,,,True,,,0,False,False,,False,,[],,False,False,False,False
openedx/help-tokens,,,,,,,6,1,0.9333,43918,True,2026-08-16,True,True,False,False,93,0,0,0,0,5,93,5,5,3,False,,True,False,True,False,True,True,True,True,True,True,False,True,False,True,True,True,True,False,2026-08-12 20:29:14,True,True,True,False,False,True,False,False,,openedx,4,[],True,"['https://docs.openedx.org/en/latest/learners', 'https://docs.openedx.org/en/latest/educators', 'https://github.com/openedx/.github/blob/master/CONTRIBUTING.md', 'https://github.com/openedx/help-tokens/blob/master/.github/PULL_REQUEST_TEMPLATE.md', 'https://github.com/openedx/help-tokens/blob/master/.github/ISSUE_TEMPLATE.md', 'https://open.edx.org/getting-help', 'https://img.shields.io/pypi/v/help-tokens.svg', 'https://pypi.python.org/pypi/help-tokens/', 'https://github.com/openedx/help-tokens/workflows/Python%20CI/badge.svg?branch=master', 'https://github.com/openedx/help-tokens/actions?query=workflow%3A%22Python+CI%22', 'http://codecov.io/github/edx/help-tokens/coverage.svg?branch=master', 'http://codecov.io/github/edx/help-tokens?branch=master', 'https://img.shields.io/pypi/pyversions/help-tokens.svg', 'https://img.shields.io/github/license/edx/help-tokens.svg', 'https://github.com/openedx/help-tokens/blob/master/LICENSE.txt']",True,True,True,False,,,False,,,,True,True,,True,help-tokens,"['3', '3.11', '3.12']",https://github.com/openedx/help-tokens,True,True,True,False
openedx/frontend-app-admin-portal,,,,,,,4,0,0.4762,349,False,2026-08-16,True,True,False,False,73,0,0,53,20,0,0,0,0,0,False,,False,False,True,False,False,True,True,True,True,False,True,False,False,False,False,False,False,False,2026-08-14 17:00:51,True,False,False,False,False,False,False,False,,openedx,0,[],False,"['https://github.com/openedx/frontend-app-admin-portal/actions/workflows/ci.yml/badge.svg', 'https://codecov.io/gh/edx/frontend-app-admin-portal/branch/master/graph/badge.svg', 'https://github.com/openedx/devstack', 'https://github.com/openedx/edx-analytics-data-api', 'https://discuss.openedx.org', 'https://github.com/openedx/frontend-app-admin-portal/issues', 'https://openedx.org/slack', 'https://openedx.slack.com/', 'https://openedx.slack.com/archives/C04BM6YC7A6', 'https://openedx.org/community/connect', 'https://openedx.org/r/how-to-contribute', 'https://openedx.org/code-of-conduct/']",True,True,True,False,,,True,2026-02-07,2024-05-22,6,False,False,,False,,[],,False,False,False,False
openedx/xblock-google-drive,,,,,,,3,1,0.875,49691,True,2026-08-16,True,True,False,False,99,0,0,0,0,85,99,7,7,5,False,,False,False,True,False,False,True,True,True,True,True,False,False,False,True,True,True,True,False,2026-08-10 20:13:26,True,True,True,False,False,True,False,False,,openedx,0,['https://openedx.atlassian.net/wiki/display/OpenOPS/Running+Fullstack: 404'],False,"['https://docs.openedx.org/en/latest/developers/references/developer_guide/internationalization/i18n.html', 'https://xblock-tutorial.readthedocs.io/en/latest/', 'https://travis-ci.org/edx-solutions/xblock-google-drive.svg?branch=master', 'https://travis-ci.org/edx-solutions/xblock-google-drive']",True,True,False,False,,,False,,,,True,True,,True,xblock-google-drive,['3.12'],https://github.com/openedx/xblock-google-drive,True,True,True,False
openedx/pr_watcher_notifier,,,,,,,2,0,1.0,24168,False,2026-08-16,False,False,False,False,0,0,0,0,0,0,0,0,0,0,False,,False,False,True,False,False,True,True,True,False,False,False,False,False,False,True,False,False,False,2026-05-30 15:32:44,True,False,False,False,False,True,False,False,,openedx,0,['https://pythonhosted.org/Flask-Mail/: 404'],False,"['https://developer.github.com/webhooks/creating/', 'https://github.com/settings/tokens', 'https://github.com/lgp171188/custom_templates']",True,True,False,False,,,False,,,,False,False,,False,,[],,False,False,False,False
openedx/DoneXBlock,,,,,,,5,2,0.878,91,True,2026-08-16,True,True,False,False,124,0,0,0,0,20,124,7,7,6,False,,True,False,True,False,False,True,True,True,True,True,False,True,False,True,False,True,True,False,2026-08-13 14:46:50,True,True,True,False,False,True,False,False,,openedx,0,"['https://www.gnu.org/licenses/agpl-3.0: HTTPSConnectionPool(host=\'www.gnu.org\', port=443): Max retries exceeded with url: /licenses/agpl-3.0 (Caused by NewConnectionError(""HTTPSConnection(host=\'www.gnu.org\', port=443): Failed to establish a new connection: [Errno 101] Network is unreachable""))', 'https://open-edx-backstage.herokuapp.com/catalog/default/component/DoneXBlock: 404']",True,"['https://img.shields.io/badge/License-AGPL_v3-blue.svg', 'https://github.com/openedx/DoneXBlock/actions/workflows/ci.yml/badge.svg', 'https://github.com/openedx/DoneXBlock/actions/workflows/ci.yml', 'https://github.com/openedx/DoneXBlock/actions/workflows/pypi-release.yml/badge.svg', 'https://github.com/openedx/DoneXBlock/actions/workflows/pypi-release.yml', 'https://img.shields.io/badge/status-maintained-31c653', 'https://openedx.org/r/xblock', 'https://docs.tutor.edly.io/configuration.html', 'https://discuss.openedx.org', 'https://github.com/openedx/DoneXBlock/issues', 'https://openedx.org/slack', 'https://openedx.slack.com/', 'https://openedx.org/getting-help', 'https://openedx.org/r/how-to-contribute', 'https://openedx.org/code-of-conduct/']",True,True,True,True,.readthedocs.yaml,2,False,,,,True,True,,True,done-xblock,"['3', '3.12']",https://github.com/openedx/DoneXBlock,True,True,True,False
openedx/event-bus-redis,,,,,,,4,6,0.9444,16610,True,2026-08-16,True,True,False,False,115,0,0,0,0,30,115,7,8,5,True,,True,True,True,True,False,True,True,True,True,False,False,True,False,True,True,True,True,False,2026-08-12 13:54:49,True,True,True,False,False,True,False,False,,openedx,0,"['https://docs.openedx.org/projects/event-bus-redis: 404', 'https://openedx.slack.com/: 403', 'https://open-edx-backstage.herokuapp.com/catalog/default/component/event-bus-redis: 404', 'https://event-bus-redis.readthedocs.io/en/latest/: 404']",True,"['https://redis.readthedocs.io/en/stable/examples/ssl_connection_examples.html', 'https://github.com/openedx/openedx-events/blob/06635f3642cee4020d6787df68bba694bd1233fe/openedx_events/event_bus/__init__.py', 'https://redis.io/commands/xread/', 'https://openedx.atlassian.net/wiki/spaces/AC/pages/3508699151/How+to+start+using+the+Event+Bus', 'https://openedx.atlassian.net/wiki/spaces/DOC/pages/21627535/Publish+Documentation+on+Read+the+Docs', 'https://discuss.openedx.org', 'https://github.com/openedx/event-bus-redis/issues', 'https://openedx.org/slack', 'https://openedx.org/getting-help', 'https://openedx.org/r/how-to-contribute', 'https://openedx.org/code-of-conduct/', 'https://img.shields.io/pypi/v/edx-event-bus-redis.svg', 'https://pypi.python.org/pypi/edx-event-bus-redis/', 'https://github.com/openedx/event-bus-redis/workflows/Python%20CI/badge.svg?branch=main', 'https://github.com/openedx/event-bus-redis/actions', 'https://codecov.io/github/openedx/event-bus-redis/coverage.svg?branch=main', 'https://codecov.io/github/openedx/event-bus-redis?branch=main', 'https://readthedocs.org/projects/edx-event-bus-redis/badge/?version=latest', 'https://img.shields.io/pypi/pyversions/edx-event-bus-redis.svg', 'https://pypi.python.org/pypi/event-bus-redis/', 'https://img.shields.io/github/license/openedx/event-bus-redis.svg', 'https://github.com/openedx/event-bus-redis/blob/main/LICENSE.txt', 'https://img.shields.io/badge/Status-Experimental-yellow']",True,True,True,True,.readthedocs.yaml,2,False,,,,True,True,,True,edx_event_bus_redis,"['3', '3.12']",https://github.com/openedx/event-bus-redis,True,True,True,False
openedx/openedx-events,,,,,,,7,5,0.85,147184,True,2026-08-16,True,True,False,False,121,0,0,0,0,20,121,5,6,3,True,,True,True,True,False,True,True,True,True,True,True,False,True,False,True,True,True,True,False,2026-08-10 20:13:09,True,True,True,False,False,True,False,False,,openedx,0,['https://openedx.slack.com/: 403'],True,"['https://open-edx-proposals.readthedocs.io/en/latest/oep-0050-hooks-extension-framework.html', 'https://docs.openedx.org/en/latest/developers/how-tos/get-ready-for-python-dev.html', 'https://openedx-events.readthedocs.io/en/latest/', 'https://discuss.openedx.org', 'https://github.com/openedx/openedx-events/issues', 'https://openedx.org/slack', 'https://openedx.org/getting-help', 'https://openedx.org/r/how-to-contribute', 'https://openedx.org/code-of-conduct/', 'https://backstage.openedx.org/catalog/default/component/openedx-events', 'https://img.shields.io/pypi/v/openedx-events.svg', 'https://pypi.python.org/pypi/openedx-events/', 'https://github.com/openedx/openedx-events/actions/workflows/ci.yml/badge.svg?branch=main', 'https://github.com/openedx/openedx-events/actions/workflows/ci.yml', 'https://codecov.io/github/openedx/openedx-events/coverage.svg?branch=main', 'https://codecov.io/github/openedx/openedx-events?branch=main', 'https://readthedocs.org/projects/openedx-events/badge/?version=latest', 'https://img.shields.io/pypi/pyversions/openedx-events.svg', 'https://img.shields.io/github/license/openedx/openedx-events.svg', 'https://github.com/openedx/openedx-events/blob/main/LICENSE.txt', 'https://img.shields.io/badge/Status-Maintained-brightgreen']",True,True,True,True,.readthedocs.yaml,2,False,,,,True,True,,True,openedx-events,"['3', '3.12']",https://github.com/openedx/openedx-events,True,True,True,False
openedx/edx-submissions,,,,,,,5,6,0.7619,125,True,2026-08-16,True,True,False,False,106,0,0,0,0,10,106,8,11,4,True,,True,False,True,False,False,True,True,True,True,True,False,True,False,True,True,True,True,False,2026-08-12 16:34:54,True,False,False,False,False,True,False,False,,openedx,4,['https://docs.openedx.org/projects/edx-submissions: 404'],True,"['https://discuss.openedx.org', 'https://github.com/openedx/edx-submissions/issues', 'https://openedx.org/getting-help', 'https://openedx.org/slack', 'https://openedx.slack.com/', 'https://openedx.org/r/how-to-contribute', 'https://openedx.org/code-of-conduct/', 'https://backstage.openedx.org/catalog/default/component/edx-submissions', 'https://img.shields.io/pypi/v/edx-submissions.svg', 'https://pypi.python.org/pypi/edx-submissions/', 'https://github.com/openedx/edx-submissions/actions/workflows/ci.yml/badge.svg?branch=master', 'https://github.com/openedx/edx-submissions/actions/workflows/ci.yml?branch=master', 'https://codecov.io/github/openedx/edx-submissions/coverage.svg?branch=master', 'https://codecov.io/github/openedx/edx-submissions?branch=master', 'https://readthedocs.org/projects/edx-submissions/badge/?version=latest', 'https://img.shields.io/pypi/pyversions/edx-submissions.svg', 'https://img.shields.io/github/license/openedx/edx-submissions.svg', 'https://github.com/openedx/edx-submissions/blob/master/LICENSE.txt', 'https://img.shields.io/badge/Status-Experimental-yellow', 'https://img.shields.io/badge/Status-Maintained-brightgreen', 'https://img.shields.io/badge/Status-Deprecated-orange', 'https://img.shields.io/badge/Status-Unsupported-red']",True,True,True,True,.readthedocs.yaml,2,False,,,,True,True,,True,edx-submissions,"['3', '3.12']",http://github.com/openedx/edx-submissions.git,True,True,True,False
openedx/xqueue,,,,,,,0,1,0.0,,True,2026-08-16,False,False,False,False,59,0,0,0,0,57,59,5,7,3,False,,True,False,True,False,False,True,True,True,False,False,False,False,False,True,False,False,True,False,2026-07-30 14:21:13,True,True,True,False,False,True,False,False,,openedx,2,[],True,"['https://github.com/openedx/public-engineering/issues/286', 'https://open.edx.org/getting-help']",True,True,True,False,,,False,,,,True,True,,False,,[],,True,False,True,False
openedx/openedx-chem,,,,,,,2,0,0.6667,76,True,2026-08-16,False,False,False,False,39,0,0,0,0,9,39,0,0,0,False,,True,False,True,False,False,True,True,True,False,True,False,False,False,True,False,True,True,False,2026-05-30 15:29:42,True,False,False,False,False,False,False,False,,openedx,2,[],False,"['https://github.com/openedx/edx-platform', 'https://github.com/openedx/openedx-chem/blob/master/LICENSE']",True,True,False,False,,,False,,,,False,True,,True,chem,"['3', '3.12']",https://github.com/openedx/openedx-chem,True,True,True,False
openedx/eslint-config,,,,,,,1,0,1.0,51201,False,2026-08-16,False,False,False,False,9,0,0,0,9,0,0,0,0,0,False,,False,False,True,False,False,False,True,True,False,False,True,False,False,False,False,False,False,False,2026-08-12 01:38:09,True,False,False,False,False,False,False,False,@edx/eslint-config,openedx,0,"['https://www.npmjs.com/package/@edx/eslint-config: 403', 'https://www.npmjs.com/package/eslint-config-airbnb-typescript: 403']",False,"['https://github.com/openedx/eslint-config/actions/workflows/release.yml/badge.svg', 'https://github.com/openedx/eslint-config/actions/workflows/release.yml/', 'https://img.shields.io/npm/v/@edx/eslint-config.svg', 'https://img.shields.io/npm/dt/@edx/eslint-config.svg', 'https://img.shields.io/npm/l/@edx/eslint-config.svg', 'https://github.com/openedx/eslint-config/blob/master/LICENSE', 'https://img.shields.io/badge/%20%20%F0%9F%93%A6%F0%9F%9A%80-semantic--release-e10079.svg', 'https://github.com/semantic-release/semantic-release']",True,True,False,False,,,True,2025-12-08,2024-04-29,9,False,False,,False,,[],,False,False,False,False
openedx/cc2olx,,,,,,,3,1,0.9444,902851,True,2026-08-16,True,True,False,False,67,0,0,0,0,11,67,1,1,0,False,,True,True,True,False,True,True,True,True,True,True,False,False,False,True,True,True,True,False,2026-08-10 20:02:13,True,True,False,False,False,True,False,False,,openedx,2,[],False,"['https://github.com/openedx/cc2olx/workflows/Python%20CI/badge.svg?branch=master', 'https://github.com/openedx/cc2olx/actions?query=workflow%3A%22Python+CI%22', 'https://www.imsglobal.org/activity/common-cartridge', 'https://github.com/raccoongang/xblock-pdf', 'https://github.com/openedx/xblock-google-drive', 'https://s3.amazonaws.com/public-imscc/c075c6df1f674a7b9d9192307e812f74.imscc', 'https://lor.instructure.com/resources/c075c6df1f674a7b9d9192307e812f74', 'https://s3.amazonaws.com/public-imscc/faa3332ffd834070ad81d97bdb236649.imscc', 'https://lor.instructure.com/resources/faa3332ffd834070ad81d97bdb236649', 'https://s3.amazonaws.com/public-imscc/d933c048da6d4fd5a9cb552148d628cb.imscc', 'https://lor.instructure.com/resources/d933c048da6d4fd5a9cb552148d628cb']",True,True,False,False,,,False,,,,True,True,,True,cc2olx,"['3', '3.12']",https://github.com/openedx/cc2olx,True,True,True,False
openedx/openedx-app-foundation-android,,,,,,,1,9,1.0,24493,False,2026-08-16,False,False,False,False,0,0,0,0,0,0,0,0,0,0,False,,False,False,True,False,False,False,True,True,False,False,False,False,False,False,False,False,False,False,2026-07-30 14:21:49,True,False,False,False,False,False,False,False,,openedx,0,[],False,['https://jitpack.io'],True,True,False,False,,,False,,,,False,False,,False,,[],,False,False,False,False
openedx/aspects-dbt,,,,,,,2,10,1.0,32387,False,2026-08-16,True,True,False,False,0,0,0,0,0,0,0,0,0,0,False,,False,False,True,False,False,True,True,True,True,False,False,False,True,False,False,False,False,False,2026-07-30 14:21:43,True,False,False,False,False,False,False,False,,openedx,0,"['https://openedx.slack.com/: 403', 'https://open-edx-backstage.herokuapp.com/catalog/default/component/openedx-event-sink-clickhouse: 404']",True,"['https://openedx.github.io/aspects-dbt/', 'https://clickhouse.com', 'https://docs.openedx.org/projects/openedx-aspects/en/latest/index.html', 'https://docs.getdbt.com/reference/resource-properties/unit-tests', 'https://discuss.openedx.org', 'https://github.com/openedx/aspects-dbt/issues', 'https://openedx.org/slack', 'https://openedx.org/getting-help', 'https://openedx.org/r/how-to-contribute', 'https://openedx.org/code-of-conduct/']",True,True,True,False,,,False,,,,False,False,,False,,[],,False,False,False,False
openedx/edx-enterprise-subsidy-client,,,,,,,6,11,0.875,47567,True,2026-08-16,True,True,False,False,103,0,0,0,0,19,103,5,6,4,True,,True,True,True,False,True,True,True,True,True,True,False,True,False,True,True,True,True,False,2026-08-11 11:36:47,True,False,True,False,False,True,False,False,,openedx,0,"['https://docs.openedx.org/projects/edx-enterprise-subsidy-client/how-tos/how-to-deploy-this-component.html: 404', 'https://docs.openedx.org/projects/edx-enterprise-subsidy-client: 404', 'https://open-edx-backstage.herokuapp.com/catalog/default/component/edx-enterprise-subsidy-client: 404', 'https://edx-enterprise-subsidy-client.readthedocs.io/en/latest/: 404']",True,"['https://openedx.atlassian.net/wiki/spaces/DOC/pages/21627535/Publish+Documentation+on+Read+the+Docs', 'https://discuss.openedx.org', 'https://github.com/openedx/edx-enterprise-subsidy-client/issues', 'https://openedx.org/slack', 'https://openedx.slack.com/', 'https://openedx.org/getting-help', 'https://openedx.org/r/how-to-contribute', 'https://openedx.org/code-of-conduct/', 'https://img.shields.io/pypi/v/edx-enterprise-subsidy-client.svg', 'https://pypi.python.org/pypi/edx-enterprise-subsidy-client/', 'https://github.com/openedx/edx-enterprise-subsidy-client/workflows/Python%20CI/badge.svg?branch=main', 'https://github.com/openedx/edx-enterprise-subsidy-client/actions', 'https://codecov.io/github/openedx/edx-enterprise-subsidy-client/coverage.svg?branch=main', 'https://codecov.io/github/openedx/edx-enterprise-subsidy-client?branch=main', 'https://readthedocs.org/projects/edx-enterprise-subsidy-client/badge/?version=latest', 'https://img.shields.io/pypi/pyversions/edx-enterprise-subsidy-client.svg', 'https://img.shields.io/github/license/openedx/edx-enterprise-subsidy-client.svg', 'https://github.com/openedx/edx-enterprise-subsidy-client/blob/main/LICENSE.txt', 'https://img.shields.io/badge/Status-Experimental-yellow', 'https://img.shields.io/badge/Status-Maintained-brightgreen', 'https://img.shields.io/badge/Status-Deprecated-orange', 'https://img.shields.io/badge/Status-Unsupported-red']",True,True,True,True,.readthedocs.yaml,2,False,,,,False,True,,True,edx-enterprise-subsidy-client,"['3', '3.12']",https://github.com/openedx/edx-enterprise-subsidy-client,False,True,True,False
openedx/frontend-app-profile,,,,,,,3,5,0.4146,223,False,2026-08-16,True,True,False,False,44,0,0,35,9,0,0,0,0,0,False,,False,False,True,False,False,True,True,True,True,False,True,False,False,False,False,False,False,False,2026-08-13 14:04:18,True,False,False,False,False,True,False,False,@edx/frontend-app-profile,openedx,0,"['https://github.com/openedx/frontend-app-profile/blob/main/LICENSE: 404', 'https://backstage.herokuapp.com/catalog/default/component/frontend-app-profile: 502']",True,"['https://img.shields.io/github/license/openedx/frontend-app-profile.svg', 'https://img.shields.io/badge/Status-Maintained-brightgreen', 'https://github.com/openedx/frontend-app-profile/actions/workflows/ci.yml/badge.svg', 'https://github.com/openedx/frontend-app-profile/actions/workflows/ci.yml', 'https://codecov.io/github/openedx/frontend-app-profile/coverage.svg?branch=main', 'https://codecov.io/github/openedx/frontend-app-profile?branch=main', 'https://github.com/overhangio/tutor', 'https://github.com/overhangio/tutor-mfe', 'https://github.com/openedx/frontend-app-profile.git', 'https://github.com/nvm-sh/nvm', 'https://github.com/openedx/frontend-plugin-framework', 'https://discuss.openedx.org', 'https://github.com/openedx/frontend-app-profile/issues', 'https://openedx.org/slack', 'https://openedx.slack.com/', 'https://openedx.slack.com/archives/C04BM6YC7A6', 'https://openedx.org/getting-help', 'https://openedx.org/r/how-to-contribute', 'https://openedx.org/code-of-conduct/']",True,True,True,False,,,True,2026-04-06,2025-07-21,5,False,False,,False,,[],,False,False,False,False
openedx/xblock-drag-and-drop-v2,,,,,,,4,4,0.8333,46026,True,2026-08-16,True,True,False,False,95,0,0,0,0,33,95,8,9,6,False,,False,False,True,False,False,True,True,True,True,True,False,True,False,True,False,True,True,False,2026-08-10 17:26:04,True,True,False,False,False,True,False,False,,openedx,0,[],False,"['https://docs.openedx.org/en/latest/educators/references/course_development/problem_settings.html', 'https://github.com/open-craft/demo-courses/archive/drag-and-drop-v2.tar.gz', 'https://docs.openedx.org/projects/xblock/en/latest/xblock-tutorial/edx_platform/edx_lms.html', 'https://github.com/openedx/i18n-tools', 'https://github.com/openedx/openedx-translations']",True,True,False,False,,,False,,,,True,True,,True,xblock-drag-and-drop-v2,['3.12'],https://github.com/openedx/xblock-drag-and-drop-v2,True,True,True,False
openedx/openedx-app-android,,,,,,,3,6,0.6667,24527,False,2026-08-16,True,True,False,False,0,0,0,0,0,0,0,0,0,0,False,,False,False,True,False,False,True,True,True,True,False,False,False,False,False,False,False,False,False,2026-08-10 23:55:51,True,False,False,False,False,False,False,False,,openedx,0,"['https://app.transifex.com/open-edx/openedx-translations/dashboard/: 403', 'https://app.transifex.com/open-edx/openedx-translations/openedx-app-android/: 404']",False,"['https://github.com/openedx/openedx-app-android.git', 'https://docs.openedx.org/en/latest/developers/concepts/oep58.html', 'https://github.com/openedx/openedx-atlas', 'https://github.com/openedx/openedx-translations', 'https://github.com/openedx/openedx-translations/blob/04ccea36b8e6a9889646dfb5a5acb99686fa9ae0/translations/openedx-app-android/i18n/src/main/res/values-uk/strings.xml', 'https://github.com/openedx/openedx-atlas/issues/20', 'https://github.com/apps/transifex-integration', 'https://github.com/openedx/openedx-app-android/blob/main/LICENSE']",True,True,False,False,,,False,,,,False,False,,False,,[],,False,False,False,False
openedx/event-tracking,,,,,,,5,3,0.95,29605,True,2026-08-16,True,True,False,False,98,0,0,0,0,43,98,5,6,4,False,,True,False,True,False,True,True,True,True,True,True,False,True,False,True,True,True,True,False,2026-08-12 19:19:42,True,False,False,False,False,True,False,False,,openedx,2,"['http://www.edx.org/some/path/1: 404', 'http://www.edx.org/some/path/2: 404']",False,"['http://code.edx.org/', 'http://event-tracking.readthedocs.org/en/latest/', 'https://github.com/openedx/edx-platform/wiki/How-To-Contribute', 'https://groups.google.com/forum/', 'https://github.com/openedx/event-tracking/workflows/Python%20CI/badge.svg?branch=master', 'https://github.com/openedx/event-tracking/actions?query=workflow%3A%22Python+CI%22']",True,False,True,False,,,False,,,,True,True,,True,event-tracking,"['3', '3.12']",https://github.com/openedx/event-tracking,True,False,True,False
openedx/xblock-image-explorer,,,,,,,3,2,0.875,45582,True,2026-08-16,True,True,False,False,84,0,0,0,0,28,84,6,6,4,False,,False,False,True,False,False,True,True,True,True,False,False,True,False,True,False,True,True,False,2026-08-10 20:12:58,True,True,False,False,False,False,False,False,,openedx,0,"['http://link/to/image.jpg: HTTPConnectionPool(host=\'link\', port=80): Max retries exceeded with url: /to/image.jpg (Caused by NameResolutionError(""HTTPConnection(host=\'link\', port=80): Failed to resolve \'link\' ([Errno -3] Temporary failure in name resolution)""))']",False,"['https://github.com/openedx/xblock-image-explorer/actions/workflows/ci.yml/badge.svg', 'https://github.com/openedx/xblock-image-explorer/actions/workflows/ci.yml', 'https://raw.githubusercontent.com/openedx/xblock-image-explorer/3b67392a73edcd606f4e3fb30cfa8b3cc20720d3/doc/img/student-view.png', 'https://raw.githubusercontent.com/openedx/xblock-image-explorer/3b67392a73edcd606f4e3fb30cfa8b3cc20720d3/doc/img/edit-view.png']",True,True,False,False,,,False,,,,True,True,,True,xblock-image-explorer,['3.12'],https://github.com/openedx/xblock-image-explorer,True,True,True,False
openedx/edx-organizations,,,,,,,5,3,1.0,777460,True,2026-08-16,True,True,False,False,37,0,0,0,0,31,37,5,9,4,False,,True,False,True,False,True,True,True,True,True,True,False,True,False,True,True,True,True,False,2026-08-11 16:34:38,True,False,True,False,False,True,False,False,,openedx,7,['https://coveralls.io/github/edx/edx-organizations?branch=master: 403'],False,"['https://github.com/openedx/edx-organizations/workflows/Python%20CI/badge.svg?branch=master', 'https://github.com/openedx/edx-organizations/actions?query=workflow%3A%22Python+CI%22', 'https://coveralls.io/repos/github/edx/edx-organizations/badge.svg?branch=master', 'https://github.com/openedx/.github/blob/master/CONTRIBUTING.md', 'https://groups.google.com/forum/']",True,False,True,False,,,False,,,,True,True,,True,edx-organizations,"['3', '3.12']",https://github.com/openedx/edx-organizations,True,True,True,False
openedx/openedx-webhooks-data-schema,,,,,,,0,0,0.6667,12513,True,2026-08-16,False,False,False,False,74,0,0,0,0,2,74,2,2,1,False,,False,True,True,False,True,True,True,True,False,True,False,True,False,True,True,True,False,False,2025-07-30 09:30:08,True,True,True,False,False,True,False,False,,openedx,5,[],True,"['https://github.com/openedx/.github/blob/master/CONTRIBUTING.md', 'https://discuss.openedx.org', 'https://openedx.org/slack', 'https://openedx.slack.com/', 'https://openedx.org/getting-help']",True,True,True,False,,,False,,,,False,True,,True,repo-tools-data-schema,"['3', '3.11', '3.12']",https://github.com/openedx/repo-tools-data-schema,False,False,False,False
openedx/XBlock,,,,,,,6,7,0.9355,111555,True,2026-08-16,True,True,False,False,0,0,0,0,0,0,0,0,0,0,True,,True,False,True,False,True,True,True,True,True,True,False,True,True,False,False,False,True,False,2026-08-16 00:09:22,True,False,True,False,False,True,False,False,,openedx,0,"['http://scorm.com/scorm-explained/: 403', 'https://openedx.slack.com/: 403', 'https://github.com/openedx/XBlock/blob/master/LICENSE.txt: 404']",True,"['http://www.lon-capa.org/', 'http://www.imsglobal.org/toolsinteroperability2.cfm', 'https://github.com/openedx/XBlock/blob/master/CHANGELOG.rst', 'https://github.com/openedx/XBlock/blob/master/xblock/__init__.py', 'https://github.com/openedx/xblock-sdk', 'https://docs.openedx.org/projects/xblock/en/latest/xblock-tutorial/index.html', 'https://discuss.openedx.org', 'https://github.com/openedx/XBlock/issues', 'https://openedx.org/slack', 'https://openedx.org/getting-help', 'https://openedx.org/r/how-to-contribute', 'https://openedx.org/code-of-conduct/', 'https://backstage.openedx.org/catalog/default/component/xblock', 'https://img.shields.io/pypi/v/XBlock.svg', 'https://pypi.python.org/pypi/XBlock/', 'https://github.com/openedx/XBlock/workflows/Python%20CI/badge.svg?branch=master', 'https://github.com/openedx/XBlock/actions', 'https://codecov.io/github/openedx/XBlock/coverage.svg?branch=master', 'https://codecov.io/github/openedx/XBlock?branch=master', 'https://readthedocs.org/projects/XBlock/badge/?version=latest', 'https://docs.openedx.org/projects/xblock/en/latest/', 'https://img.shields.io/pypi/pyversions/XBlock.svg', 'https://img.shields.io/github/license/openedx/XBlock.svg', 'https://img.shields.io/badge/Status-Maintained-brightgreen']",True,True,True,True,.readthedocs.yaml,2,False,,,,False,False,,False,,[],,True,True,True,False
openedx/edx-celeryutils,,,,,,,3,1,0.7407,1810400,True,2026-08-16,True,True,False,False,129,0,0,0,0,21,129,4,6,2,False,,True,False,True,False,True,True,True,True,True,True,False,True,False,True,True,True,True,False,2026-08-13 03:47:36,True,True,True,False,False,True,False,False,,openedx,4,"['http://edx-celeryutils.readthedocs.io/en/latest/?badge=latest: 404', 'http://edx-celeryutils.readthedocs.io/en/latest/: 404']",True,"['https://img.shields.io/pypi/v/edx-celeryutils.svg', 'https://pypi.python.org/pypi/edx-celeryutils/', 'https://github.com/openedx/edx-celeryutils/workflows/Python%20CI/badge.svg?branch=master', 'https://github.com/openedx/edx-celeryutils/actions?query=workflow%3A%22Python+CI%22', 'http://codecov.io/github/edx/edx-celeryutils/coverage.svg?branch=master', 'http://codecov.io/github/edx/edx-celeryutils?branch=master', 'https://img.shields.io/pypi/pyversions/edx-celeryutils.svg', 'https://img.shields.io/github/license/edx/edx-celeryutils.svg', 'https://github.com/openedx/edx-celeryutils/blob/master/LICENSE.txt', 'https://openedx.atlassian.net/wiki/spaces/DOC/pages/21627535/Publish+Documentation+on+Read+the+Docs', 'https://github.com/openedx/.github/blob/master/CONTRIBUTING.md', 'https://open.edx.org/getting-help']",True,True,True,False,,,False,,,,True,True,,True,edx-celeryutils,"['3', '3.12']",https://github.com/openedx/edx-celeryutils,True,True,True,False
openedx/openedx-atlas,,,,,,,4,0,0.5,269075,False,2026-08-16,True,True,False,False,0,0,0,0,0,0,0,0,0,0,False,,True,True,True,False,False,True,True,True,True,False,True,False,False,False,False,True,False,False,2026-08-03 14:50:42,True,False,False,False,False,True,False,False,@edx/openedx-atlas,openedx,0,['https://www.npmjs.com/package/@edx/openedx-atlas: 403'],True,"['https://pypi.org/project/openedx-atlas/', 'https://github.com/openedx/openedx-atlas/releases/latest/', 'https://github.com/openedx/openedx-atlas/blob/main/atlas', 'https://github.com/openedx/openedx-atlas/releases/latest/download/atlas', 'https://github.com/shellspec/shellspec', 'https://github.com/koalaman/shellcheck', 'https://github.com/ko1nksm/getoptions', 'https://semver.org/', 'https://github.com/semantic-release/semantic-release/', 'https://open-edx-proposals.readthedocs.io/en/latest/oep-0051-bp-conventional-commits.html', 'https://openedx.atlassian.net/wiki/spaces/COMM/pages/941457737/How+to+start+contributing+to+the+Open+edX+code+base', 'https://open.edx.org/getting-help']",True,True,False,False,,,True,,,0,False,False,,False,openedx-atlas,[],https://github.com/openedx/openedx-atlas,False,False,False,False
openedx/pr_watcher_configuration,,,,,,,0,0,,,False,2026-08-16,False,False,False,False,0,0,0,0,0,0,0,0,0,0,False,,False,True,False,False,False,False,True,True,False,False,False,False,False,False,False,False,False,False,2024-12-16 20:05:07,True,False,False,False,False,False,False,False,,openedx,0,[],False,['https://github.com/open-craft/pr_watcher_notifier'],True,True,True,False,,,False,,,,False,False,,False,,[],,False,False,False,False
openedx/frontend-component-header,,,,,,,1,7,0.6,6,False,2026-08-16,False,False,False,False,29,0,0,10,19,0,0,0,0,0,False,,False,False,True,False,False,True,True,True,False,False,True,False,False,False,False,False,False,False,2026-08-10 01:50:13,True,False,False,False,False,False,False,False,@edx/frontend-component-header,openedx,0,"['https://github.com/openedx/frontend-template-application/blob/master/src/index.jsx: 404', 'https://edx.github.io/frontend-platform/module-Internationalization.html: 404', 'https://api.travis-ci.com/edx/frontend-component-header.svg?branch=master: 404', 'https://travis-ci.com/edx/frontend-component-header: 404']",False,"['https://github.com/openedx/devstack', 'https://github.com/overhangio/tutor', 'https://github.com/overhangio/tutor-mfe', 'https://github.com/openedx/frontend-component-header.git', 'https://github.com/nvm-sh/nvm', 'https://github.com/openedx/frontend-plugin-framework', 'https://github.com/openedx/frontend-template-application/blob/3355bb3a96232390e9056f35b06ffa8f105ed7ca/src/index.jsx', 'https://github.com/openedx/frontend-template-application/blob/3cd5485bf387b8c479baf6b02bf59e3061dc3465/src/index.scss', 'https://openedx.org/r/how-to-contribute', 'https://discuss.openedx.org', 'https://github.com/openedx/frontend-component-header/issues', 'https://openedx.org/slack', 'https://openedx.slack.com/', 'https://openedx.slack.com/archives/C04BM6YC7A6', 'https://openedx.org/community/connect', 'https://openedx.org/code-of-conduct/', 'https://img.shields.io/codecov/c/github/edx/frontend-component-header', 'https://img.shields.io/npm/v/@edx/frontend-component-header.svg', 'https://img.shields.io/npm/dt/@edx/frontend-component-header.svg', 'https://img.shields.io/npm/l/@edx/frontend-component-header.svg', 'https://img.shields.io/badge/%20%20%F0%9F%93%A6%F0%9F%9A%80-semantic--release-e10079.svg', 'https://github.com/semantic-release/semantic-release']",True,True,True,False,,,True,2026-04-06,2024-01-01,6,False,False,,False,,[],,False,False,False,False
openedx/frontend-component-cookie-policy-banner,,,,,,,1,1,1.0,131,False,2026-08-16,False,False,False,False,55,0,0,8,47,0,0,0,0,0,False,,False,False,True,False,False,False,True,True,False,True,True,False,False,False,False,False,False,False,2026-05-20 13:21:13,True,False,False,False,False,False,False,False,@edx/frontend-component-cookie-policy-banner,openedx,0,"['https://www.npmjs.com/package/@edx/frontend-component-cookie-policy-banner: 403', 'https://github.com/openedx/frontend-component-cookie-policy-banner.svg/blob/master/LICENSE: 404', 'https://imgur.com/mZct2v5.png: 429']",False,"['https://badges.greenkeeper.io/edx/frontend-component-cookie-policy-banner.svg', 'https://greenkeeper.io/', 'https://img.shields.io/npm/v/@edx/frontend-component-cookie-policy-banner.svg', 'https://img.shields.io/npm/dt/@edx/frontend-component-cookie-policy-banner.svg', 'https://img.shields.io/npm/l/@edx/frontend-component-cookie-policy-banner.svg', 'https://github.com/semantic-release/semantic-release', 'https://github.com/openedx/frontend-component-cookie-policy-banner', 'https://github.com/storybooks/storybook', 'https://open.edx.org/code-of-conduct/']",True,True,True,False,,,True,2021-12-07,,0,False,False,,False,,[],,False,False,False,False
openedx/tutor-contrib-aspects-sample,,,,,,,3,0,0.5,23965,False,2026-08-16,False,False,False,False,0,0,0,0,0,0,0,0,0,0,False,,False,False,True,False,False,True,True,False,False,False,False,False,True,False,False,False,False,False,2026-08-03 14:34:02,True,False,False,False,False,True,False,False,,openedx,0,[],False,"['https://docs.tutor.edly.io', 'https://github.com/saraburns1/tutor-contrib-aspects-sample', 'https://superset.apache.org/docs', 'https://www.getdbt.com/docs/', 'https://clickhouse.com/docs', 'https://docs.tutor.overhang.io', 'https://event-routing-backends.readthedocs.io/en/latest/']",True,True,False,False,,,False,,,,False,False,,False,,[],,False,False,False,False
openedx/credentials,,,,,,,3,5,0.6,908938,True,2026-08-16,True,True,False,False,236,0,0,14,21,134,201,27,35,20,False,,True,False,True,True,False,True,True,True,True,False,True,True,True,True,False,False,True,False,2026-08-10 20:11:03,True,False,True,True,False,False,False,False,,openedx,4,['http://openedx.slack.com/: 403'],False,"['https://github.com/openedx/credentials/actions/workflows/ci.yml/badge.svg', 'https://github.com/openedx/credentials/actions?query=workflow%3ACI', 'https://codecov.io/github/openedx/credentials/coverage.svg?branch=master', 'https://codecov.io/github/openedx/credentials?branch=master', 'https://img.shields.io/badge/Status-Maintained-brightgreen', 'https://img.shields.io/github/license/openedx/credentials.svg', 'https://github.com/openedx/credentials/blob/master/LICENSE', 'https://github.com/openedx/openedx-platform/tree/master', 'https://docs.tutor.edly.io/', 'https://github.com/overhangio/tutor-credentials', 'https://github.com/openedx/frontend-app-learner-record', 'https://edx-credentials.readthedocs.io/en/latest/', 'https://github.com/openedx/credentials/tree/master/docs', 'https://github.com/openedx/.github/blob/master/CONTRIBUTING.md', 'https://discuss.openedx.org']",True,True,True,True,.readthedocs.yaml,2,True,2026-04-09,2025-08-21,4,True,True,,False,,[],,True,False,True,False
openedx/django-pyfs,,,,,,,3,1,0.9474,25580,True,2026-08-16,True,True,False,False,92,0,0,0,0,32,92,3,3,1,False,,True,False,True,False,True,True,True,True,True,False,False,True,False,True,True,True,True,False,2026-08-10 20:07:52,True,True,True,False,False,True,False,False,,openedx,5,['https://github.com/openedx/django-pyfs/blob/master/LICENSE.txt: 404'],False,"['https://img.shields.io/pypi/v/openedx-django-pyfs.svg', 'https://pypi.python.org/pypi/openedx-django-pyfs/', 'https://github.com/openedx/django-pyfs/workflows/Python%20CI/badge.svg?branch=master', 'https://github.com/openedx/django-pyfs/actions?query=workflow%3A%22Python+CI%22', 'http://codecov.io/github/openedx/django-pyfs/coverage.svg?branch=master', 'http://codecov.io/github/openedx/django-pyfs?branch=master', 'https://img.shields.io/pypi/pyversions/openedx-django-pyfs.svg', 'https://pypi.python.org/pypi/openedx-django-pyfs', 'https://img.shields.io/github/license/openedx/django-pyfs.svg']",True,True,False,False,,,False,,,,True,True,,True,openedx-django-pyfs,"['3', '3.12']",https://github.com/openedx/django-pyfs,True,True,True,False
openedx/public-engineering,,,,,,,0,0,,,False,2026-08-16,True,True,False,False,0,0,0,0,0,0,0,0,0,0,False,,False,False,False,False,False,False,True,True,True,False,False,False,False,False,False,False,False,False,2025-03-05 16:20:54,True,False,False,False,False,False,False,False,,openedx,0,[],False,[],True,True,False,False,,,False,,,,False,False,,False,,[],,False,False,False,False
openedx/edx-toggles,,,,,,,3,1,0.9412,1412880,True,2026-08-16,True,True,False,False,112,0,0,0,0,18,112,6,7,4,True,,True,False,True,True,True,True,True,True,True,True,False,True,False,True,True,True,True,True,2026-08-10 20:08:32,True,True,True,False,False,True,False,True,,openedx,3,[],True,"['https://docs.openedx.org/projects/edx-toggles/en/latest/readme.html', 'https://github.com/openedx/edx-toggles', 'https://github.com/openedx/edx-toggles/blob/master/scripts/README.rst', 'https://github.com/openedx/.github/blob/master/CONTRIBUTING.md', 'https://github.com/openedx/edx-toggles/blob/master/.github/PULL_REQUEST_TEMPLATE.md', 'https://github.com/openedx/edx-toggles/blob/master/.github/ISSUE_TEMPLATE.md', 'https://open.edx.org/getting-help', 'https://img.shields.io/pypi/v/edx-toggles.svg', 'https://pypi.python.org/pypi/edx-toggles/', 'https://github.com/openedx/edx-toggles/workflows/Python%20CI/badge.svg?branch=master', 'https://github.com/openedx/edx-toggles/actions?query=workflow%3A%22Python+CI%22', 'http://codecov.io/github/edx/edx-toggles/coverage.svg?branch=master', 'http://codecov.io/github/edx/edx-toggles?branch=master', 'https://readthedocs.org/projects/edx-toggles/badge/?version=latest', 'http://edx-toggles.readthedocs.io/en/latest/', 'https://img.shields.io/pypi/pyversions/edx-toggles.svg', 'https://img.shields.io/github/license/edx/edx-toggles.svg', 'https://github.com/openedx/edx-toggles/blob/master/LICENSE.txt']",True,True,True,True,.readthedocs.yaml,2,False,,,,True,True,,True,edx-toggles,"['3', '3.12']",https://github.com/openedx/edx-toggles,True,True,True,False
openedx/completion,,,,,,,4,1,0.7308,216404,True,2026-08-16,True,True,False,False,149,0,0,0,0,65,149,13,16,9,True,,True,False,True,False,True,True,True,True,True,True,False,True,False,True,True,True,True,True,2026-08-10 20:10:03,True,False,True,False,False,True,False,False,,openedx,3,"['http://your.lms.site/admin/waffle/switch/: HTTPConnectionPool(host=\'your.lms.site\', port=80): Max retries exceeded with url: /admin/waffle/switch/ (Caused by NameResolutionError(""HTTPConnection(host=\'your.lms.site\', port=80): Failed to resolve \'your.lms.site\' ([Errno -2] Name or service not known)""))', 'https://docs.openedx.org/projects/completion: 404', 'https://github.com/openedx/completion/blob/master/LICENSE.txt: 404']",False,"['https://docs.openedx.org/en/latest/educators/references/course_development/exercise_tools/completion.html', 'https://docs.openedx.org/en/latest/developers/how-tos/get-ready-for-python-dev.html', 'https://openedx.org/r/how-to-contribute', 'https://openedx.org/code-of-conduct/', 'https://backstage.openedx.org/catalog/default/component/completion', 'https://img.shields.io/pypi/v/edx-completion.svg', 'https://pypi.python.org/pypi/edx-completion/', 'https://github.com/openedx/completion/actions/workflows/ci.yml/badge.svg?branch=master', 'https://github.com/openedx/completion/actions/workflows/ci.yml?branch=master', 'http://codecov.io/github/edx/completion/coverage.svg?branch=master', 'http://codecov.io/github/edx/completion?branch=master', 'https://readthedocs.org/projects/completion/badge/?version=latest', 'https://img.shields.io/pypi/pyversions/edx-completion.svg', 'https://img.shields.io/github/license/edx/completion.svg', 'https://img.shields.io/badge/Status-Experimental-yellow', 'https://img.shields.io/badge/Status-Maintained-brightgreen', 'https://img.shields.io/badge/Status-Deprecated-orange', 'https://img.shields.io/badge/Status-Unsupported-red']",True,True,True,False,,,False,,,,True,True,,True,edx-completion,"['3', '3.12']",https://github.com/openedx/completion,True,True,True,False
openedx/olxcleaner,,,,,,,2,0,1.0,58,True,2026-08-16,False,False,False,False,101,0,0,0,0,5,101,2,2,1,False,,True,False,True,False,False,True,True,True,False,False,False,False,False,True,True,True,False,False,2026-05-30 15:27:43,True,False,True,False,False,True,False,False,,openedx,0,[],False,"['https://github.com/openedx/olxcleaner/actions/workflows/ci.yml/badge.svg', 'https://github.com/openedx/olxcleaner/actions/workflows/ci.yaml', 'https://codecov.io/gh/jolyonb/olxcleaner/branch/master/graphs/badge.svg', 'https://codecov.io/gh/jolyonb/olxcleaner', 'https://github.com/openedx/olxcleaner']",True,True,False,False,,,False,,,,False,True,,True,olxcleaner,"['3.11', '3.12']",https://github.com/openedx/olxcleaner,False,False,False,False
openedx/paragon,,,,,,,6,35,0.97,3,False,2026-08-16,True,True,False,False,93,0,0,43,50,0,0,0,0,0,False,,False,False,True,False,False,True,True,True,True,True,True,False,False,False,False,False,False,False,2026-08-15 14:24:54,True,False,False,False,False,True,False,False,,openedx,0,"['https://www.npmjs.com/package/@openedx/paragon: 403', 'https://cdn.jsdelivr.net/npm/@my-brand/core.min.css: 404', 'https://cdn.jsdelivr.net/npm/@my-brand/light.min.css: 404', 'https://github.com/openedx/eslint-config-edx/tree/master/packages/eslint-config-edx: 404', 'https://www.npmjs.com/package/eslint-config-airbnb: 403', 'https://facebook.github.io/jest/: 404', 'https://facebook.github.io/jest/docs/en/api.html: 404', 'https://facebook.github.io/jest/docs/en/getting-started.html: 404', 'http://facebook.github.io/jest/docs/en/snapshot-testing.html: 404']",False,"['https://github.com/openedx/paragon/actions/workflows/release.yml/badge.svg', 'https://github.com/openedx/paragon/actions/workflows/release.yml', 'https://img.shields.io/npm/v/@openedx/paragon.svg', 'https://img.shields.io/badge/status-Maintained-brightgreen', 'https://img.shields.io/github/license/openedx/paragon.svg', 'https://codecov.io/gh/edx/paragon/branch/master/graph/badge.svg?token=x1tZmNduy9', 'https://codecov.io/gh/edx/paragon', 'https://img.shields.io/npm/dw/@openedx/paragon', 'https://www.w3.org/WAI/standards-guidelines/aria/', 'https://openedx.org/', 'https://paragon-openedx.netlify.app/', 'https://openedx.org/slack', 'https://openedx.slack.com/archives/C02NR285KV4', 'https://github.com/openedx/paragon/issues/new?template=blank-issue.md', 'https://calendar.google.com/calendar/embed?src=c_v86shrnegshsqgp4fj2k94u7bc%40group.calendar.google.com&ctz=America%2FNew_York', 'https://github.com/openedx/brand-openedx', 'https://formatjs.io/docs/react-intl/', 'https://github.com/openedx/paragon/tree/release-22.x', 'https://paragon-openedx-v22.netlify.app/', 'https://github.com/openedx/paragon/tree/release-23.x', 'https://paragon-openedx-v23.netlify.app/', 'https://github.com/openedx/paragon/tree/next', 'https://openedx.org/r/how-to-contribute', 'https://openedx.org/code-of-conduct/', 'https://github.com/openedx/paragon/issues', 'https://github.com/orgs/openedx/projects/43/views/15', 'https://github.com/openedx/frontend-build', 'http://eslint.org/docs/user-guide/integrations', 'http://eslint.org/docs/rules/comma-dangle', 'https://github.com/evcohen/eslint-plugin-jsx-a11y', 'https://github.com/evcohen/eslint-plugin-jsx-a11y/blob/master/docs/rules/no-noninteractive-element-interactions.md', 'https://github.com/airbnb/enzyme', 'http://airbnb.io/enzyme/', 'http://airbnb.io/enzyme/docs/api/index.html', 'https://github.com/openedx/paragon/blob/master/src/Dropdown/deprecated/Dropdown.test.jsx', 'https://github.com/openedx/paragon/blob/master/src/CheckBox/CheckBox.test.jsx', 'https://github.com/semantic-release/semantic-release', 'https://github.com/conventional-changelog/conventional-changelog/tree/master/packages/conventional-changelog-angular', 'https://github.com/conventional-changelog/commitlint/blob/master/%40commitlint/config-angular-type-enum/index.js', 'https://github.com/openedx/frontend-app-payment/pull/48', 'https://backstage.openedx.org/catalog/default/component/paragon', 'https://github.com/amzn/style-dictionary', 'https://github.com/openedx/frontend-platform/pull/440']",True,True,True,False,,,True,2026-04-22,2025-10-10,7,False,False,,False,,[],,False,False,False,False
openedx/openedx-backstage,,,,,,,1,0,1.0,,False,2026-08-16,True,True,False,False,11,0,0,0,11,0,0,0,0,0,False,,False,False,True,False,False,False,True,True,True,False,True,False,False,False,False,False,False,False,2026-08-14 18:51:58,True,False,False,False,False,False,False,False,,openedx,0,[],False,"['https://backstage.io', 'https://github.com/nvm-sh/nvm']",True,True,False,False,,,True,,,0,False,False,,False,,[],,False,False,False,False
openedx/tutor-contrib-platform-notifications,,,,,,,2,2,0.6667,23952,False,2026-08-16,False,False,False,False,0,0,0,0,0,0,0,0,0,0,False,,False,False,True,False,False,True,True,True,False,False,False,False,True,False,False,False,False,False,2026-05-31 19:03:12,True,False,False,False,False,True,False,False,,openedx,0,[],False,"['https://docs.tutor.edly.io', 'https://docs.openedx.org/en/latest/learners/sfd_notifications/index.html', 'https://github.com/openedx/tutor-contrib-notifications']",True,True,False,False,,,False,,,,False,False,,False,,[],,False,False,False,False
openedx/django-config-models,,,,,,,3,1,0.9412,762883,True,2026-08-16,True,True,False,False,107,0,0,0,0,13,107,8,9,5,True,,True,False,True,False,True,True,True,True,True,True,False,True,False,True,True,True,True,False,2026-08-10 20:09:00,True,False,True,False,False,True,False,False,,openedx,1,[],True,"['https://github.com/openedx/django-config-models/workflows/Python%20CI/badge.svg?branch=master', 'https://github.com/openedx/django-config-models/actions?query=workflow%3A%22Python+CI%22', 'http://codecov.io/github/openedx/django-config-models/coverage.svg?branch=master', 'http://codecov.io/github/openedx/django-config-models?branch=master', 'https://img.shields.io/pypi/v/django-config-models.svg', 'https://pypi.python.org/pypi/django-config-models/', 'https://readthedocs.org/projects/django-config-models/badge/?version=latest', 'http://django-config-models.readthedocs.io/en/latest/', 'https://img.shields.io/pypi/pyversions/django-config-models.svg', 'https://img.shields.io/github/license/edx/django-config-models.svg', 'https://github.com/openedx/django-config-models/blob/master/LICENSE.txt', 'https://img.shields.io/badge/Status-Maintained-brightgreen', 'https://django-config-models.readthedocs.org', 'https://discuss.openedx.org', 'https://github.com/openedx/django-config-models', 'https://openedx.org/slack', 'https://openedx.slack.com/', 'https://openedx.org/getting-help', 'https://github.com/openedx/.github/blob/master/CONTRIBUTING.md', 'https://openedx.org/code-of-conduct/', 'https://backstage.openedx.org/catalog/default/component/django-config-models']",True,True,True,True,.readthedocs.yaml,2,False,,,,True,True,,True,django-config-models,"['3', '3.12']",https://github.com/openedx/django-config-models,True,True,True,False
openedx/frontend-app-discussions,,,,,,,3,5,0.8,248,False,2026-08-16,True,True,False,False,41,0,0,29,12,0,0,0,0,0,False,,False,False,True,False,False,True,True,True,True,False,True,False,False,False,False,False,False,False,2026-08-10 21:18:51,True,False,False,False,False,True,False,False,@edx/frontend-app-discussions,openedx,0,"['https://edx.github.io/frontend-platform/module-Internationalization.html: 404', 'https://github.com/openedx/frontend-i18n/blob/master/docs/how_tos/i18n.rst: 404']",True,"['https://codecov.io/gh/openedx/frontend-app-discussions/branch/master/graph/badge.svg?token=3z7XvuzTq3', 'https://codecov.io/gh/openedx/frontend-app-discussions', 'https://img.shields.io/badge/license-AGPL-informational', 'https://github.com/openedx/frontend-app-discussions/blob/master/LICENSE', 'https://github.com/openedx/devstack', 'https://github.com/overhangio/tutor', 'https://github.com/overhangio/tutor-mfe', 'https://github.com/openedx/frontend-app-discussions.git', 'https://github.com/openedx/frontend-plugin-framework', 'https://discuss.openedx.org', 'https://github.com/openedx/frontend-app-discussions/issues', 'https://openedx.org/getting-help', 'https://docs.openedx.org/en/latest/developers/references/developer_guide/process/index.html', 'https://github.com/openedx/frontend-app-discussions/blob/master/.github/pull_request_template.md', 'https://openedx.org/code-of-conduct/', 'https://github.com/openedx/frontend-app-discussions/blob/master/docs/decisions/0002-feature-based-application-organization.rst']",True,True,True,False,,,True,2026-03-30,2024-01-08,6,False,False,,False,,[],,False,False,False,False
openedx/openedx-wordpress-ecommerce,,,,,,,3,7,1.0,156987,True,2026-08-16,True,True,False,False,46,0,0,0,0,0,46,0,0,0,False,,False,False,True,False,False,True,True,True,True,False,False,False,False,True,False,False,False,False,2026-08-10 17:17:38,True,False,False,False,False,False,False,False,,openedx,0,['https://wordpress.org/plugins/woocommerce: 429'],False,"['https://github.com/openedx/edx-platform', 'https://docs.openedx.org/projects/wordpress-ecommerce-plugin/en/latest/decisions/0002-api-connection.html', 'https://openedx.org/terms-of-use/', 'https://github.com/openedx/openedx-wordpress-ecommerce/releases', 'https://docs.openedx.org/projects/wordpress-ecommerce-plugin/en/latest/plugin_quickstart.html', 'https://github.com/openedx/openedx-wordpress-ecommerce/issues', 'https://docs.openedx.org/projects/wordpress-ecommerce-plugin/en/latest/index.html', 'https://openedx.atlassian.net/wiki/spaces/COMM/pages/941457737/How+to+Start+Contributing+Code']",True,True,False,True,.readthedocs.yaml,2,False,,,,False,False,,False,,[],,False,False,False,False
openedx/FeedbackXBlock,,,,,,,0,2,,,True,2026-08-16,True,True,False,False,129,0,0,0,0,31,129,6,7,4,False,,True,False,True,False,False,True,True,True,True,False,False,True,False,True,False,True,True,False,2026-04-14 15:08:30,True,True,True,False,False,True,False,False,,openedx,0,"['https://www.gnu.org/licenses/agpl-3.0: HTTPSConnectionPool(host=\'www.gnu.org\', port=443): Max retries exceeded with url: /licenses/agpl-3.0 (Caused by NewConnectionError(""HTTPSConnection(host=\'www.gnu.org\', port=443): Failed to establish a new connection: [Errno 101] Network is unreachable""))', 'https://openedx.org/r/xblock: 403', 'https://open-edx-backstage.herokuapp.com/catalog/default/component/FeedbackXBlock: 404']",True,"['https://img.shields.io/badge/status-deprecated-red', 'https://github.com/openedx/xblocks-extra', 'https://img.shields.io/badge/License-AGPL_v3-blue.svg', 'https://github.com/openedx/FeedbackXBlock/actions/workflows/ci.yml/badge.svg', 'https://github.com/openedx/FeedbackXBlock/actions/workflows/ci.yml', 'https://github.com/openedx/FeedbackXBlock/actions/workflows/pypi-release.yml/badge.svg', 'https://github.com/openedx/FeedbackXBlock/actions/workflows/pypi-release.yml', 'https://img.shields.io/badge/status-maintained-31c653', 'https://docs.tutor.edly.io/tutorials/plugin.html', 'https://docs.tutor.edly.io/configuration.html', 'https://discuss.openedx.org', 'https://github.com/openedx/FeedbackXBlock/issues', 'https://openedx.org/slack', 'https://openedx.slack.com/', 'https://openedx.org/getting-help', 'https://openedx.org/r/how-to-contribute', 'https://openedx.org/code-of-conduct/']",True,True,True,False,,,False,,,,True,True,,False,feedback-xblock,[],,True,True,True,False
openedx/crowdsourcehinter,,,,,,,4,2,0.8235,25634,True,2026-08-16,True,True,False,False,35,0,0,0,0,17,35,2,2,2,False,,False,False,True,False,False,True,True,True,True,True,False,False,False,True,False,True,False,False,2026-08-10 20:09:57,True,False,True,False,True,True,False,True,,openedx,2,[],False,['https://github.com/openedx/edx-platform/wiki/Installing-a-new-XBlock'],True,True,False,False,,,False,,,,False,True,,True,crowdsourcehinter-xblock,"['3', '3.12']",https://github.com/openedx/crowdsourcehinter,False,False,False,False
openedx/auth-backends,,,,,,,2,3,0.619,1606393,True,2026-08-20,True,True,False,False,76,0,0,0,0,33,76,8,9,6,False,,False,False,True,False,True,True,True,True,True,True,False,True,False,True,True,True,True,False,2026-08-17 21:36:36,True,True,True,False,False,True,False,False,,openedx,4,"['http://edx.devstack.lms: HTTPConnectionPool(host=\'edx.devstack.lms\', port=80): Max retries exceeded with url: / (Caused by NameResolutionError(""HTTPConnection(host=\'edx.devstack.lms\', port=80): Failed to resolve \'edx.devstack.lms\' ([Errno -2] Name or service not known)""))']",False,"['https://github.com/openedx/auth-backends/workflows/Python%20CI/badge.svg?branch=master', 'https://github.com/openedx/auth-backends/actions?query=workflow%3A%22Python+CI%22', 'http://codecov.io/github/edx/auth-backends/coverage.svg?branch=master', 'http://codecov.io/github/edx/auth-backends?branch=master', 'https://courses.stage.edx.org', 'http://python-social-auth.readthedocs.io/en/latest/strategies.html', 'https://github.com/openedx/auth-backends/releases', 'https://github.com/openedx/.github/blob/master/CONTRIBUTING.md', 'https://groups.google.com/forum/']",True,False,True,False,,,False,,,,True,True,,True,edx-auth-backends,"['3', '3.12']",https://github.com/openedx/auth-backends,True,True,True,True
openedx/openedx-webhooks,,,,,,,6,0,1.0,88,True,2026-08-20,True,True,False,False,0,0,0,0,0,0,0,0,0,0,True,,False,True,True,False,False,True,True,True,True,True,False,True,True,False,False,False,True,False,2026-08-17 19:05:35,True,False,False,False,False,True,False,False,,openedx,0,"['https://openedx-webhooks.herokuapp.com: 401', 'https://git.heroku.com/openedx-webhooks-staging.git: 405', 'https://github.com/organizations/: 404', 'https://openedx-webhooks.herokuapp.com/github/hook-receiver: 405', 'https://openedx.org/cla: 403']",False,"['https://dashboard.heroku.com/apps/openedx-webhooks-staging/resources', 'https://github.com/openedx/repo-tools-data-schema', 'https://github.com/', 'https://github.com/openedx/openedx-webhooks/issues/277', 'https://github.com/openedx/openedx-webhooks/issues/279', 'https://github.com/openedx/openedx-webhooks/issues/280', 'https://github.com/openedx/openedx-webhooks/issues/227', 'https://github.com/openedx/repo-tools/tree/master/edx_repo_tools/repo_checks', 'http://openedx.org', 'http://heroku.com', 'https://devcenter.heroku.com/articles/heroku-command-line', 'https://devcenter.heroku.com/articles/pipelines', 'https://github.com/openedx/openedx-webhooks/workflows/Python%20CI/badge.svg?branch=master', 'https://github.com/openedx/openedx-webhooks/actions?query=workflow%3A%22Python+CI%22', 'http://codecov.io/github/edx/openedx-webhooks/coverage.svg?branch=master', 'http://codecov.io/github/edx/openedx-webhooks?branch=master', 'https://readthedocs.org/projects/openedx-webhooks/badge/?version=latest', 'http://openedx-webhooks.readthedocs.org/en/latest/']",True,True,False,True,.readthedocs.yaml,2,False,,,,False,False,,False,,[],,True,True,True,False
openedx/xblock-lti-consumer,,,,,,,4,12,0.7407,355,True,2026-08-20,True,True,False,False,128,0,0,0,0,45,128,12,15,10,False,,True,True,True,False,True,True,True,True,True,True,False,True,False,True,True,True,True,False,2026-08-17 21:32:37,True,False,True,False,False,True,False,False,,openedx,6,"['https://openedx.org/slack: 403', 'https://openedx.slack.com/: 403', 'https://openedx.org/getting-help: 403', 'https://openedx.org/r/how-to-contribute: 403', 'https://openedx.org/code-of-conduct/: 403']",True,"['https://docs.tutor.edly.io/configuration.html', 'https://github.com/openedx/xblock-lti-consumer/blob/v9.14.2/README.rst', 'http://lti.tools/saltire/', 'https://docs.openedx.org/en/latest/educators/how-tos/course_development/exercise_tools/set_up_lti_1_1_component.html', 'https://saltire.lti.app/tool', 'https://saltire.lti.app/tool?norefresh', 'https://lti-ri.imsglobal.org/lti/tools/', 'https://lti-ri.imsglobal.org/lti/tools', 'https://lti-ri.imsglobal.org/keygen/index', 'https://docs.openedx.org/en/latest/educators/how-tos/course_development/exercise_tools/set_up_lti_1_3_component.html', 'http://www.imsglobal.org/spec/lti-bo/v1p1/', 'https://github.com/openedx/xblock-lti-consumer/tree/master/docs/basic_outcomes_service.rst', 'https://www.imsglobal.org/lti/model/uml/purl.imsglobal.org/vocab/lis/v2/outcomes/Result/service.html', 'https://github.com/openedx/xblock-lti-consumer/tree/master/docs/result_service.rst', 'https://github.com/open-craft/openedx-ltistore', 'https://discuss.openedx.org', 'https://github.com/openedx/xblock-lti-consumer/issues', 'https://backstage.openedx.org/catalog/default/component/xblock-lti-consumer', 'https://github.com/openedx/xblock-lti-consumer/workflows/Python%20CI/badge.svg?branch=master', 'https://github.com/openedx/xblock-lti-consumer/actions?query=workflow%3A%22Python+CI%22', 'https://codecov.io/github/openedx/xblock-lti-consumer/coverage.svg?branch=master', 'https://codecov.io/github/openedx/xblock-lti-consumer?branch=master', 'https://img.shields.io/badge/Status-Maintained-brightgreen', 'https://img.shields.io/github/license/openedx/xblock-lti-consumer.svg', 'https://github.com/openedx/edx-rest-api-client/blob/master/LICENSE', 'https://img.shields.io/pypi/v/lti-consumer-xblock.svg', 'https://pypi.python.org/pypi/lti-consumer-xblock/']",True,True,True,False,,,False,,,,True,False,,True,lti-consumer-xblock,"['3', '3.12']",https://github.com/openedx/xblock-lti-consumer,True,True,True,False
openedx/django-user-tasks,,,,,,,2,3,0.9333,100,True,2026-08-20,True,True,False,False,144,0,0,0,0,26,144,6,10,2,True,,True,False,True,False,True,True,True,True,True,True,False,True,False,True,True,True,True,True,2026-08-10 20:08:55,True,True,True,False,False,True,False,False,,openedx,1,"['https://open-edx-proposals.readthedocs.io/en/latest/oeps/oep-0003.html: 404', 'https://open.edx.org/getting-help: 403']",True,"['https://img.shields.io/pypi/v/django-user-tasks.svg', 'https://pypi.python.org/pypi/django-user-tasks/', 'https://github.com/openedx/django-user-tasks/workflows/Python%20CI/badge.svg?branch=master', 'https://github.com/openedx/django-user-tasks/actions?query=workflow%3A%22Python+CI%22', 'http://codecov.io/github/edx/django-user-tasks/coverage.svg?branch=master', 'http://codecov.io/github/edx/django-user-tasks?branch=master', 'https://readthedocs.org/projects/django-user-tasks/badge/?version=latest', 'http://django-user-tasks.readthedocs.io/en/latest/', 'https://img.shields.io/pypi/pyversions/django-user-tasks.svg', 'https://img.shields.io/github/license/edx/django-user-tasks.svg', 'https://github.com/openedx/django-user-tasks/blob/master/LICENSE.txt', 'http://www.celeryproject.org/', 'https://channels.readthedocs.io/en/latest/', 'http://docs.celeryproject.org/en/latest/userguide/signals.html', 'https://django-user-tasks.readthedocs.org', 'https://github.com/openedx/.github/blob/master/CONTRIBUTING.md']",True,True,True,True,.readthedocs.yaml,2,False,,,,True,True,,True,django-user-tasks,"['3', '3.12']",https://github.com/openedx/django-user-tasks,True,True,True,False
openedx/django-wiki,,,,,,,2,1,1.0,1336,True,2026-08-20,True,True,False,False,62,0,0,0,0,12,62,4,6,2,False,,False,False,True,False,False,True,True,True,True,True,False,True,False,True,False,True,True,False,2026-06-11 14:51:33,True,False,False,False,False,False,False,False,,openedx,1,"['https://github.com/benjaoming/django-wiki/blob/master/TODO.md: 404', 'http://svn.wikimedia.org/viewvc/mediawiki/trunk/extensions/: 403', 'https://upload.wikimedia.org/wikipedia/commons/8/88/MediaWiki_database_schema_1-19_%28r102798%29.png: 403', 'http://south.aeracode.org/: 502', 'http://www.edxonline.org/: HTTPConnectionPool(host=\'www.edxonline.org\', port=80): Max retries exceeded with url: / (Caused by NameResolutionError(""HTTPConnection(host=\'www.edxonline.org\', port=80): Failed to resolve \'www.edxonline.org\' ([Errno -2] Name or service not known)""))']",False,"['http://wiki.overtag.dk', 'http://code.google.com/p/django-simple-wiki/', 'http://www.djangoproject.com', 'https://github.com/waylan/Python-Markdown', 'https://github.com/django-mptt/django-mptt', 'https://github.com/ojii/django-sekizai/', 'https://github.com/sorl/sorl-thumbnail', 'https://github.com/divio/django-cms']",True,True,False,False,,,False,,,,True,True,,True,openedx-django-wiki,['3.12'],https://github.com/openedx/django-wiki,True,False,True,False
openedx/enterprise-catalog,,,,,,,5,5,0.8333,757671,True,2026-08-20,True,True,False,False,204,0,0,0,0,119,204,22,30,18,False,,True,True,True,True,False,True,True,True,True,False,False,True,False,True,True,False,True,True,2026-08-17 12:46:07,True,True,True,False,False,True,False,False,,openedx,9,"['https://travis-ci.com/edx/enterprise-catalog: 404', 'https://openedx.slack.com/messages/general/: 403']",False,"['https://travis-ci.com/edx/enterprise-catalog.svg?branch=master', 'http://codecov.io/github/edx/enterprise-catalog/coverage.svg?branch=master', 'http://codecov.io/github/edx/enterprise-catalog?branch=master', 'https://github.com/openedx/enterprise-catalog/blob/master/LICENSE', 'https://github.com/openedx/.github/blob/master/CONTRIBUTING.md', 'https://groups.google.com/forum/']",True,False,True,False,,,False,,,,True,True,,False,,[],,True,False,True,False
openedx/edx-val,,,,,,,5,6,0.8333,163,True,2026-08-20,True,True,False,False,112,0,0,0,0,107,112,11,14,7,False,,True,False,True,False,False,True,True,True,True,True,False,True,False,True,True,True,True,False,2026-08-14 03:09:26,True,True,True,False,False,True,False,False,,openedx,3,"['http://www.example.com/example_mobile_video.mp4: 404', 'http://www.example.com/example_desktop_video.mp4: 404']",False,[],True,True,False,False,,,False,,,,True,True,,True,edxval,"['3', '3.12']",http://github.com/openedx/edx-val,True,True,True,False
openedx/docs.openedx.org,,,,,,,8,0,0.9318,22246,True,2026-08-20,True,True,False,False,59,0,0,0,0,53,59,0,0,0,False,,False,False,True,False,False,True,True,False,True,False,False,False,False,True,False,False,False,False,2026-08-17 19:52:01,True,True,False,False,False,False,False,False,,openedx,0,['https://en.wikipedia.org/wiki/ReStructuredText: 403'],False,"['https://docs.openedx.org/en/latest/documentors/how-tos/report_problem_with_docs.html', 'https://docs.openedx.org/en/latest/documentors/quickstarts/first_documentation_pr.html', 'https://docs.openedx.org/en/latest/documentors/quickstarts/update_doc_via_github.html', 'https://docs.openedx.org/en/latest/documentors/quickstarts/quick_start_add_doc.html', 'https://docs.openedx.org/en/latest/documentors/index.html', 'https://github.com/openedx/.github/blob/master/AI_POLICY.md', 'https://docs.openedx.org/', 'https://github.com/openedx/docs.openedx.org', 'https://www.sphinx-doc.org/', 'https://docs.github.com/en/get-started/using-github/github-flow', 'https://docs.openedx.org/en/latest/documentors/how-tos/develop_docs_locally.html']",True,True,False,True,.readthedocs.yaml,2,False,,,,False,False,,False,,[],,False,False,False,False
openedx/xapi-db-load,,,,,,,7,3,1.0,21990,True,2026-08-20,True,True,False,False,0,0,0,0,0,0,0,0,0,0,False,,False,True,True,False,True,True,True,True,True,True,False,True,True,False,False,False,True,False,2026-08-17 19:34:39,True,False,True,False,False,True,False,False,,openedx,0,"['http://ralph.tutor-nightly-local.orb.local/xAPI/statements: HTTPConnectionPool(host=\'ralph.tutor-nightly-local.orb.local\', port=80): Max retries exceeded with url: /xAPI/statements (Caused by NameResolutionError(""HTTPConnection(host=\'ralph.tutor-nightly-local.orb.local\', port=80): Failed to resolve \'ralph.tutor-nightly-local.orb.local\' ([Errno -3] Temporary failure in name resolution)""))', 'https://openedx-aspects-loadtest.s3.amazonaws.com/logs/large_test/: 403', 'https://docs.openedx.org/projects/xapi-db-load: 404', 'https://openedx.slack.com/: 403', 'https://open-edx-backstage.herokuapp.com/catalog/default/component/xapi-db-load: 404']",True,"['https://github.com/openedx/xapi-db-load/issues', 'https://vector.dev', 'https://pypi.org/project/smart-open/', 'https://discuss.openedx.org', 'https://openedx.org/slack', 'https://openedx.org/getting-help', 'https://openedx.org/r/how-to-contribute', 'https://openedx.org/code-of-conduct/']",True,True,True,True,.readthedocs.yaml,2,False,,,,False,False,,False,,[],,True,True,True,False
openedx/openedx-ai-extensions,,,,,,,3,24,0.875,6,False,2026-08-20,False,False,False,False,0,0,0,0,0,0,0,0,0,0,False,,False,False,True,False,True,False,True,True,False,False,False,False,True,False,False,False,False,False,2026-07-08 22:22:17,True,False,False,False,False,False,False,False,,openedx,0,['https://docs.openedx.org/en/latest/developers/references/plugin_reference.html: 404'],False,"['https://img.shields.io/badge/Status-Experimental-orange', 'https://img.shields.io/badge/License-AGPL%20v3-blue', 'https://img.shields.io/badge/Documentation-green', 'https://docs.openedx.org/projects/openedx-ai-extensions/en/latest/index.html', 'https://github.com/openedx/openedx-ai-extensions.git', 'https://docs.openedx.org/en/latest/developers/quickstarts/so_you_want_to_contribute.html', 'https://discuss.openedx.org', 'https://www.canva.com/design/DAGqjcS2mT4/nTHQIDIeZ89wqsBvh9GWKA/view', 'https://docs.litellm.ai/', 'https://drive.google.com/file/d/1sUj2xoldYFAvPoDuxqwG0XbIundGD0u2/view', 'https://github.com/openedx/openedx-ai-extensions/issues']",True,True,False,True,.readthedocs.yaml,2,False,,,,False,False,,False,,[],,False,False,False,False
openedx/frontend-component-footer,,,,,,,0,5,,,False,2026-08-20,False,False,False,False,26,0,0,8,18,0,0,0,0,0,False,,False,False,True,False,False,True,True,True,False,False,True,False,False,False,False,False,False,False,2026-08-14 19:15:40,True,False,False,False,False,False,False,False,@edx/frontend-component-footer,openedx,0,"['https://edx.github.io/frontend-platform/module-Internationalization.html: 404', 'https://openedx.org/r/how-to-contribute: 403', 'https://openedx.org/slack: 403', 'https://openedx.slack.com/: 403', 'https://openedx.slack.com/archives/C04BM6YC7A6: 403', 'https://openedx.org/community/connect: 403', 'https://openedx.org/code-of-conduct/: 403', 'https://travis-ci.com/edx/frontend-component-footer: 404']",False,"['https://github.com/openedx/devstack', 'https://github.com/overhangio/tutor', 'https://github.com/overhangio/tutor-mfe', 'https://github.com/openedx/frontend-template-application/blob/3355bb3a96232390e9056f35b06ffa8f105ed7ca/src/index.jsx', 'https://github.com/openedx/frontend-component-footer.git', 'https://github.com/nvm-sh/nvm', 'https://github.com/openedx/frontend-plugin-framework', 'https://github.com/openedx/frontend-template-application/blob/3cd5485bf387b8c479baf6b02bf59e3061dc3465/src/index.scss', 'https://discuss.openedx.org', 'https://github.com/openedx/frontend-component-footer/issues', 'https://api.travis-ci.com/edx/frontend-component-footer.svg?branch=master', 'https://img.shields.io/codecov/c/github/edx/frontend-component-footer', 'https://img.shields.io/npm/v/@edx/frontend-component-footer.svg', 'https://img.shields.io/npm/dt/@edx/frontend-component-footer.svg', 'https://img.shields.io/npm/l/@edx/frontend-component-footer.svg', 'https://img.shields.io/badge/%20%20%F0%9F%93%A6%F0%9F%9A%80-semantic--release-e10079.svg', 'https://github.com/semantic-release/semantic-release']",True,True,True,False,,,True,2026-04-06,2024-01-01,6,False,False,,False,,[],,False,False,False,False
openedx/frontend-app-learner-portal-enterprise,,,,,,,2,0,0.5,327,False,2026-08-20,True,True,False,False,73,0,0,47,26,0,0,0,0,0,False,,False,True,True,False,False,True,True,True,True,True,True,False,False,False,False,False,False,False,2026-08-20 04:17:38,True,False,False,False,False,True,False,False,,openedx,0,"['https://github.com/openedx/frontend-app-learner-portal-enterpise.git: 404', 'http://localhostL8734/: HTTPConnectionPool(host=\'localhostl8734\', port=80): Max retries exceeded with url: / (Caused by NameResolutionError(""HTTPConnection(host=\'localhostl8734\', port=80): Failed to resolve \'localhostl8734\' ([Errno -3] Temporary failure in name resolution)""))', 'https://openedx.slack.com/: 403', 'https://openedx.slack.com/archives/C04BM6YC7A6: 403']",False,"['https://github.com/openedx/frontend-app-learner-portal-enterprise/actions/workflows/ci.yml/badge.svg', 'https://openedx.atlassian.net/wiki/spaces/ENG/pages/12550298/Developer+Onboarding', 'https://github.com/openedx/edx-enterprise/blob/master/enterprise/management/commands/seed_enterprise_devstack_data.py', 'https://github.com/openedx/edx-platform/blob/0e2b612c1fb4f3e385f3004801aa5b5ed0221eda/lms/envs/devstack.py', 'https://github.com/openedx/devstack', 'https://go.microsoft.com/fwlink/?linkid=830387', 'https://openedx.atlassian.net/wiki/spaces/SOL/pages/997654609/Hitchhiker+s+Engineer+s+Guide+to+the+Enterprise+Ecosystem', 'https://reactjs.org/', 'https://openedx.org/r/how-to-contribute', 'https://discuss.openedx.org', 'https://github.com/openedx/frontend-app-learner-portal-enterprise/issues', 'https://openedx.org/slack', 'https://openedx.org/community/connect', 'https://openedx.org/code-of-conduct/']",True,True,True,False,,,True,2026-04-02,2025-02-24,1,False,False,,False,,[],,False,False,False,False
openedx/edx-drf-extensions,,,,,,,5,1,0.7,1228061,True,2026-08-20,True,True,False,False,90,0,0,0,0,26,90,8,10,4,True,,False,True,True,False,True,True,True,True,True,True,False,True,False,True,True,True,True,False,2026-08-18 15:33:41,True,False,True,False,False,True,False,True,,openedx,7,[],False,"['https://github.com/openedx/edx-drf-extensions/workflows/Python%20CI/badge.svg?branch=master', 'https://github.com/openedx/edx-drf-extensions/actions?query=workflow%3A%22Python+CI%22', 'https://codecov.io/github/edx/edx-drf-extensions/coverage.svg?branch=master', 'https://codecov.io/github/edx/edx-drf-extensions?branch=master', 'https://readthedocs.org/projects/edx-drf-extensions/badge/?version=latest', 'http://edx-drf-extensions.readthedocs.io/en/latest/', 'https://www.django-rest-framework.org/', 'https://github.com/openedx/.github/blob/master/CONTRIBUTING.md']",True,True,True,True,.readthedocs.yaml,2,False,,,,True,True,,False,edx-drf-extensions,"['3', '3.11']",https://github.com/openedx/edx-drf-extensions,True,True,True,False
openedx/frontend-app-account,,,,,,,3,5,0.625,5,False,2026-08-20,False,False,False,False,60,0,0,53,7,0,0,0,0,0,False,,False,False,True,False,False,True,True,True,False,False,True,False,False,False,False,False,False,False,2026-08-10 17:39:58,True,False,False,False,False,True,False,False,@edx/frontend-app-account,openedx,0,"['https://support.example.com: HTTPSConnectionPool(host=\'support.example.com\', port=443): Max retries exceeded with url: / (Caused by NameResolutionError(""HTTPSConnection(host=\'support.example.com\', port=443): Failed to resolve \'support.example.com\' ([Errno -5] No address associated with hostname)""))', 'https://openedx.github.io/frontend-platform/module-Config.html: 404', 'https://openedx.slack.com/: 403', 'https://openedx.slack.com/archives/C04BM6YC7A6: 429']",False,"['https://github.com/openedx/frontend-app-profile', 'https://github.com/overhangio/tutor', 'https://github.com/overhangio/tutor-mfe?tab=readme-ov-file', 'https://github.com/openedx/frontend-plugin-framework', 'https://support.edx.org/hc/en-us/articles/206212088-What-if-I-did-not-receive-a-password-reset-message', 'https://github.com/openedx/frontend-app-account.git', 'https://github.com/nvm-sh/nvm', 'https://github.com/openedx/frontend-build', 'https://openedx.org/r/how-to-contribute', 'https://discuss.openedx.org', 'https://github.com/openedx/frontend-app-account/issues', 'https://openedx.org/slack', 'https://openedx.org/community/connect', 'https://openedx.org/code-of-conduct/', 'https://github.com/openedx/edx-developer-docs/actions/workflows/ci.yml/badge.svg', 'https://github.com/openedx/edx-developer-docs/actions/workflows/ci.yml', 'https://img.shields.io/codecov/c/github/edx/frontend-app-account', 'https://codecov.io/gh/openedx/frontend-app-account/', 'https://img.shields.io/npm/v/@edx/frontend-app-account.svg', 'https://img.shields.io/npm/dt/@edx/frontend-app-account.svg', 'https://img.shields.io/npm/l/@edx/frontend-app-account.svg', 'https://img.shields.io/badge/%20%20%F0%9F%93%A6%F0%9F%9A%80-semantic--release-e10079.svg', 'https://github.com/semantic-release/semantic-release']",True,True,True,False,,,True,2026-04-06,2021-10-11,4,False,False,,False,,[],,False,False,False,False
openedx/frontend-app-instructor-dashboard,,,,,,,4,56,0.8571,6,False,2026-08-20,False,False,False,False,15,0,0,4,11,0,0,0,0,0,False,,False,False,True,False,False,True,True,True,False,False,True,False,False,False,False,False,False,False,2026-08-18 22:46:29,True,False,False,False,False,False,False,False,,openedx,0,"['http://apps.local.openedx.io: HTTPConnectionPool(host=\'apps.local.openedx.io\', port=80): Max retries exceeded with url: / (Caused by NewConnectionError(""HTTPConnection(host=\'apps.local.openedx.io\', port=80): Failed to establish a new connection: [Errno 111] Connection refused""))', 'https://openedx.slack.com/: 403', 'https://openedx.slack.com/archives/C04BM6YC7A6: 403', 'https://open-edx-backstage.herokuapp.com/catalog/default/component/frontend-app-instructor-dashboard: 404']",True,"['https://github.com/overhangio/tutor', 'https://github.com/overhangio/tutor-mfe', 'https://github.com/openedx/frontend-app-instructor-dashboard.git', 'https://github.com/nvm-sh/nvm', 'https://github.com/openedx/frontend-app-instructor-dashboard/blob/master/docs/decisions/0002-feature-based-application-organization.rst', 'https://github.com/openedx/frontend-base/blob/master/docs/how_tos/i18n.rst', 'https://discuss.openedx.org', 'https://github.com/openedx/frontend-app-instructor-dashboard/issues', 'https://openedx.org/slack', 'https://openedx.org/getting-help', 'https://openedx.org/r/how-to-contribute', 'https://openedx.org/code-of-conduct/', 'https://img.shields.io/github/license/openedx/frontend-app-instructor-dashboard.svg', 'https://github.com/openedx/frontend-app-instructor-dashboard/blob/main/LICENSE', 'https://img.shields.io/badge/Status-Maintained-brightgreen', 'https://github.com/openedx/frontend-app-instructor-dashboard/actions/workflows/ci.yml/badge.svg', 'https://github.com/openedx/frontend-app-instructor-dashboard/actions/workflows/ci.yml', 'https://codecov.io/github/openedx/frontend-app-instructor-dashboard/coverage.svg?branch=main', 'https://codecov.io/github/openedx/frontend-app-instructor-dashboard?branch=main']",True,True,True,False,,,True,,,0,False,False,,False,,[],,False,False,False,False
openedx/frontend-base-compat,,,,,,,1,4,1.0,368,False,2026-08-20,False,False,False,False,11,0,0,0,11,0,0,0,0,0,False,,False,False,True,False,False,True,True,True,False,False,True,False,False,False,False,False,False,False,2026-07-10 16:36:31,True,False,False,False,False,False,False,False,,openedx,0,[],False,"['https://github.com/openedx/frontend-base', 'https://github.com/openedx/edx-platform/blob/master/lms/djangoapps/mfe_config_api/views.py']",True,True,False,False,,,True,,,0,False,False,,False,,[],,False,False,False,False
openedx/openedx-ledger,,,,,,,8,14,0.8846,134655,True,2026-08-20,True,True,False,False,135,0,0,0,0,47,135,14,19,9,True,,True,True,True,True,True,True,True,True,True,True,False,True,False,True,True,True,True,False,2026-08-19 13:57:03,True,True,True,False,False,True,False,False,,openedx,2,"['https://docs.openedx.org/projects/openedx-ledger/how-tos/how-to-deploy-this-component.html: 404', 'https://docs.openedx.org/projects/openedx-ledger: 404', 'https://openedx.slack.com/: 403', 'https://open-edx-backstage.herokuapp.com/catalog/default/component/openedx-ledger: 404', 'https://openedx-ledger.readthedocs.io/en/latest/: 404']",True,"['https://openedx.atlassian.net/wiki/spaces/DOC/pages/21627535/Publish+Documentation+on+Read+the+Docs', 'https://discuss.openedx.org', 'https://github.com/openedx/openedx-ledger/issues', 'https://openedx.org/slack', 'https://openedx.org/getting-help', 'https://openedx.org/r/how-to-contribute', 'https://openedx.org/code-of-conduct/', 'https://img.shields.io/pypi/v/openedx-ledger.svg', 'https://pypi.python.org/pypi/openedx-ledger/', 'https://github.com/openedx/openedx-ledger/workflows/Python%20CI/badge.svg?branch=main', 'https://github.com/openedx/openedx-ledger/actions', 'https://codecov.io/github/openedx/openedx-ledger/coverage.svg?branch=main', 'https://codecov.io/github/openedx/openedx-ledger?branch=main', 'https://readthedocs.org/projects/openedx-ledger/badge/?version=latest', 'https://img.shields.io/pypi/pyversions/openedx-ledger.svg', 'https://img.shields.io/github/license/openedx/openedx-ledger.svg', 'https://github.com/openedx/openedx-ledger/blob/main/LICENSE.txt', 'https://img.shields.io/badge/Status-Experimental-yellow', 'https://img.shields.io/badge/Status-Maintained-brightgreen', 'https://img.shields.io/badge/Status-Deprecated-orange', 'https://img.shields.io/badge/Status-Unsupported-red']",True,True,True,True,.readthedocs.yaml,2,False,,,,True,True,,True,openedx-ledger,"['3', '3.12']",https://github.com/openedx/openedx-ledger,True,True,True,False
openedx/openedx-calc,,,,,,,2,2,0.875,1241295,True,2026-08-20,True,True,False,False,64,0,0,0,0,6,64,2,2,1,True,,True,False,True,False,False,True,True,True,True,True,False,True,False,True,True,True,True,False,2026-08-17 02:48:08,True,False,False,False,False,True,False,False,,openedx,2,"['https://docs.openedx.org/projects/: 404', 'https://openedx.slack.com/: 403', 'https://docs.openedx.org/projects/openedx-calc: 404', 'https://github.com/openedx/openedx-calc/blob/main/LICENSE.txt: 404']",True,"['https://docs.openedx.org/en/latest/developers/how-tos/get-ready-for-python-dev.html', 'https://openedx.atlassian.net/wiki/spaces/DOC/pages/21627535/Publish+Documentation+on+Read+the+Docs', 'https://discuss.openedx.org', 'https://github.com/openedx/openedx-calc/issues', 'https://openedx.org/getting-help', 'https://openedx.org/slack', 'https://github.com/openedx/edx-platform', 'https://github.com/openedx/openedx-calc/blob/master/LICENSE', 'https://openedx.org/r/how-to-contribute', 'https://openedx.org/code-of-conduct/', 'https://backstage.openedx.org/catalog/default/component/openedx-calc', 'https://img.shields.io/pypi/v/openedx-calc.svg', 'https://pypi.python.org/pypi/openedx-calc/', 'https://github.com/openedx/openedx-calc/workflows/Python%20CI/badge.svg?branch=main', 'https://github.com/openedx/openedx-calc/actions', 'https://codecov.io/github/openedx/openedx-calc/coverage.svg?branch=main', 'https://codecov.io/github/openedx/openedx-calc?branch=main', 'https://readthedocs.org/projects/openedx-calc/badge/?version=latest', 'https://img.shields.io/pypi/pyversions/openedx-calc.svg', 'https://img.shields.io/github/license/openedx/openedx-calc.svg', 'https://img.shields.io/badge/Status-Experimental-yellow', 'https://img.shields.io/badge/Status-Maintained-brightgreen', 'https://img.shields.io/badge/Status-Deprecated-orange', 'https://img.shields.io/badge/Status-Unsupported-red']",True,True,True,False,,,False,,,,False,True,,True,openedx-calc,"['3', '3.12']",https://github.com/openedx/openedx-calc,True,True,True,False
openedx/xblock-in-video-quiz,,,,,,,4,1,0.9231,110544,True,2026-08-20,True,True,False,False,74,0,0,0,0,20,74,5,5,3,False,,False,False,True,False,False,True,True,True,True,True,False,True,False,True,True,True,True,False,2026-08-17 07:43:47,True,False,False,False,False,False,False,False,,openedx,5,['https://github.com/openedx/xblock-in-video-quiz@LATEST_RELEASE: 404'],False,"['https://github.com/Stanford-Online/xblock-in-video-quiz', 'https://github.com/openedx/xblock-in-video-quiz/releases/tag/final-bsd-3c-contribution']",True,True,False,False,,,False,,,,True,True,,True,invideoquiz-xblock,"['3', '3.12']",,True,True,True,False
openedx/edx-rest-api-client,,,,,,,2,1,0.6667,1483438,True,2026-08-20,True,True,False,False,88,0,0,0,0,18,88,5,6,3,False,,True,True,True,False,True,True,True,True,True,True,False,True,False,True,False,True,True,False,2026-08-18 05:08:08,True,False,True,False,False,True,False,False,,openedx,5,"['https://lms.root: HTTPSConnectionPool(host=\'lms.root\', port=443): Max retries exceeded with url: / (Caused by NameResolutionError(""HTTPSConnection(host=\'lms.root\', port=443): Failed to resolve \'lms.root\' ([Errno -2] Name or service not known)""))', 'https://some.url: HTTPSConnectionPool(host=\'some.url\', port=443): Max retries exceeded with url: / (Caused by NameResolutionError(""HTTPSConnection(host=\'some.url\', port=443): Failed to resolve \'some.url\' ([Errno -2] Name or service not known)""))', 'https://openedx.org/r/how-to-contribute: 403', 'https://openedx.org/slack: 403', 'https://openedx.slack.com/: 403', 'https://openedx.org/getting-help: 403', 'https://openedx.org/code-of-conduct/: 403']",True,"['https://requests.readthedocs.io/en/master/user/advanced/', 'https://github.com/openedx/edx-django-utils/blob/master/edx_django_utils/cache/README.rst', 'https://discuss.openedx.org', 'https://github.com/openedx/edx-rest-api-client/issues', 'https://github.com/openedx/edx-rest-api-client/workflows/Python%20CI/badge.svg?branch=master', 'https://github.com/openedx/edx-rest-api-client/actions?query=workflow%3A%22Python+CI%22', 'https://codecov.io/github/openedx/edx-rest-api-client/coverage.svg?branch=master', 'https://codecov.io/github/openedx/edx-rest-api-client?branch=master', 'https://img.shields.io/badge/Status-Maintained-brightgreen', 'https://img.shields.io/github/license/openedx/edx-rest-api-client.svg', 'https://github.com/openedx/edx-rest-api-client/blob/master/LICENSE', 'https://img.shields.io/pypi/v/edx-rest-api-client.svg', 'https://pypi.python.org/pypi/edx-rest-api-client/']",True,True,True,False,,,False,,,,True,True,,True,edx-rest-api-client,['3.12'],https://github.com/openedx/edx-rest-api-client,True,True,True,False
openedx/openedx-filters,,,,,,,7,10,0.88,532477,True,2026-08-20,True,True,False,False,122,0,0,0,0,8,122,3,3,1,True,,True,True,True,False,True,True,True,True,True,True,False,True,True,True,True,True,True,False,2026-08-17 00:18:13,True,True,True,False,False,True,False,False,,openedx,1,['https://openedx.slack.com/: 403'],True,"['https://open-edx-proposals.readthedocs.io/en/latest/oep-0050-hooks-extension-framework.html', 'https://docs.openedx.org/en/latest/developers/how-tos/get-ready-for-python-dev.html', 'https://docs.openedx.org/projects/openedx-filters/en/latest/', 'https://discuss.openedx.org', 'https://github.com/openedx/openedx-filters/issues', 'https://openedx.org/slack', 'https://openedx.org/getting-help', 'https://openedx.org/r/how-to-contribute', 'https://openedx.org/code-of-conduct/', 'https://backstage.openedx.org/catalog/default/component/openedx-filters', 'https://img.shields.io/pypi/v/openedx-filters.svg', 'https://pypi.python.org/pypi/openedx-filters/', 'https://github.com/openedx/openedx-filters/actions/workflows/ci.yml/badge.svg?branch=main', 'https://github.com/openedx/openedx-filters/actions/workflows/ci.yml', 'https://codecov.io/github/openedx/openedx-filters/coverage.svg?branch=main', 'https://codecov.io/github/openedx/openedx-filters?branch=main', 'https://readthedocs.org/projects/openedx-filters/badge/?version=latest', 'https://openedx-filters.readthedocs.io/en/latest/', 'https://img.shields.io/pypi/pyversions/openedx-filters.svg', 'https://img.shields.io/github/license/openedx/openedx-filters.svg', 'https://github.com/openedx/openedx-filters/blob/main/LICENSE.txt', 'https://img.shields.io/badge/Status-Maintained-brightgreen']",True,True,True,True,.readthedocs.yaml,2,False,,,,True,True,,True,openedx-filters,"['3', '3.12']",https://github.com/openedx/openedx-filters,True,True,True,False
openedx/openedx-authz,,,,,,,12,61,0.8485,6,True,2026-08-20,True,True,False,False,134,0,0,0,0,49,134,10,15,7,True,,True,True,True,True,True,True,True,True,True,False,False,True,False,True,True,True,True,False,2026-08-18 17:46:50,True,False,True,False,False,True,False,False,,openedx,0,"['https://openedx.slack.com/: 403', 'https://github.com/openedx/openedx-authz/blob/main/LICENSE.txt: 404']",True,"['https://docs.openedx.org/en/latest/developers/how-tos/get-ready-for-python-dev.html', 'https://openedx-authz.readthedocs.io/en/latest/', 'https://discuss.openedx.org', 'https://github.com/openedx/openedx-authz/issues', 'https://openedx.org/getting-help', 'https://openedx.org/slack', 'https://openedx.org/r/how-to-contribute', 'https://openedx.org/code-of-conduct/', 'https://backstage.openedx.org/catalog/default/component/openedx-authz', 'https://openedx.atlassian.net/wiki/spaces/OEPM/pages/4724490259/PRD+Roles+Permissions', 'https://openedx-authz.readthedocs.io/en/latest/concepts/core_roles_and_permissions/content_library_roles.html', 'https://img.shields.io/pypi/v/openedx-authz.svg', 'https://pypi.python.org/pypi/openedx-authz/', 'https://github.com/openedx/openedx-authz/actions/workflows/ci.yml/badge.svg?branch=main', 'https://github.com/openedx/openedx-authz/actions/workflows/ci.yml', 'https://codecov.io/github/openedx/openedx-authz/coverage.svg?branch=main', 'https://codecov.io/github/openedx/openedx-authz?branch=main', 'https://readthedocs.org/projects/openedx-authz/badge/?version=latest', 'https://docs.openedx.org/projects/openedx-authz', 'https://img.shields.io/pypi/pyversions/openedx-authz.svg', 'https://img.shields.io/github/license/openedx/openedx-authz.svg', 'https://img.shields.io/badge/Status-Experimental-yellow']",True,True,True,True,.readthedocs.yaml,2,False,,,,True,True,,True,openedx-authz,"['3', '3.12']",https://github.com/openedx/openedx-authz,True,True,True,False
openedx/edx-cookiecutters,,,,,,,4,0,0.6667,951540,True,2026-08-20,True,True,False,False,106,0,0,0,0,38,106,2,3,1,False,,False,True,True,False,True,True,True,True,True,True,False,True,False,True,False,False,True,False,2026-08-10 17:12:01,True,False,True,False,False,True,False,False,,openedx,5,['https://openedx.slack.com/: 403'],True,"['https://discuss.openedx.org', 'https://openedx.org/getting-help', 'https://openedx.org/slack', 'https://tox.readthedocs.io/en/latest/']",True,True,True,False,,,False,,,,True,True,,False,,[],,True,True,True,False
openedx/frontend-app-enterprise-public-catalog,,,,,,,0,0,,,False,2026-08-20,False,False,False,False,47,0,0,36,11,0,0,0,0,0,False,,False,False,True,False,False,True,True,True,False,False,True,False,False,False,False,False,False,False,2026-08-18 18:42:33,True,False,False,False,False,False,False,False,@edx/frontend-app-enterprise-public-catalog,openedx,0,"['https://edx.github.io/frontend-platform/module-Internationalization.html: 404', 'https://github.com/openedx/frontend-i18n/blob/master/docs/how_tos/i18n.rst: 404', 'https://travis-ci.com/edx/frontend-app-enterprise-public-catalog: 404']",False,"['https://explore-catalog.stage.edx.org/', 'https://github.com/openedx/frontend-app-enterprise-public-catalog/blob/master/docs/decisions/0002-feature-based-application-organization.rst', 'https://api.travis-ci.com/edx/frontend-app-enterprise-public-catalog.svg?branch=master', 'https://codecov.io/gh/edx/frontend-app-enterprise-public-catalog/branch/master/graph/badge.svg', 'https://codecov.io/gh/edx/frontend-app-enterprise-public-catalog', 'https://img.shields.io/npm/l/@edx/frontend-app-enterprise-public-catalog.svg']",True,True,False,False,,,True,2026-02-22,2025-02-04,2,False,False,,False,,[],,False,False,False,False
openedx/codejail,,,,,,,4,1,0.7368,53592,True,2026-08-20,True,True,False,False,34,0,0,0,0,16,34,0,0,0,False,,True,False,True,False,True,True,True,True,True,True,False,True,False,True,True,True,True,False,2026-08-17 21:29:01,True,False,True,False,False,True,False,False,,openedx,2,[],False,[],True,True,True,False,,,False,,,,True,True,,True,edx-codejail,"['3', '3.12']",https://github.com/openedx/codejail,True,True,True,False
openedx/cypress-e2e-tests,,,,,,,5,5,0.5,1792816,False,2026-08-20,True,True,False,False,19,0,0,0,19,0,0,0,0,0,False,,False,False,True,False,False,False,True,True,True,False,True,False,False,False,False,False,False,False,2026-08-17 21:34:12,True,False,False,False,False,False,False,False,,openedx,0,[],False,"['https://www.cypress.io/', 'https://docs.cypress.io/guides/overview/why-cypress.html', 'https://docs.cypress.io/examples/examples/tutorials.html']",True,True,False,False,,,False,,,,False,False,,False,,[],,False,False,False,False
openedx/taxonomy-connector,,,,,,,8,13,0.8333,314636,True,2026-08-20,True,True,False,False,146,0,0,0,0,110,146,12,15,7,False,,True,False,True,True,True,True,True,True,True,False,False,True,False,True,True,True,True,False,2026-08-19 13:57:16,True,True,True,False,False,True,False,False,,openedx,4,[],True,"['https://img.shields.io/pypi/v/taxonomy-connector.svg', 'https://pypi.org/project/taxonomy-connector/', 'http://codecov.io/github/openedx/taxonomy-connector/coverage.svg?branch=master', 'http://codecov.io/github/openedx/taxonomy-connector?branch=master', 'https://github.com/openedx/taxonomy-connector/workflows/Python%20CI/badge.svg?branch=master', 'https://github.com/openedx/taxonomy-connector/actions?query=workflow%3A%22Python+CI%22', 'https://open.edx.org/getting-help']",True,True,True,False,,,False,,,,True,True,,True,taxonomy-connector,"['3', '3.12']",https://github.com/openedx/taxonomy-connector,True,True,True,False
openedx/edx-django-sites-extensions,,,,,,,4,1,1.0,22566,True,2026-08-20,True,True,False,False,92,0,0,0,0,3,92,3,4,1,False,,True,False,True,False,True,True,True,True,True,True,False,True,False,True,False,True,True,False,2026-07-31 17:06:55,True,False,True,False,False,True,False,False,,openedx,1,[],False,"['http://code.edx.org/', 'https://github.com/openedx/edx-django-sites-extensions/workflows/Python%20CI/badge.svg?branch=master', 'https://github.com/openedx/edx-django-sites-extensions/actions?query=workflow%3A%22Python+CI%22', 'http://codecov.io/github/edx/edx-django-sites-extensions/coverage.svg?branch=master', 'http://codecov.io/github/edx/edx-django-sites-extensions?branch=master', 'https://docs.djangoproject.com/en/1.9/ref/contrib/sites/', 'https://edx-django-sites-extensions.readthedocs.org', 'https://github.com/openedx/.github/blob/master/CONTRIBUTING.md', 'https://groups.google.com/forum/']",True,False,True,False,,,False,,,,True,True,,True,edx-django-sites-extensions,['3.12'],https://github.com/openedx/edx-django-sites-extensions,True,True,True,False
openedx/modular-learning,,,,,,,0,0,,,False,2026-08-20,False,False,False,False,0,0,0,0,0,0,0,0,0,0,False,,False,False,False,False,False,False,True,True,False,False,False,False,False,False,False,False,False,False,2024-12-16 20:07:52,False,False,False,False,False,False,False,False,,openedx,0,[],False,"['https://github.com/orgs/openedx/projects/36', 'https://openedx.atlassian.net/wiki/spaces/OEPM/pages/3575152670/Approach+Memo+Modular+Learning']",True,True,False,False,,,False,,,,False,False,,False,,[],,False,False,False,False
openedx/RecommenderXBlock,,,,,,,4,3,1.0,666745,True,2026-08-20,True,True,False,False,0,0,0,0,0,0,0,0,0,0,False,,False,False,True,False,False,True,True,True,True,True,False,False,True,False,False,False,False,False,2026-08-19 10:12:22,True,False,False,False,False,False,False,False,,openedx,0,[],False,[],True,True,False,False,,,False,,,,False,False,,False,,[],,False,False,False,False
openedx/frontend-app-ora,,,,,,,2,5,1.0,234,False,2026-08-20,True,True,False,False,48,0,0,38,10,0,0,0,0,0,False,,False,False,True,False,False,True,True,True,True,False,True,False,False,False,False,False,False,True,2026-08-10 20:15:46,True,False,False,False,False,False,False,False,,openedx,0,"['http://apps.local.openedx.io: HTTPConnectionPool(host=\'apps.local.openedx.io\', port=80): Max retries exceeded with url: / (Caused by NewConnectionError(""HTTPConnection(host=\'apps.local.openedx.io\', port=80): Failed to establish a new connection: [Errno 111] Connection refused""))', 'https://openedx.slack.com/: 403', 'https://openedx.slack.com/archives/C04BM6YC7A6: 403', 'https://open-edx-backstage.herokuapp.com/catalog/default/component/frontend-app-ora: 404', 'https://github.com/edx/frontend-app-ora/actions/workflows/ci.yml/badge.svg: 404']",True,"['https://github.com/overhangio/tutor', 'https://github.com/overhangio/tutor-mfe?tab=readme-ov-file', 'https://github.com/openedx/frontend-app-ora.git', 'https://github.com/nvm-sh/nvm', 'https://github.com/overhangio/tutor-mfe/blob/release/tutormfe/plugin.py', 'https://docs.openedx.org/en/latest/site_ops/how-tos/add-waffle-flag-for-user.html', 'https://discuss.openedx.org', 'https://github.com/edx/frontend-app-ora/issues', 'https://openedx.org/slack', 'https://openedx.org/getting-help', 'https://openedx.org/r/how-to-contribute', 'https://openedx.org/code-of-conduct/', 'https://img.shields.io/github/license/openedx/frontend-app-ora.svg', 'https://github.com/edx/frontend-app-ora/blob/master/LICENSE', 'https://img.shields.io/badge/Status-Maintained-brightgreen', 'https://github.com/edx/frontend-app-ora/actions/workflows/ci.yml', 'https://codecov.io/github/openedx/frontend-app-ora/coverage.svg?branch=master', 'https://codecov.io/github/openedx/frontend-app-ora?branch=master']",True,True,True,False,,,True,2026-04-06,2024-02-05,5,False,False,,False,,[],,False,False,False,False
openedx/event-bus-kafka,,,,,,,2,0,0.6667,1269632,True,2026-08-20,True,True,False,False,126,0,0,0,0,28,126,7,9,5,True,,True,True,True,True,True,True,True,True,True,True,False,True,False,True,True,True,True,False,2026-08-10 20:33:18,True,True,True,False,False,True,False,False,,openedx,1,"['https://openedx-slack-invite.herokuapp.com/: 404', 'https://openedx.slack.com/: 403', 'https://edx-event-bus-kafka.readthedocs.io/en/latest/: 404']",True,"['https://github.com/openedx/event-bus-kafka/blob/main/docs/decisions/0005-optional-import-of-confluent-kafka.rst', 'https://open-edx-proposals.readthedocs.io/en/latest/architectural-decisions/oep-0052-arch-event-bus-architecture.html', 'https://openedx.atlassian.net/wiki/spaces/DOC/pages/21627535/Publish+Documentation+on+Read+the+Docs', 'https://github.com/openedx/.github/blob/master/CONTRIBUTING.md', 'https://discuss.openedx.org', 'https://openedx.org/getting-help', 'https://img.shields.io/pypi/v/edx-event-bus-kafka.svg', 'https://pypi.python.org/pypi/edx-event-bus-kafka/', 'https://github.com/openedx/event-bus-kafka/workflows/Python%20CI/badge.svg?branch=main', 'https://github.com/openedx/event-bus-kafka/actions', 'https://codecov.io/github/openedx/event-bus-kafka/coverage.svg?branch=main', 'https://codecov.io/github/openedx/event-bus-kafka?branch=main', 'https://readthedocs.org/projects/edx-event-bus-kafka/badge/?version=latest', 'https://img.shields.io/pypi/pyversions/edx-event-bus-kafka.svg', 'https://img.shields.io/github/license/openedx/event-bus-kafka.svg', 'https://github.com/openedx/event-bus-kafka/blob/main/LICENSE.txt']",True,True,True,True,.readthedocs.yaml,2,False,,,,True,True,,True,edx_event_bus_kafka,"['3', '3.12']",https://github.com/openedx/event-bus-kafka,True,True,True,False
openedx/opaque-keys,,,,,,,6,2,0.9444,210,True,2026-08-20,True,True,False,False,85,0,0,0,0,4,85,3,3,1,False,,True,False,True,False,True,True,True,True,True,True,False,True,False,True,False,True,True,False,2026-08-17 12:26:44,True,True,False,False,False,True,False,False,,openedx,0,['https://coveralls.io/r/edx/opaque-keys: 403'],False,"['http://code.edx.org/', 'https://github.com/openedx/opaque-keys/workflows/Python%20CI/badge.svg?branch=master', 'https://github.com/openedx/opaque-keys/actions?query=workflow%3A%22Python+CI%22', 'https://coveralls.io/repos/edx/opaque-keys/badge.svg?branch=master', 'https://github.com/openedx/edx-platform/wiki/Opaque-Keys']",True,True,False,True,.readthedocs.yaml,2,False,,,,True,True,,True,edx-opaque-keys,"['3', '3.12']",https://github.com/openedx/opaque-keys,True,True,True,False
openedx/enmerkar-underscore,,,,,,,2,1,0.5,143,True,2026-08-20,True,True,False,False,50,0,0,0,0,4,50,0,1,0,False,,False,False,True,False,False,True,True,True,True,False,False,False,False,True,True,True,True,False,2026-07-29 15:38:53,True,True,False,False,False,True,False,False,,openedx,1,"[""https://pypip.in/d/django-babel-underscore/badge.png: HTTPSConnectionPool(host='pypip.in', port=443): Max retries exceeded with url: /d/django-babel-underscore/badge.png (Caused by ConnectTimeoutError(<HTTPSConnection(host='pypip.in', port=443) at 0x7ffb44155640>, 'Connection to pypip.in timed out. (connect timeout=None)'))"", 'http://django-babel-underscore.readthedocs.org: 404']",False,"['https://badge.fury.io/py/django-babel-underscore.png', 'http://badge.fury.io/py/django-babel-underscore', 'https://github.com/openedx/enmerkar-underscore/workflows/Python%20CI/badge.svg?branch=master', 'https://github.com/openedx/enmerkar-underscore/actions?query=workflow%3A%22Python+CI%22', 'https://pypi.python.org/pypi/django-babel-underscore']",True,True,False,False,,,False,,,,True,True,,True,enmerkar-underscore,"['3', '3.11', '3.12']",https://github.com/openedx/enmerkar-underscore,True,False,True,False
openedx/xss-utils,,,,,,,1,1,0.5,1800302,True,2026-08-20,True,True,False,False,84,0,0,0,0,3,84,4,4,2,True,,True,False,True,False,True,True,True,True,True,True,False,True,False,True,True,True,True,True,2026-07-20 19:32:41,True,True,True,False,False,True,False,False,,openedx,1,"['https://xss-utils.readthedocs.org: 404', 'https://open.edx.org/getting-help: 403', 'http://xss-utils.readthedocs.io/en/latest/: 404', 'https://github.com/openedx/xss-utils/blob/master/LICENSE.txt: 404']",True,"['https://docs.openedx.org/en/latest/developers/references/developer_guide/preventing_xss/index.html', 'https://github.com/openedx/.github/blob/master/CONTRIBUTING.md', 'https://github.com/openedx/xss-utils/blob/master/.github/PULL_REQUEST_TEMPLATE.md', 'https://github.com/openedx/xss-utils/blob/master/.github/ISSUE_TEMPLATE.md', 'https://img.shields.io/pypi/v/xss-utils.svg', 'https://pypi.python.org/pypi/xss-utils/', 'https://github.com/openedx/xss-utils/workflows/Python%20CI/badge.svg?branch=master', 'https://github.com/openedx/xss-utils/actions?query=workflow%3A%22Python+CI%22', 'http://codecov.io/github/edx/xss-utils/coverage.svg?branch=master', 'http://codecov.io/github/edx/xss-utils?branch=master', 'https://readthedocs.org/projects/xss-utils/badge/?version=latest', 'https://img.shields.io/pypi/pyversions/xss-utils.svg', 'https://img.shields.io/github/license/edx/xss-utils.svg']",True,True,True,False,,,False,,,,True,True,,True,xss-utils,"['3', '3.12']",https://github.com/openedx/xss-utils,True,True,True,False
openedx/didkit-python,,,,,,,1,9,,,False,2026-08-20,False,False,False,False,0,0,0,0,0,0,0,0,0,0,False,,False,False,True,False,False,False,True,True,False,False,False,False,True,False,False,False,False,False,2026-05-30 14:52:54,True,False,False,False,False,False,False,False,,openedx,0,[],False,"['https://badge.fury.io/py/openedx-didkit.svg', 'https://badge.fury.io/py/openedx-didkit', 'https://spruceid.dev/docs/didkit/', 'https://github.com/spruceid/ssi', 'https://pypi.org/project/openedx-didkit/', 'https://github.com/GlugovGrGlib/didkit-python', 'https://github.com/spruceid/didkit-python']",True,True,False,False,,,False,,,,False,False,,False,,[],,False,False,False,False
openedx/code-annotations,,,,,,,4,3,0.9565,47654,True,2026-08-20,True,True,False,False,96,0,0,0,0,7,96,2,2,1,False,3.12,True,False,True,False,True,True,True,True,True,True,False,True,False,True,True,True,True,False,2026-08-17 16:44:54,True,True,True,False,False,True,False,False,,openedx,5,['https://open.edx.org/getting-help: 403'],True,"['https://code-annotations.readthedocs.org', 'https://github.com/openedx/.github/blob/master/CONTRIBUTING.md', 'https://github.com/openedx/code-annotations/blob/master/.github/PULL_REQUEST_TEMPLATE.md', 'https://github.com/openedx/code-annotations/blob/master/.github/ISSUE_TEMPLATE.md']",True,True,True,True,.readthedocs.yml,2,False,,,,True,True,,True,code-annotations,"['3', '3.12']",https://github.com/openedx/code-annotations,True,True,True,False
openedx/openedx-translations,,,,,,,9,7,0.99,13,True,2026-08-20,True,True,False,False,41,0,0,0,1,0,40,1,1,1,False,,False,True,True,False,False,True,True,True,True,False,True,False,False,True,False,False,False,False,2026-08-20 01:10:31,True,False,False,False,False,True,False,False,,openedx,0,['https://app.transifex.com/open-edx/openedx-translations/dashboard/: 403'],False,"['https://app.transifex.com/open-edx/', 'https://github.com/openedx/open-edx-proposals/pull/367', 'https://github.com/openedx/openedx-atlas', 'https://github.com/openedx/openedx-translations/actions/workflows/sync-translations.yml', 'https://docs.tutor.edly.io/tutorials/nightly.html', 'https://github.com/openedx/openedx-platform', 'https://docs.tutor.edly.io/', 'https://github.com/openedx/openedx-platform/tree/release/ulmo', 'https://github.com/openedx/openedx-translations/tree/main/.github/workflows', 'https://github.com/openedx/openedx-translations/blob/main/Makefile']",True,True,False,False,,,False,,,,False,True,,False,,[],,False,False,False,False
openedx/xqueue-watcher,,,,,,,2,0,1.0,7,False,2026-08-20,False,False,False,False,0,0,0,0,0,0,0,0,0,0,False,,False,False,True,False,False,True,True,True,False,True,False,False,True,False,False,False,False,False,2026-08-15 15:20:16,True,False,False,False,False,True,False,False,,openedx,0,"['http://xqueue-svc: HTTPConnectionPool(host=\'xqueue-svc\', port=80): Max retries exceeded with url: / (Caused by NameResolutionError(""HTTPConnection(host=\'xqueue-svc\', port=80): Failed to resolve \'xqueue-svc\' ([Errno -3] Temporary failure in name resolution)""))']",False,"['https://github.com/openedx/xqueue', 'https://github.com/openedx/codejail']",True,True,False,False,,,False,,,,False,False,,False,,[],,False,False,False,False
openedx/enterprise-access,,,,,,,2,5,0.7857,1243143,True,2026-08-20,True,True,False,False,202,0,0,0,0,117,202,25,35,20,True,,True,False,True,True,False,True,True,True,True,False,False,True,False,True,True,False,True,False,2026-08-17 02:30:50,True,True,True,False,False,True,False,False,,openedx,5,"['https://openedx-slack-invite.herokuapp.com/: 404', 'https://openedx.slack.com/: 403', 'https://github.com/edx/enterprise-access/workflows/Python%20CI/badge.svg?branch=main: 404', 'https://enterprise-access.readthedocs.io/en/latest/: 404']",True,"['https://github.com/edx/devstack', 'https://openedx.atlassian.net/wiki/spaces/DOC/pages/21627535/Publish+Documentation+on+Read+the+Docs', 'https://github.com/openedx/.github/blob/master/CONTRIBUTING.md', 'https://discuss.openedx.org', 'https://openedx.org/getting-help', 'https://img.shields.io/pypi/v/enterprise-access.svg', 'https://pypi.python.org/pypi/enterprise-access/', 'https://github.com/edx/enterprise-access/actions', 'https://codecov.io/github/edx/enterprise-access/coverage.svg?branch=main', 'https://codecov.io/github/edx/enterprise-access?branch=main', 'https://readthedocs.org/projects/enterprise-access/badge/?version=latest', 'https://img.shields.io/pypi/pyversions/enterprise-access.svg', 'https://img.shields.io/github/license/edx/enterprise-access.svg', 'https://github.com/edx/enterprise-access/blob/main/LICENSE.txt']",True,True,True,False,,,True,,,0,True,True,,False,,[],,True,True,True,False
openedx/frontend-plugin-aspects,,,,,,,4,5,0.9762,133,False,2026-08-20,True,True,False,False,21,0,0,2,19,0,0,0,0,0,False,,False,False,True,False,False,True,True,True,True,False,True,False,False,False,False,False,False,False,2026-08-18 17:51:49,True,False,False,False,False,False,False,False,,openedx,0,"['https://openedx.slack.com/: 403', 'https://openedx.slack.com/archives/C04BM6YC7A6: 403', 'https://open-edx-backstage.herokuapp.com/catalog/default/component/frontend-plugin-aspects: 404']",True,"['https://img.shields.io/github/license/openedx/frontend-plugin-aspects.svg', 'https://github.com/openedx/frontend-plugin-aspects/blob/main/LICENSE', 'https://img.shields.io/badge/Status-Maintained-brightgreen', 'https://github.com/openedx/frontend-plugin-aspects/actions/workflows/ci.yml/badge.svg', 'https://github.com/openedx/frontend-plugin-aspects/actions/workflows/ci.yml', 'https://codecov.io/github/openedx/frontend-plugin-aspects/coverage.svg?branch=main', 'https://codecov.io/github/openedx/frontend-plugin-aspects?branch=main', 'https://github.com/openedx/tutor-contrib-aspects', 'https://github.com/openedx/frontend-app-authoring.git', 'https://github.com/openedx/frontend-plugin-aspects.git', 'https://nodemon.io', 'https://discuss.openedx.org', 'https://openedx.org/slack', 'https://openedx.org/getting-help', 'https://openedx.org/r/how-to-contribute', 'https://openedx.org/code-of-conduct/']",True,True,True,False,,,True,2026-08-18,2026-08-18,1,False,False,,False,,[],,False,False,False,False
openedx/frontend-lib-special-exams,,,,,,,0,1,,,False,2026-08-20,False,False,False,False,30,0,0,8,22,0,0,0,0,0,False,,False,False,True,False,False,True,True,True,False,True,True,False,False,False,False,False,False,True,2026-05-20 13:20:43,True,False,False,False,False,False,False,False,@edx/frontend-lib-special-exams,openedx,0,"['https://edx.github.io/frontend-platform/module-Internationalization.html: 404', 'https://openedx.slack.com/: 403', 'https://openedx.slack.com/archives/C04BM6YC7A6: 403']",False,"['https://github.com/edx/frontend-lib-special-exams.git', 'https://github.com/nvm-sh/nvm', 'https://github.com/edx/frontend-i18n/blob/master/docs/how_tos/i18n.rst', 'https://github.com/openedx/frontend-plugin-framework', 'https://openedx.org/r/how-to-contribute', 'https://discuss.openedx.org', 'https://github.com/openedx/frontend-lib-special-exams/issues', 'https://openedx.org/slack', 'https://openedx.org/community/connect', 'https://openedx.org/code-of-conduct/']",True,True,True,False,,,True,,,0,False,False,,False,,[],,False,False,False,False
openedx/codejail-includes,,,,,,,3,0,0.6667,1269338,True,2026-08-20,True,True,False,False,93,0,0,0,0,0,93,2,2,1,False,,True,False,True,False,True,True,True,True,True,True,False,True,False,True,True,True,True,False,2026-08-10 20:07:56,True,True,True,False,False,False,False,False,,openedx,0,"['https://openedx-slack-invite.herokuapp.com/: 404', 'https://openedx.slack.com/: 403', 'https://github.com/openedx/sandboxcodejail-includes/workflows/Python%20CI/badge.svg?branch=main: 404']",True,"['https://openedx.atlassian.net/browse/BOM-2579', 'https://openedx.atlassian.net/wiki/spaces/DOC/pages/21627535/Publish+Documentation+on+Read+the+Docs', 'https://github.com/openedx/.github/blob/master/CONTRIBUTING.md', 'https://discuss.openedx.org', 'https://openedx.org/getting-help', 'https://img.shields.io/pypi/v/codejail-includes.svg', 'https://pypi.python.org/pypi/codejail-includes/', 'https://github.com/openedx/codejail-includes/actions', 'https://img.shields.io/github/license/openedx/sandbox-packages.svg', 'https://github.com/openedx/codejail-includes/blob/main/LICENSE']",True,True,True,False,,,False,,,,False,True,,True,codejail-includes,"['3', '3.12']",https://github.com/openedx/codejail-includes,True,True,True,False
openedx/frontend-app-authn,,,,,,,4,16,1.0,164,False,2026-08-20,True,True,False,False,41,0,0,30,11,0,0,0,0,0,False,,False,False,True,False,False,True,True,True,True,False,True,False,False,False,False,False,False,False,2026-08-10 21:12:54,True,False,False,False,False,False,False,False,@edx/frontend-app-authn,openedx,0,"['https://support.example.com: HTTPSConnectionPool(host=\'support.example.com\', port=443): Max retries exceeded with url: / (Caused by NameResolutionError(""HTTPSConnection(host=\'support.example.com\', port=443): Failed to resolve \'support.example.com\' ([Errno -5] No address associated with hostname)""))', 'https://openedx.slack.com/: 403', 'https://openedx.slack.com/archives/C04BM6YC7A6: 403', 'https://travis-ci.com/edx/frontend-app-authn: 404']",False,"['https://github.com/overhangio/tutor', 'https://github.com/overhangio/tutor-mfe?tab=readme-ov-file', 'https://github.com/edx/frontend-app-authn.git', 'https://github.com/nvm-sh/nvm', 'https://docs.openedx.org/en/latest/developers/references/developer_guide/process/index.html', 'https://github.com/openedx/frontend-app-authn/blob/master/.github/pull_request_template.md', 'https://discuss.openedx.org', 'https://github.com/openedx/frontend-app-authn/issues', 'https://openedx.org/slack', 'https://openedx.org/community/connect', 'https://openedx.org/code-of-conduct/', 'https://backstage.openedx.org/catalog/default/group/2u-infinity', 'https://github.com/openedx/frontend-app-authn/blob/master/LICENSE', 'https://api.travis-ci.com/edx/frontend-app-authn.svg?branch=master', 'https://img.shields.io/codecov/c/github/edx/frontend-app-authn', 'https://codecov.io/gh/edx/frontend-app-authn', 'https://github.com/openedx/edx-developer-docs/actions/workflows/ci.yml/badge.svg', 'https://github.com/openedx/edx-developer-docs/actions/workflows/ci.yml', 'https://img.shields.io/badge/%20%20%F0%9F%93%A6%F0%9F%9A%80-semantic--release-e10079.svg', 'https://github.com/semantic-release/semantic-release']",True,True,True,False,,,True,2026-03-27,2025-03-14,4,False,False,,False,,[],,False,False,False,False
openedx/frontend-template-site,,,,,,,2,1,1.0,433511,False,2026-08-20,False,False,False,False,8,0,0,6,2,0,0,0,0,0,False,,False,False,True,False,False,True,True,True,False,False,True,False,False,False,False,False,False,False,2026-08-14 14:32:12,True,False,False,False,False,False,False,False,,openedx,0,"['http://apps.local.openedx.io: HTTPConnectionPool(host=\'apps.local.openedx.io\', port=80): Max retries exceeded with url: / (Caused by NewConnectionError(""HTTPConnection(host=\'apps.local.openedx.io\', port=80): Failed to establish a new connection: [Errno 111] Connection refused""))', 'https://open-edx-backstage.herokuapp.com/catalog/default/component/frontend-template-site: 404', 'https://github.com/openedx/frontend-template-application/blob/main/LICENSE: 404']",False,"['https://github.com/nvm-sh/nvm', 'https://bindfs.org/', 'https://docs.npmjs.com/cli/using-npm/workspaces', 'https://github.com/semantic-release/semantic-release', 'https://turbo.build/', 'https://github.com/openedx/frontend-base/blob/master/docs/how_tos/i18n.rst', 'https://github.com/openedx/openedx-translations', 'https://openedx.org/r/how-to-contribute', 'https://openedx.org/code-of-conduct/', 'https://img.shields.io/github/license/openedx/frontend-template-application.svg', 'https://img.shields.io/badge/Status-Maintained-brightgreen', 'https://github.com/openedx/frontend-template-application/actions/workflows/ci.yml/badge.svg', 'https://github.com/openedx/frontend-template-application/actions/workflows/ci.yml', 'https://codecov.io/github/openedx/frontend-template-application/coverage.svg?branch=main', 'https://codecov.io/github/openedx/frontend-template-application?branch=main']",True,True,True,False,,,False,,,,False,False,,False,,[],,False,False,False,False
openedx/edx-ora2,,,,,,,4,4,0.4167,271,True,2026-08-20,True,True,False,False,208,0,0,14,27,67,167,14,18,10,False,,True,False,True,False,False,True,True,True,True,True,True,True,False,True,True,True,True,True,2026-08-17 21:34:20,True,False,True,False,False,True,True,True,,openedx,7,"['https://open.edx.org/getting-help: 403', 'https://coveralls.io/r/edx/edx-ora2?branch=master: 403']",True,"['https://github.com/openedx/edx-platform', 'https://docs.openedx.org/en/latest/educators/concepts/exercise_tools/about_OpenResponseAssessments.html', 'https://openedx.atlassian.net/wiki/spaces/EDUCATOR/pages/9765004/ORA+Developer+Guide', 'https://github.com/openedx/devstack', 'https://github.com/openedx/edx-ora2/workflows/Python%20CI/badge.svg?branch=master', 'https://github.com/openedx/edx-ora2/actions?query=workflow%3A%22Python+CI%22', 'https://coveralls.io/repos/edx/edx-ora2/badge.png?branch=master']",True,True,True,True,.readthedocs.yaml,2,True,,,0,True,True,,True,ora2,"['3', '3.12']",http://github.com/openedx/edx-ora2,True,True,True,False
openedx/openedx-proposals,,,,,,,7,0,0.9048,50323,True,2026-08-20,True,True,False,False,45,0,0,0,0,30,45,0,0,0,True,,False,False,True,False,False,True,True,True,True,True,False,False,False,True,False,False,False,False,2026-08-17 12:44:13,True,False,False,False,False,False,False,False,,openedx,4,"['https://openedx.org/r/how-to-contribute: 403', 'https://openedx.slack.com/archives/C1L370YTZ: 403', 'https://openedx.org/code-of-conduct/: 403', 'https://github.com/openedx/openedx-proposals/blob/main/LICENSE.txt: 404']",False,"['https://docs.openedx.org/projects/openedx-proposals/', 'https://discuss.openedx.org/c/announcements/17', 'https://www.sphinx-doc.org/en/master/usage/restructuredtext/basics.html', 'https://docs.openedx.org/en/latest/developers/quickstarts/first_openedx_pr.html', 'http://graphviz.org/', 'https://discuss.openedx.org/', 'https://backstage.openedx.org/catalog/default/component/openedx-proposals', 'https://img.shields.io/badge/License-CC_BY--SA_4.0-lightgrey.svg', 'https://readthedocs.org/projects/openedx-proposals/badge/?version=latest', 'https://img.shields.io/badge/Status-Maintained-brightgreen', 'https://img.shields.io/github/contributors/openedx/openedx-proposals.svg']",True,True,True,True,.readthedocs.yaml,2,False,,,,False,False,,False,,[],,False,False,False,False
openedx/xblocks-extra,,,,,,,5,12,0.9524,47,True,2026-08-20,True,True,False,False,0,0,0,0,0,0,0,0,0,0,False,,False,False,True,False,True,True,True,True,True,False,False,False,True,False,False,False,True,False,2026-08-19 14:44:07,True,False,False,False,False,True,False,False,,openedx,0,[],False,"['https://github.com/openedx-unsupported/AudioXBlock', 'https://github.com/openedx/FeedbackXBlock', 'https://github.com/openedx/xblock-free-text-response', 'https://github.com/openedx-unsupported/xblock-image-modal', 'https://github.com/openedx-unsupported/xblock-qualtrics-survey', 'https://github.com/openedx/xblock-sql-grader', 'https://github.com/openedx-unsupported/xblock-submit-and-compare', 'https://github.com/openedx/xblocks-extra.git', 'https://docs.openedx.org/en/latest/developers/concepts/oep58.html', 'https://github.com/openedx/openedx-translations', 'https://openedx.org/contributor-guidelines']",True,True,False,True,.readthedocs.yaml,2,False,,,,False,False,,False,,[],,True,False,True,False
openedx/sample-plugin,,,,,,,2,24,1.0,64,False,2026-08-20,False,False,False,False,0,0,0,0,0,0,0,0,0,0,False,,False,False,True,False,False,False,True,True,False,False,False,False,False,False,False,False,False,False,2026-08-04 13:54:10,True,False,False,False,False,False,False,False,,openedx,0,[],False,"['https://docs.openedx.org/projects/edx-django-utils/en/latest/plugins/how_tos/how_to_create_a_plugin_app.html', 'https://docs.openedx.org/projects/openedx-events/en/latest/', 'https://docs.openedx.org/projects/openedx-filters/en/latest/', 'https://docs.openedx.org/en/latest/site_ops/how-tos/use-frontend-plugin-slots.html', 'https://github.com/openedx/paragon', 'https://docs.tutor.edly.io/', 'https://docs.tutor.edly.io/install.html', 'https://github.com/overhangio/tutor-mfe', 'https://github.com/openedx/openedx-tutor-plugins/tree/main/plugins/tutor-contrib-paragon', 'https://cdn.jsdelivr.net/gh/openedx/sample-plugin@main/brand-sample/dist/light.min.css', 'https://openedx.org/slack', 'https://discuss.openedx.org', 'https://github.com/openedx/sample-plugin/issues']",True,True,False,False,,,False,,,,False,False,,False,,[],,False,False,False,False
openedx/codejail-service,,,,,,,0,5,0.0,,True,2026-08-20,False,False,False,False,138,0,0,0,0,58,138,7,8,4,True,,True,True,True,False,True,True,True,True,False,False,False,True,False,True,True,False,True,True,2026-07-30 14:21:53,True,False,True,False,False,True,False,False,,openedx,0,"['https://openedx.slack.com/: 403', 'https://docs.openedx.org/projects/codejail-service: 404']",True,"['https://github.com/openedx/codejail', 'https://docs.openedx.org/en/latest/developers/how-tos/get-ready-for-python-dev.html', 'https://github.com/openedx/codejail-service/issues/3', 'https://discuss.openedx.org', 'https://github.com/openedx/codejail-service/issues', 'https://openedx.org/getting-help', 'https://openedx.org/slack', 'https://openedx.org/r/how-to-contribute', 'https://openedx.org/code-of-conduct/', 'https://backstage.openedx.org/catalog/default/component/codejail-service', 'https://github.com/openedx/codejail-service/workflows/Python%20CI/badge.svg', 'https://github.com/openedx/codejail-service/actions', 'https://codecov.io/github/openedx/codejail-service/coverage.svg?branch=main', 'https://codecov.io/github/openedx/codejail-service?branch=main', 'https://readthedocs.org/projects/codejail-service/badge/?version=latest', 'https://img.shields.io/github/license/openedx/codejail-service.svg', 'https://github.com/openedx/codejail-service/blob/main/LICENSE.txt', 'https://img.shields.io/badge/Status-Maintained-brightgreen']",True,True,True,True,.readthedocs.yaml,2,True,,,0,True,True,,False,,[],,True,True,True,False
openedx/openedx-aspects,,,,,,,4,5,1.0,58672,True,2026-08-20,True,True,False,False,0,0,0,0,0,0,0,0,0,0,False,,False,False,True,False,False,True,True,True,True,False,False,False,True,False,False,False,False,False,2026-08-17 19:54:42,True,False,False,False,False,False,False,False,,openedx,0,[],False,"['https://docs.astral.sh/uv/', 'https://astral.sh/uv/install.sh', 'https://github.com/orgs/openedx/projects/5/views/1', 'https://docs.openedx.org/projects/openedx-aspects', 'https://github.com/openedx/tutor-contrib-aspects']",True,True,False,True,.readthedocs.yaml,2,False,,,,False,False,,False,,[],,False,False,False,False
openedx/training-courses,,,,,,,0,0,,,False,2026-08-20,False,False,False,False,0,0,0,0,0,0,0,0,0,0,False,,False,False,False,False,False,True,True,True,False,False,False,False,False,False,False,False,False,False,2026-05-19 13:23:02,True,False,False,False,False,False,False,False,,openedx,0,[],False,"['https://creativecommons.org/licenses/by-sa/4.0/', 'http://creativecommons.org/licenses/by-nc-sa/3.0/us/']",True,True,False,False,,,False,,,,False,False,,False,,[],,False,False,False,False
openedx/frontend-app-communications,,,,,,,1,5,1.0,1743,False,2026-08-20,False,False,False,False,39,0,0,29,10,0,0,0,0,0,False,,False,False,True,False,False,True,True,True,False,False,True,False,False,False,False,False,False,False,2026-08-17 00:08:01,True,False,False,False,False,False,False,False,@edx/frontend-app-communications,openedx,0,"['https://openedx.slack.com/: 403', 'https://openedx.slack.com/archives/C04BM6YC7A6: 403', 'https://open-edx-backstage.herokuapp.com/catalog/default/component/frontend-app-communications: 404']",False,"['https://github.com/overhangio/tutor', 'https://github.com/overhangio/tutor-mfe?tab=readme-ov-file', 'https://github.com/edx/frontend-app-communications.git', 'https://github.com/nvm-sh/nvm', 'https://github.com/openedx/frontend-plugin-framework', 'https://github.com/openedx/frontend-platform/blob/master/docs/how_tos/i18n.rst', 'https://discuss.openedx.org', 'https://github.com/openedx/frontend-app-communications/issues', 'https://openedx.org/slack', 'https://openedx.org/community/connect', 'https://openedx.org/r/how-to-contribute', 'https://openedx.org/code-of-conduct/', 'https://img.shields.io/github/license/openedx/frontend-app-communications.svg', 'https://github.com/openedx/frontend-app-communications/blob/master/LICENSE', 'https://img.shields.io/badge/Status-Maintained-brightgreen', 'https://github.com/openedx/frontend-app-communications/actions/workflows/ci.yml/badge.svg', 'https://github.com/openedx/frontend-app-communications/actions/workflows/ci.yml', 'https://codecov.io/github/openedx/frontend-app-communications/coverage.svg?branch=master', 'https://codecov.io/github/openedx/frontend-app-communications?branch=master']",True,True,True,False,,,True,2022-12-12,,0,False,False,,False,,[],,False,False,False,False
openedx/edx-bootstrap,,,,,,,1,1,,,False,2026-08-20,False,False,False,False,19,0,0,1,18,0,0,0,0,0,False,,False,False,True,False,False,False,True,True,False,False,True,False,False,False,False,False,False,False,2026-08-11 23:41:11,True,False,False,False,False,False,False,False,@edx/edx-bootstrap,openedx,0,"['https://badge.fury.io/js/%40edx%2Fedx-bootstrap: 403', 'https://openedx.slack.com/messages/C0EUBSV7D: 403', 'https://openedx.slack.com/messages/C02BMP2RD5Y: 403']",False,"['https://badge.fury.io/js/%40edx%2Fedx-bootstrap.svg', 'http://getbootstrap.com', 'https://github.com/openedx/edx-bootstrap.git', 'https://github.com/nvm-sh/nvm', 'https://github.com/openedx/edx-bootstrap/blob/master/LICENSE', 'https://open.edx.org/wp-content/uploads/2019/01/individual-contributor-agreement.pdf', 'https://github.com/openedx/.github/blob/master/CONTRIBUTING.md']",True,True,True,False,,,True,2026-04-06,2023-05-15,5,False,False,,False,,[],,False,False,False,False
openedx/edx-search,,,,,,,2,5,0.8333,7,True,2026-08-20,False,False,False,False,97,0,0,0,0,61,97,6,7,5,False,,True,False,True,False,False,True,True,True,False,True,False,True,False,True,False,True,True,False,2026-08-17 00:16:56,True,False,True,False,True,True,False,False,,openedx,2,['https://coveralls.io/github/edx/edx-search?branch=master: 403'],False,"['https://github.com/openedx/edx-search/workflows/Python%20CI/badge.svg?branch=master', 'https://github.com/openedx/edx-search/actions?query=workflow%3A%22Python+CI%22', 'https://coveralls.io/repos/edx/edx-search/badge.svg?branch=master&service=github', 'https://docs.openedx.org/en/latest/site_ops/how-tos/use_typesense_search_backend.html', 'https://github.com/typesense/typesense-python']",True,True,False,False,,,False,,,,False,True,,True,edx-search,"['3', '3.12']",https://github.com/openedx/edx-search,True,True,True,False
openedx/event-routing-backends,,,,,,,3,4,0.8889,283327,True,2026-08-20,True,True,False,False,147,0,0,0,0,64,147,12,15,8,True,,True,True,True,True,True,True,True,True,True,True,False,True,False,True,True,True,True,False,2026-08-12 05:32:12,True,True,True,False,False,True,False,False,,openedx,0,['https://openedx.slack.com/: 403'],True,"['https://github.com/openedx/event-tracking', 'https://open-edx-proposals.readthedocs.io/en/latest/oep-0026-arch-realtime-events.html', 'https://event-routing-backends.readthedocs.io/en/latest/', 'https://github.com/openedx/.github/blob/master/CONTRIBUTING.md', 'https://discuss.openedx.org', 'https://openedx.org/getting-help', 'https://openedx.org/slack', 'https://img.shields.io/pypi/v/event-routing-backends.svg', 'https://pypi.python.org/pypi/event-routing-backends/', 'https://github.com/openedx/event-routing-backends/workflows/Python%20CI/badge.svg?branch=master', 'https://github.com/openedx/event-routing-backends/actions?query=workflow%3A%22Python+CI%22', 'https://codecov.io/github/edx/event-routing-backends/coverage.svg?branch=master', 'https://codecov.io/github/edx/event-routing-backends?branch=master', 'https://readthedocs.org/projects/event-routing-backends/badge/?version=latest', 'https://img.shields.io/pypi/pyversions/event-routing-backends.svg', 'https://img.shields.io/github/license/edx/event-routing-backends.svg', 'https://github.com/openedx/event-routing-backends/blob/master/LICENSE.txt']",True,True,True,True,.readthedocs.yaml,2,False,,,,True,True,,True,edx-event-routing-backends,"['3', '3.12']",https://github.com/openedx/event-routing-backends,True,True,True,False
openedx/frontend-app-learner-record,,,,,,,4,5,0.5714,6,False,2026-08-20,True,True,False,False,38,0,0,29,9,0,0,0,0,0,False,,False,False,True,False,False,True,True,True,True,False,True,False,False,False,False,False,False,False,2026-08-10 17:18:02,True,False,False,False,False,True,False,False,@edx/frontend-app-learner-record,openedx,0,"['https://en.wikipedia.org/wiki/Verifiable_credentials: 403', 'https://openedx.slack.com/: 403', 'https://open-edx-backstage.herokuapp.com/catalog/default/component/: 404', 'https://travis-ci.com/edx/frontend-app-learner-record: 404']",True,"['https://www.edx.org', 'https://github.com/openedx/frontend-plugin-framework', 'https://edx-credentials.readthedocs.io/en/latest/learner_records.html', 'https://github.com/edx/frontend-template-application/blob/master/docs/decisions/0002-feature-based-application-organization.rst', 'https://openedx.atlassian.net/wiki/spaces/FEDX/pages/2629829454/Micro+Frontend+MFE+Onboarding', 'https://discuss.openedx.org', 'https://github.com/openedx/frontend-app-learner-record/issues', 'https://openedx.org/slack', 'https://openedx.org/getting-help', 'https://openedx.org/r/how-to-contribute', 'https://openedx.org/code-of-conduct/', 'https://api.travis-ci.com/edx/frontend-app-learner-record.svg?branch=master', 'https://codecov.io/gh/edx/frontend-app-learner-record/branch/master/graph/badge.svg', 'https://codecov.io/gh/edx/frontend-app-learner-record', 'https://img.shields.io/npm/l/@edx/frontend-app-learner-record.svg', 'https://github.com/openedx/frontend-app-learner-record/blob/master/LICENSE']",True,True,True,False,,,True,2026-04-06,2024-10-28,3,False,False,,False,,[],,False,False,False,False
openedx/staff-graded-xblock,,,,,,,3,2,0.7826,1265275,True,2026-08-20,True,True,False,False,99,0,0,0,0,56,99,12,16,10,False,,False,False,True,False,True,True,True,True,True,True,False,True,False,True,False,True,True,False,2026-08-17 21:31:31,True,False,True,False,True,True,True,True,,openedx,3,"['https://django-statici18n.readthedocs.io/en/latest/: 404', 'https://www.gnu.org/software/gettext/manual/html_node/PO-Files.html: HTTPSConnectionPool(host=\'www.gnu.org\', port=443): Max retries exceeded with url: /software/gettext/manual/html_node/PO-Files.html (Caused by NewConnectionError(""HTTPSConnection(host=\'www.gnu.org\', port=443): Failed to establish a new connection: [Errno 101] Network is unreachable""))']",False,"['https://docs.openedx.org/projects/xblock/en/latest/xblock-tutorial/edx_platform/edx_lms.html', 'https://docs.openedx.org/en/latest/developers/references/developer_guide/internationalization/i18n.html', 'https://github.com/openedx/i18n-tools', 'https://docs.djangoproject.com/en/1.11/topics/i18n/translation/', 'https://docs.transifex.com/integrations/django']",True,True,False,False,,,False,,,,True,True,,True,staff-graded-xblock,"['3', '3.12']",https://github.com/openedx/staff_graded-xblock,True,True,True,False
openedx/xblock-free-text-response,,,,,,,0,0,0.0,6,True,2026-08-20,True,True,False,False,81,0,0,0,3,16,78,5,5,4,False,,True,False,True,False,False,True,True,True,True,True,True,True,False,True,False,True,True,False,2026-05-15 04:57:19,True,False,True,False,False,True,False,False,,openedx,7,['https://coveralls.io/github/Stanford-Online/xblock-free-text-response?branch=master: 403'],False,"['https://coveralls.io/repos/github/Stanford-Online/xblock-free-text-response/badge.svg?branch=master', 'https://github.com/openedx/xblock-free-text-response/workflows/Python%20CI/badge.svg?branch=master', 'https://github.com/openedx/xblock-free-text-response/actions?query=workflow%3A%22Python+CI%22']",True,True,False,False,,,True,,,0,True,False,,True,xblock-free-text-response,"['3', '3.11', '3.12']",https://github.com/Stanford-Online/xblock-free-text-response,True,True,True,False
openedx/acid-block,,,,,,,3,0,0.5714,1540996,True,2026-08-20,True,True,False,False,45,0,0,0,0,14,45,4,4,3,False,,False,False,True,False,False,True,True,True,True,True,False,True,False,True,False,True,False,False,2026-08-18 02:45:59,True,False,True,False,True,True,False,True,,openedx,2,[],False,[],True,True,False,False,,,False,,,,False,True,,True,acid-xblock,"['3', '3.11', '3.12']",https://github.com/openedx/acid-block,False,False,False,False
openedx/tutor-contrib-aspects,,,,,,,11,10,0.8958,53763,True,2026-08-20,True,True,False,False,83,0,0,0,0,46,83,0,0,0,False,,False,False,True,False,False,True,True,True,True,False,False,False,True,True,True,True,False,False,2026-08-19 16:11:33,True,False,False,False,False,True,False,False,,openedx,5,[],False,"['https://docs.tutor.overhang.io', 'https://clickhouse.com', 'https://superset.apache.org', 'https://openfun.github.io/ralph/', 'https://vector.dev', 'https://event-routing-backends.readthedocs.io/en/latest/', 'https://www.getdbt.com', 'https://github.com/openedx/aspects-dbt', 'https://docs.openedx.org/projects/openedx-aspects/en/latest/technical_documentation/concepts/aspects_overview.html', 'https://docs.openedx.org/projects/openedx-aspects/en/latest/technical_documentation/how-tos/02_upgrade.html', 'https://docs.tutor.overhang.io/install.html', 'https://docs.tutor.edly.io/gettingstarted/whatsnext.html', 'https://github.com/eduNEXT/tutor-contrib-pod-autoscaling', 'https://pypi.org', 'https://openedx.atlassian.net/wiki/spaces/COMM/pages/3861512203/Aspects+Beta', 'https://superset.apache.org/docs', 'https://www.getdbt.com/docs/', 'https://vector.dev/docs/', 'https://github.com/openedx/frontend-plugin-aspects', 'https://docs.openedx.org/projects/openedx-aspects/en/latest/technical_documentation/how-tos/aspects_production_configuration.html', 'https://docs.openedx.org/projects/openedx-aspects/en/latest/reference/in_context_dashboards.html']",True,True,False,False,,,False,,,,False,False,"{
        ""Code"": ""https://github.com/openedx/tutor-contrib-aspects"",
        ""Issue tracker"": ""https://github.com/openedx/tutor-contrib-aspects/issues"",
    }",True,tutor-contrib-aspects,"['3.11', '3.12']",https://github.com/openedx/tutor-contrib-aspects,False,False,False,False
openedx/openedx-app-firebase-analytics-ios,,,,,,,1,0,,,False,2026-08-20,False,False,False,False,0,0,0,0,0,0,0,0,0,0,False,,False,False,True,False,False,False,True,True,False,False,False,False,False,False,False,False,False,False,2026-07-30 14:21:50,True,False,False,False,False,False,False,False,,openedx,0,"['https://github.com/user-attachments/assets/fdd60f8b-bd61-4c3d-b97f-4b28323ec369: 403', 'https://github.com/user-attachments/assets/ef7b07a5-9fdf-4bbe-b47f-ba328a6faafb: 403']",False,"['https://github.com/openedx/openedx-app-firebase-analytics-ios', 'https://firebase.google.com/docs/ios/setup']",True,True,False,False,,,False,,,,False,False,,False,,[],,False,False,False,False
openedx/django-require,,,,,,,1,0,,,False,2026-08-20,True,True,False,False,0,0,0,0,0,0,0,0,0,0,False,,True,False,True,False,False,False,True,True,True,False,False,False,False,False,False,True,True,False,2026-05-30 14:54:07,True,False,False,False,False,False,False,False,,openedx,0,"['http://twitter.com/etianen: 520', 'http://www.google.com/profiles/david.etianen: 404']",False,"['https://img.shields.io/pypi/v/openedx-django-require.svg', 'https://pypi.python.org/project/openedx-django-require/', 'https://github.com/openedx/django-require/workflows/Python%20CI/badge.svg?branch=main', 'https://github.com/openedx/django-require/actions', 'https://codecov.io/github/openedx/django-require/coverage.svg?branch=main', 'https://codecov.io/github/openedx/django-require?branch=main', 'http://requirejs.org/', 'https://github.com/openedx/edx-platform', 'https://github.com/edx/django-require', 'https://github.com/vtemian/django-require', 'https://github.com/etianen/django-require', 'https://github.com/openedx/django-require/releases/tag/final-bsd-3c-contribution', 'https://openedx.org/r/how-to-contribute', 'https://openedx.org/code-of-conduct/', 'https://backstage.openedx.org/catalog/default/component/django-require', 'https://github.com/requirejs/almond', 'http://django-storages.readthedocs.org/en/latest/', 'https://github.com/etianen/django-require-s3', 'https://github.com/collab-project/django-require-license', 'http://github.com/etianen/django-require', 'http://groups.google.com/group/django-require', 'http://www.etianen.com/']",True,True,True,False,,,False,,,,False,False,,True,openedx-django-require,"['3.11', '3.12']",https://github.com/etianen/django-require,True,False,True,False
openedx/xblocks-core,,,,,,,8,30,0.7667,209,True,2026-08-20,True,True,False,False,0,0,0,0,0,0,0,0,0,0,False,,False,True,True,False,False,True,True,True,True,False,True,False,True,False,False,False,True,False,2026-08-19 18:37:11,True,False,False,False,False,True,False,False,,openedx,0,"['https://www.gnu.org/software/gettext/manual/html_node/PO-Files.html: HTTPSConnectionPool(host=\'www.gnu.org\', port=443): Max retries exceeded with url: /software/gettext/manual/html_node/PO-Files.html (Caused by NewConnectionError(""HTTPSConnection(host=\'www.gnu.org\', port=443): Failed to establish a new connection: [Errno 101] Network is unreachable""))']",False,"['https://github.com/openedx/xblocks-extra', 'https://github.com/openedx/edx-ora2', 'https://docs.astral.sh/uv/', 'https://docs.astral.sh/uv/getting-started/installation/', 'https://docs.openedx.org/projects/xblock/en/latest/xblock-tutorial/edx_platform/edx_lms.html', 'https://github.com/openedx/i18n-tools', 'https://docs.openedx.org/en/latest/developers/references/developer_guide/internationalization/i18n.html', 'https://github.com/openedx/openedx-translations', 'https://docs.openedx.org/en/latest/developers/concepts/oep58.html', 'https://developers.transifex.com/docs/cli', 'https://docs.djangoproject.com/en/5.2/topics/i18n/translation/']",True,True,False,True,.readthedocs.yaml,2,True,2026-04-01,,0,False,False,,False,,[],,True,True,True,False
openedx/enterprise-subsidy,,,,,,,2,0,0.75,1530584,True,2026-08-20,True,True,False,False,178,0,0,0,0,92,178,20,28,15,False,,True,True,True,True,True,True,True,True,True,True,False,True,False,True,True,False,True,True,2026-08-11 11:09:25,True,True,True,False,False,True,False,False,,openedx,3,"['https://openedx.slack.com/: 403', 'https://open-edx-backstage.herokuapp.com/catalog/default/component/enterprise-subsidy: 404']",True,"['https://github.com/openedx/enterprise-subsidy/tree/main/docs/decisions', 'https://github.com/openedx/enterprise-subsidy/tree/main/docs/caching.rst', 'https://discuss.openedx.org', 'https://github.com/openedx/enterprise-subsidy/issues', 'https://openedx.org/slack', 'https://openedx.org/getting-help', 'https://openedx.org/r/how-to-contribute', 'https://openedx.org/code-of-conduct/', 'https://github.com/openedx/enterprise-subsidy/workflows/Python%20CI/badge.svg?branch=main', 'https://github.com/openedx/enterprise-subsidy/actions', 'https://codecov.io/github/openedx/enterprise-subsidy/coverage.svg?branch=main', 'https://codecov.io/github/openedx/enterprise-subsidy?branch=main', 'https://img.shields.io/github/license/openedx/enterprise-subsidy.svg', 'https://github.com/openedx/enterprise-subsidy/blob/main/LICENSE.txt', 'https://img.shields.io/badge/Status-Maintained-brightgreen']",True,True,True,True,.readthedocs.yaml,2,True,,,0,True,True,,False,,[],,True,True,True,False
openedx/ccx-keys,,,,,,,1,0,0.0,7,True,2026-08-20,True,True,False,False,49,0,0,0,0,6,49,3,3,2,False,,True,False,True,False,False,True,True,True,True,True,False,True,False,True,False,True,True,False,2026-05-30 13:49:33,True,True,True,False,False,True,False,False,,openedx,2,"['https://github.com/openedx/ccx-keys/actions/workflows/ci.yaml/badge.svg: 404', 'https://coveralls.io/r/edx/ccx-keys: 403']",False,"['http://code.edx.org/', 'https://github.com/edx/jenkins-job-dsl/actions/workflows/ci.yml', 'https://coveralls.io/repos/edx/ccx-keys/badge.svg', 'https://github.com/openedx/opaque-keys', 'http://opaque-keys.readthedocs.org/en/latest/', 'https://github.com/openedx/edx-platform/wiki/Opaque-Keys']",True,True,False,False,,,False,,,,False,True,,True,edx-ccx-keys,"['3', '3.12']",https://github.com/openedx/ccx-keys,False,True,True,False
openedx/openedx-app-firebase-analytics-android,,,,,,,1,0,,,False,2026-08-20,False,False,False,False,0,0,0,0,0,0,0,0,0,0,False,,False,False,True,False,False,False,True,True,False,False,False,False,False,False,False,False,False,False,2026-07-30 14:21:51,True,False,False,False,False,False,False,False,,openedx,0,[],False,['https://jitpack.io'],True,True,False,False,,,False,,,,False,False,,False,,[],,False,False,False,False
openedx/edx-django-utils,,,,,,,3,1,0.7778,686827,True,2026-08-20,True,True,False,False,122,0,0,0,0,11,122,6,8,3,True,,True,False,True,False,True,True,True,True,True,True,False,True,False,True,True,True,True,True,2026-08-10 20:56:35,True,True,True,False,False,True,False,False,,openedx,3,"['https://openedx.org/slack: 403', 'https://openedx.slack.com/: 403', 'https://openedx.org/getting-help: 403', 'https://openedx.org/code-of-conduct/: 403']",True,"['https://edx-django-utils.readthedocs.org', 'https://docs.openedx.org/en/latest/developers/how-tos/get-ready-for-python-dev.html', 'https://discuss.openedx.org', 'https://github.com/openedx/django-config-models/issues', 'https://github.com/openedx/.github/blob/master/CONTRIBUTING.md', 'https://github.com/openedx/edx-django-utils/blob/master/.github/PULL_REQUEST_TEMPLATE.md', 'https://github.com/openedx/edx-django-utils/blob/master/.github/ISSUE_TEMPLATE.md', 'https://backstage.openedx.org/catalog/default/component/edx-django-utils', 'https://img.shields.io/pypi/v/edx-django-utils.svg', 'https://pypi.python.org/pypi/edx-django-utils/', 'https://github.com/openedx/edx-django-utils/workflows/Python%20CI/badge.svg?branch=master', 'https://github.com/openedx/edx-django-utils/actions?query=workflow%3A%22Python+CI%22', 'http://codecov.io/github/edx/edx-django-utils/coverage.svg?branch=master', 'http://codecov.io/github/edx/edx-django-utils?branch=master', 'https://readthedocs.org/projects/edx-django-utils/badge/?version=latest', 'http://edx-django-utils.readthedocs.io/en/latest/', 'https://img.shields.io/pypi/pyversions/edx-django-utils.svg', 'https://img.shields.io/github/license/edx/edx-django-utils.svg', 'https://github.com/openedx/edx-django-utils/blob/master/LICENSE.txt', 'https://img.shields.io/badge/Status-Maintained-brightgreen']",True,True,True,True,.readthedocs.yaml,2,False,,,,True,True,,True,edx-django-utils,"['3', '3.12']",https://github.com/openedx/edx-django-utils,True,True,True,False
openedx/frontend-components-tinymce-advanced-plugins,,,,,,,0,0,,,False,2026-08-20,False,False,False,False,7,0,0,1,6,0,0,0,0,0,False,,False,False,True,False,False,True,True,True,False,False,True,False,False,False,False,False,False,False,2026-05-19 11:22:23,True,False,False,False,False,True,False,False,,openedx,0,"['https://www.npmjs.com/package/frontend-components-tinymce-advanced-plugins: 403', 'https://github.com/frontend-components-tinymce-advanced-plugins/blob/master/LICENSE: 404']",False,"['https://img.shields.io/npm/v/frontend-components-tinymce-advanced-plugins.svg', 'https://img.shields.io/npm/dt/frontend-components-tinymce-advanced-plugins.svg', 'https://img.shields.io/npm/l/frontend-components-tinymce-advanced-plugins.svg']",True,True,False,False,,,True,2026-03-30,,0,False,False,,False,,[],,False,False,False,False
openedx/frontend-build,,,,,,,2,15,1.0,86,False,2026-08-20,False,False,False,False,73,0,0,70,3,0,0,0,0,0,False,,False,False,True,False,False,False,True,True,False,True,True,False,False,False,False,False,False,False,2026-08-18 17:01:21,True,False,False,False,False,False,False,False,,openedx,0,"['https://travis-ci.com/edx/frontend-build: 404', 'https://openedx.slack.com/: 403', 'https://openedx.slack.com/archives/C04BM6YC7A6: 403']",False,"['https://api.travis-ci.com/edx/frontend-build.svg?branch=master', 'https://img.shields.io/npm/v/@openedx/frontend-build.svg', 'https://img.shields.io/codecov/c/github/edx/frontend-build', 'https://codecov.io/gh/edx/frontend-build', 'https://img.shields.io/npm/l/@openedx/frontend-build.svg', 'https://github.com/edx-unsupported/frontend-base/blob/master/LICENSE', 'https://github.com/openedx/frontend-build.git', 'https://github.com/nvm-sh/nvm', 'https://github.com/openedx/devstack/tree/master/docs/decisions/0005-frontend-package-mounts.rst', 'https://webpack.js.org/configuration/resolve/', 'https://openedx.org/r/how-to-contribute', 'https://discuss.openedx.org', 'https://openedx.org/slack', 'https://github.com/openedx/frontend-build/issues', 'https://openedx.org/community/connect', 'https://developer.chrome.com/docs/lighthouse/overview/', 'https://github.com/openedx/wg-frontend/issues/138']",True,True,True,False,,,True,2026-03-27,2026-01-31,1,False,False,,False,,[],,False,False,False,False
openedx/i18n-tools,,,,,,,2,1,0.76,98,True,2026-08-20,True,True,False,False,54,0,0,0,0,8,54,2,2,1,False,,True,False,True,False,False,True,True,True,True,True,False,True,False,True,True,True,True,False,2026-08-17 21:35:47,True,False,True,False,True,True,False,True,,openedx,3,"['https://travis-ci.com/edx/i18n-tools: 404', 'https://coveralls.io/r/edx/i18n-tools: 403']",False,"['https://www.transifex.com/', 'https://www.transifex.com', 'https://github.com/openedx/edx-platform/blob/master/conf/locale/config.yaml', 'https://travis-ci.com/edx/i18n-tools.svg?branch=master', 'https://coveralls.io/repos/edx/i18n-tools/badge.png']",True,True,False,False,,,False,,,,False,True,,True,edx-i18n-tools,['3.12'],https://github.com/openedx/i18n-tools,True,True,True,False
openedx/frontend-base,,,,,,,3,46,0.4444,317,False,2026-08-20,False,False,False,False,97,0,0,81,16,0,0,0,0,0,False,,False,False,True,False,False,True,True,True,False,False,True,False,False,False,False,False,False,False,2026-08-18 17:18:04,True,False,False,False,False,False,False,False,,openedx,0,"['http://apps.local.openedx.io: HTTPConnectionPool(host=\'apps.local.openedx.io\', port=80): Max retries exceeded with url: / (Caused by NewConnectionError(""HTTPConnection(host=\'apps.local.openedx.io\', port=80): Failed to establish a new connection: [Errno 111] Connection refused""))', 'https://open-edx-proposals.readthedocs.io/en/latest/processes/oep-0010/decisions/0002-frontend-release-branches.html: 404', 'https://openedx.slack.com/archives/C04BM6YC7A6: 403']",False,"['https://open-edx-proposals.readthedocs.io/en/latest/architectural-decisions/oep-0065-arch-frontend-composability.html', 'https://github.com/openedx/frontend-build', 'https://github.com/openedx/frontend-platform', 'https://github.com/openedx/frontend-plugin-framework', 'https://github.com/openedx/frontend-component-header', 'https://github.com/openedx/frontend-component-footer', 'https://github.com/openedx/frontend-template-site/blob/main/package.json', 'https://docs.npmjs.com/cli/using-npm/workspaces', 'https://github.com/openedx/frontend-template-site', 'https://open-edx-proposals.readthedocs.io/en/latest/architectural-decisions/oep-0065/decisions/0001-unified-platform-repository.html', 'https://github.com/orgs/openedx/projects/65/views/1']",True,True,False,False,,,True,2026-04-21,2025-04-25,1,False,False,,False,,[],,False,False,False,False
openedx/edx-ace,,,,,,,1,0,,,True,2026-08-20,False,False,False,False,146,0,0,0,0,107,146,6,8,4,True,,True,False,True,False,True,True,True,True,False,True,False,True,False,True,True,True,True,True,2026-05-30 15:07:05,True,True,True,False,False,True,False,False,,openedx,0,"['https://openedx.org/slack: 403', 'https://openedx.slack.com/: 403', 'https://openedx.org/getting-help: 403', 'https://openedx.org/r/how-to-contribute: 403', 'https://openedx.org/code-of-conduct/: 403', 'https://open-edx-backstage.herokuapp.com/catalog/default/component/edx-ace: 404', 'https://travis-ci.com/edx/edx-ace: 404', 'https://www.gnu.org/licenses/agpl-3.0: HTTPSConnectionPool(host=\'www.gnu.org\', port=443): Max retries exceeded with url: /licenses/agpl-3.0 (Caused by NewConnectionError(""HTTPSConnection(host=\'www.gnu.org\', port=443): Failed to establish a new connection: [Errno 101] Network is unreachable""))']",True,"['https://edx-ace.readthedocs.io/en/latest/', 'https://github.com/openedx/edx-ace/blob/master/docs/getting_started.rst', 'https://discuss.openedx.org', 'https://github.com/openedx/edx-ace/issues', 'https://github.com/openedx/edx-ace/blob/master/.github/PULL_REQUEST_TEMPLATE.md', 'https://github.com/openedx/edx-ace/blob/master/.github/ISSUE_TEMPLATE.md', 'https://img.shields.io/pypi/v/edx-ace.svg', 'https://pypi.python.org/pypi/edx-ace/', 'https://travis-ci.com/edx/edx-ace.svg?branch=master', 'http://codecov.io/github/edx/edx-ace/coverage.svg?branch=master', 'http://codecov.io/github/edx/edx-ace?branch=master', 'https://readthedocs.org/projects/edx-ace/badge/?version=latest', 'http://edx-ace.readthedocs.io/en/latest/', 'https://img.shields.io/pypi/pyversions/edx-ace.svg', 'https://img.shields.io/github/license/edx/edx-ace.svg', 'https://github.com/openedx/edx-ace/blob/master/LICENSE.txt', 'https://img.shields.io/badge/License-AGPL_v3-blue.svg', 'https://github.com/openedx/edx-ace/actions/workflows/ci.yml/badge.svg', 'https://github.com/openedx/edx-ace/actions/workflows/ci.yml', 'https://github.com/openedx/edx-ace/actions/workflows/pypi-publish.yml/badge.svg', 'https://github.com/openedx/edx-ace/actions/workflows/pypi-release.yml', 'https://img.shields.io/badge/Status-Maintained-brightgreen']",True,True,True,False,,,False,,,,True,True,,True,edx-ace,"['3', '3.12']",https://github.com/openedx/edx-ace,True,True,True,False
openedx/pytest-repo-health,,,,,,,3,2,0.8889,1727584,True,2026-08-20,True,True,False,False,88,0,0,0,0,21,88,2,2,1,False,,False,False,True,False,True,True,True,True,True,True,False,True,False,True,False,True,True,False,2026-08-10 20:09:28,True,True,True,False,False,True,False,False,,openedx,0,"['https://ci.appveyor.com/api/projects/status/github/edx/pytest-repo-health?branch=master: 405', 'https://github.com/openedx/pytest-repo-health/blob/master/.github/PULL_REQUEST_TEMPLATE.md: 404', 'https://github.com/openedx/pytest-repo-health/blob/master/.github/ISSUE_TEMPLATE.md: 404', 'https://open.edx.org/getting-help: 403', 'http://www.gnu.org/licenses/gpl-3.0.txt: HTTPConnectionPool(host=\'www.gnu.org\', port=80): Max retries exceeded with url: /licenses/gpl-3.0.txt (Caused by NewConnectionError(""HTTPConnection(host=\'www.gnu.org\', port=80): Failed to establish a new connection: [Errno 101] Network is unreachable""))', 'https://pypi.org/project: 404']",True,"['https://img.shields.io/pypi/v/pytest-repo-health.svg', 'https://pypi.org/project/pytest-repo-health', 'https://img.shields.io/pypi/pyversions/pytest-repo-health.svg', 'https://github.com/openedx/pytest-repo-health/workflows/Python%20CI/badge.svg?branch=master', 'https://github.com/openedx/pytest-repo-health/actions?query=workflow%3A%22Python+CI%22', 'https://ci.appveyor.com/project/edx/pytest-repo-health/branch/master', 'https://github.com/openedx/.github/blob/master/CONTRIBUTING.md', 'https://github.com/openedx/edx-repo-health', 'https://github.com/audreyr/cookiecutter', 'https://github.com/hackebrot', 'http://opensource.org/licenses/BSD-3-Clause', 'http://www.apache.org/licenses/LICENSE-2.0', 'https://github.com/pytest-dev/cookiecutter-pytest-plugin', 'https://github.com/openedx/pytest-repo-health/issues', 'https://github.com/pytest-dev/pytest', 'https://tox.readthedocs.io/en/latest/', 'https://pypi.org/project/pip/']",True,True,True,False,,,False,,,,False,True,,True,pytest-repo-health,"['3', '3.12']",https://github.com/edX/pytest-repo-health,True,True,True,False
openedx/tinymce-language-selector,,,,,,,2,0,1.0,,False,2026-08-20,True,True,False,False,0,0,0,0,0,0,0,0,0,0,False,,False,False,True,False,False,False,True,True,True,False,True,False,False,False,False,False,False,False,2026-07-27 14:41:00,True,False,False,False,False,False,False,False,@edx/tinymce-language-selector,openedx,0,[],False,['https://github.com/semantic-release/semantic-release'],True,True,False,False,,,True,,,0,False,False,,False,,[],,False,False,False,False
openedx/credentials-themes,,,,,,,4,5,0.9,644778,True,2026-08-20,True,True,False,False,16,0,0,0,16,0,0,0,0,0,False,,False,False,True,False,False,True,True,True,True,True,True,False,True,False,False,False,True,True,2026-08-18 13:29:47,True,False,False,False,False,True,False,False,,openedx,0,[],False,['https://docs.Djangoproject.com/en/1.11/topics/i18n/translation/'],True,True,False,False,,,True,2026-04-10,2026-01-19,2,False,False,,False,,[],,True,False,True,False
openedx/frontend-dev-utils,,,,,,,1,1,,,False,2026-08-20,False,False,False,False,3,0,0,3,0,0,0,0,0,0,False,,False,False,True,False,False,False,True,True,False,False,True,False,False,False,False,False,False,False,2026-05-30 15:25:12,True,False,False,False,False,False,False,False,,openedx,0,[],False,['https://github.com/openedx/frontend-base/'],True,True,False,False,,,False,,,,False,False,,False,,[],,False,False,False,False
openedx/edx-proctoring,,,,,,,1,1,0.8182,7,True,2026-08-20,False,False,False,False,158,0,0,0,17,73,141,16,23,11,False,,True,False,True,True,True,True,True,True,False,True,True,True,False,True,True,True,True,True,2026-07-28 15:57:04,True,True,True,True,True,True,True,True,@edx/edx-proctoring,openedx,6,"['https://open.edx.org/getting-help: 403', 'https://docs.openedx.org/en/latest/educators/concepts/proctored_exams/proctored_exams_overview.html: 404']",True,"['https://img.shields.io/pypi/v/edx-proctoring.svg', 'https://pypi.python.org/pypi/edx-proctoring/', 'https://github.com/openedx/edx-proctoring/workflows/Python%20CI/badge.svg', 'https://github.com/openedx/edx-proctoring/actions?query=workflow%3A%22Python+CI%22', 'https://codecov.io/gh/edx/edx-proctoring/branch/master/graph/badge.svg', 'https://codecov.io/gh/edx/edx-proctoring', 'https://img.shields.io/pypi/pyversions/edx-proctoring.svg', 'https://img.shields.io/github/license/edx/django-component-views.svg', 'https://github.com/openedx/edx-proctoring/blob/master/LICENSE.txt', 'https://github.com/openedx/.github/blob/master/CONTRIBUTING.md']",True,True,True,False,,,True,,,0,True,True,,True,edx-proctoring,['3.12'],https://github.com/openedx/edx-proctoring,True,True,True,False
openedx/course-discovery,,,,,,,1,5,0.8462,79,True,2026-08-20,False,False,False,False,289,0,354,16,1,186,272,37,57,28,False,,True,False,True,False,False,True,True,True,False,False,True,True,False,True,False,False,True,True,2026-08-20 01:52:15,True,False,True,False,False,True,False,False,,openedx,20,"['https://github.com/openedx/course-discovery/blob/master/pytest=no-xdist.ini: 404', 'https://openedx.org/r/how-to-contribute: 403', 'https://openedx.org/code-of-conduct/: 403', 'https://openedx.org/slack: 403', 'https://openedx.slack.com/: 403', 'https://openedx.org/getting-help: 403', 'https://github.com/openedx/course-discovery/workflows/Python%20CI/badge.svg?branch=master: 404']",True,"['https://django-elasticsearch-dsl.readthedocs.io/en/latest/management.html', 'https://github.com/pytest-dev/pytest-xdist', 'https://docs.python.org/3/library/pdb.html', 'https://github.com/openedx/course-discovery/blob/master/pytest.ini', 'https://github.com/pytest-dev/pytest/issues/390', 'https://edx-discovery.readthedocs.io/en/latest/', 'https://github.com/openedx/course-discovery/tree/master/docs', 'https://github.com/openedx/course-discovery/blob/master/LICENSE', 'https://discuss.openedx.org', 'https://github.com/openedx/course-discovery/issues', 'https://github.com/openedx/devstack', 'https://github.com/openedx/course-discovery/actions?query=workflow%3A%22Python+CI%22', 'https://codecov.io/github/openedx/course-discovery/coverage.svg?branch=master', 'https://codecov.io/github/openedx/course-discovery?branch=master', 'https://img.shields.io/badge/Status-Maintained-brightgreen', 'https://img.shields.io/github/license/openedx/course-discovery.svg']",True,True,True,False,,,True,2026-04-08,2024-09-09,7,True,True,,False,,[],,True,False,True,False
openedx/xblock-skill-tagging,,,,,,,2,2,0.8571,2433585,True,2026-08-20,True,True,False,False,133,0,0,0,0,34,133,10,12,7,True,,True,True,True,True,True,True,True,True,True,False,False,True,False,True,True,True,True,False,2026-08-10 20:09:11,True,True,True,False,False,True,False,False,,openedx,0,"['http://edx.devstack.discovery: HTTPConnectionPool(host=\'edx.devstack.discovery\', port=80): Max retries exceeded with url: / (Caused by NameResolutionError(""HTTPConnection(host=\'edx.devstack.discovery\', port=80): Failed to resolve \'edx.devstack.discovery\' ([Errno -2] Name or service not known)""))', 'https://openedx.slack.com/: 403', 'https://open-edx-backstage.herokuapp.com/catalog/default/component/xblock-skill-tagging: 404', 'https://xblock-skill-tagging.readthedocs.io/en/latest/: 404']",True,"['https://user-images.githubusercontent.com/10894099/210078679-3cbac3d1-55a7-4fba-b841-7fb4468f32c5.png', 'https://user-images.githubusercontent.com/10894099/212285572-efa5cfd5-e9c5-411d-8d15-541c43445ec0.png', 'https://github.com/openedx/taxonomy-connector/blob/master/docs/decisions/0001-xblock-skill-tagging-design.rst', 'https://github.com/openedx/edx-platform', 'https://github.com/openedx/taxonomy-connector', 'https://github.com/openedx/course-discovery', 'https://github.com/openedx/xblock-skill-tagging/blob/main/skill_tagging/handlers.py', 'https://github.com/openedx/event-bus-kafka', 'https://github.com/openedx/event-bus-redis', 'https://openedx.atlassian.net/wiki/spaces/AC/pages/3508699151/How+to+start+using+the+Event+Bus', 'https://discuss.openedx.org', 'https://github.com/openedx/xblock-skill-tagging/issues', 'https://openedx.org/slack', 'https://openedx.org/getting-help', 'https://openedx.org/r/how-to-contribute', 'https://openedx.org/code-of-conduct/', 'https://img.shields.io/pypi/v/skill_tagging.svg', 'https://pypi.python.org/pypi/skill_tagging/', 'https://github.com/openedx/xblock-skill-tagging/workflows/Python%20CI/badge.svg?branch=main', 'https://github.com/openedx/xblock-skill-tagging/actions', 'https://codecov.io/github/openedx/xblock-skill-tagging/coverage.svg?branch=main', 'https://codecov.io/github/openedx/xblock-skill-tagging?branch=main', 'https://readthedocs.org/projects/xblock-skill-tagging/badge/?version=latest', 'https://img.shields.io/pypi/pyversions/skill_tagging.svg', 'https://img.shields.io/github/license/openedx/xblock-skill-tagging.svg', 'https://github.com/openedx/xblock-skill-tagging/blob/main/LICENSE.txt', 'https://img.shields.io/badge/Status-Experimental-yellow', 'https://img.shields.io/badge/Status-Maintained-brightgreen', 'https://img.shields.io/badge/Status-Deprecated-orange', 'https://img.shields.io/badge/Status-Unsupported-red']",True,True,True,True,.readthedocs.yaml,2,False,,,,True,True,,True,skill_tagging,"['3', '3.12']",https://github.com/openedx/xblock-skill-tagging,True,True,True,False
openedx/api-doc-tools,,,,,,,3,3,0.5909,1269730,True,2026-08-20,True,True,False,False,107,0,0,0,0,11,107,5,6,2,True,,True,True,True,False,True,True,True,True,True,True,False,True,False,True,True,True,True,True,2026-08-20 04:26:08,True,True,True,False,False,True,False,False,,openedx,3,[],True,"['https://www.django-rest-framework.org/', 'https://github.com/axnsan12/drf-yasg', 'https://swagger.io/docs/specification/about/', 'https://open.edx.org/', 'https://github.com/openedx/.github/blob/master/CONTRIBUTING.md', 'https://open.edx.org/getting-help', 'https://img.shields.io/pypi/v/edx-api-doc-tools.svg', 'https://pypi.python.org/pypi/edx-api-doc-tools/', 'https://github.com/openedx/api-doc-tools/workflows/Python%20CI/badge.svg?branch=master', 'https://github.com/openedx/api-doc-tools/actions?query=workflow%3A%22Python+CI%22', 'http://codecov.io/github/edx/api-doc-tools/coverage.svg?branch=master', 'http://codecov.io/github/edx/api-doc-tools?branch=master', 'https://readthedocs.org/projects/edx-api-doc-tools/badge/?version=latest', 'http://edx-api-doc-tools.readthedocs.io/en/latest/', 'https://img.shields.io/pypi/pyversions/edx-api-doc-tools.svg', 'https://img.shields.io/github/license/edx/api-doc-tools.svg', 'https://github.com/openedx/api-doc-tools/blob/master/LICENSE.txt']",True,True,True,False,,,False,,,,True,True,,True,edx-api-doc-tools,"['3', '3.12']",https://github.com/openedx/api-doc-tools,True,True,True,False
openedx/edx-enterprise,,,,,,,13,72,0.7414,869,True,2026-08-20,True,True,False,True,258,0,0,2,10,211,246,22,32,16,True,,True,False,True,True,True,True,True,True,True,False,True,True,False,True,True,True,True,True,2026-08-19 13:57:07,True,True,True,False,False,True,False,False,,openedx,5,"['https://github.com/openedx/edx-enterprise/blob/master/LICENSE.txt: 404', 'https://github.com/openedx/edx-enterprise/blob/master/.github/PULL_REQUEST_TEMPLATE_TEMPLATE.md: 404', 'https://openedx.org/getting-help: 403']",True,"['https://img.shields.io/pypi/v/edx-enterprise.svg', 'https://pypi.python.org/pypi/edx-enterprise/', 'http://codecov.io/github/edx/edx-enterprise/coverage.svg?branch=master', 'http://codecov.io/github/edx/edx-enterprise?branch=master', 'https://readthedocs.org/projects/open-edx-enterprise-service-documentation/badge/?version=latest', 'http://open-edx-enterprise-service-documentation.readthedocs.io/en/latest/', 'https://img.shields.io/pypi/pyversions/edx-enterprise.svg', 'https://img.shields.io/github/license/edx/edx-enterprise.svg', 'https://github.com/openedx/.github/blob/master/CONTRIBUTING.md']",True,True,True,True,.readthedocs.yaml,2,True,,,0,True,True,,True,edx-enterprise,"['3', '3.12']",https://github.com/openedx/edx-enterprise,True,True,True,False
openedx/forum,,,,,,,2,12,0.625,49511,True,2026-08-20,False,False,False,False,0,0,0,0,0,0,0,0,0,0,False,,False,True,True,True,False,True,True,True,False,False,False,True,True,False,False,False,True,False,2026-08-13 19:07:30,True,False,False,False,False,True,False,False,,openedx,0,"['https://docs.openedx.org/projects/forum/how-tos/how-to-deploy-this-component.html: 404', 'https://docs.openedx.org/projects/forum: 404', 'https://openedx.slack.com/: 403']",True,"['https://openedx.org', 'https://github.com/openedx/frontend-app-discussions', 'https://github.com/openedx/cs_comments_service', 'https://discuss.openedx.org/t/axim-funded-contribution-proposal-forum-rewrite-from-ruby-mongodb-to-python-mysql/12788', 'https://github.com/overhangio/tutor-forum', 'https://docs.tutor.edly.io/', 'https://docs.tutor.edly.io/tutorials/main.html', 'https://openedx.atlassian.net/wiki/spaces/DOC/pages/21627535/Publish+Documentation+on+Read+the+Docs', 'https://discuss.openedx.org', 'https://github.com/openedx/forum/issues', 'https://openedx.org/getting-help', 'https://openedx.org/slack', 'https://openedx.org/r/how-to-contribute', 'https://openedx.org/code-of-conduct/', 'https://backstage.openedx.org/catalog/default/component/forum', 'https://github.com/openedx/forum/actions/workflows/ci.yml/badge.svg', 'https://github.com/openedx/forum/actions/workflows/ci.yml', 'https://img.shields.io/github/license/openedx/forum.svg', 'https://github.com/openedx/forum/blob/master/LICENSE.txt', 'https://img.shields.io/badge/Status-Maintained-brightgreen']",True,True,True,True,.readthedocs.yaml,2,False,,,,False,False,,False,,[],,True,True,True,False
openedx/end-to-end-tests,,,,,,,3,0,0.75,65371,False,2026-08-20,False,False,False,False,0,0,0,0,0,0,0,0,0,0,False,,False,False,False,False,False,False,True,True,False,False,False,False,False,False,False,False,False,False,2026-08-19 20:32:20,True,False,False,False,False,False,False,False,,openedx,0,[],False,[],True,True,False,False,,,False,,,,False,False,,False,,[],,False,False,False,False
openedx/frontend-app-ora-grading,,,,,,,1,5,1.0,98340,False,2026-08-20,False,False,False,False,60,0,0,47,13,0,0,0,0,0,False,,False,False,True,False,False,True,True,True,False,False,True,False,False,False,False,False,False,False,2026-08-18 16:15:42,True,False,False,False,False,True,False,False,@edx/frontend-app-ora-grading,openedx,0,"['https://openedx.slack.com/: 403', 'https://openedx.slack.com/archives/C04BM6YC7A6: 403', 'https://open-edx-backstage.herokuapp.com/catalog/default/component/frontend-app-ora-grading: 404']",False,"['https://github.com/openedx/edx-platform/tree/master/lms/djangoapps/ora_staff_grader', 'https://github.com/overhangio/tutor', 'https://github.com/overhangio/tutor-mfe?tab=readme-ov-file', 'https://github.com/openedx/frontend-plugin-framework', 'https://github.com/nvm-sh/nvm', 'https://openedx.github.io/frontend-platform/', 'https://github.com/openedx/frontend-platform/blob/master/docs/how_tos/i18n.rst', 'https://discuss.openedx.org', 'https://github.com/openedx/frontend-app-ora-grading/issues', 'https://openedx.org/slack', 'https://openedx.org/community/connect', 'https://openedx.org/r/how-to-contribute', 'https://openedx.org/code-of-conduct/', 'https://img.shields.io/github/license/openedx/frontend-app-ora-grading.svg', 'https://github.com/openedx/frontend-app-ora-grading/blob/master/LICENSE', 'https://img.shields.io/badge/Status-Maintained-brightgreen', 'https://github.com/openedx/frontend-app-ora-grading/actions/workflows/ci.yml/badge.svg', 'https://github.com/openedx/frontend-app-ora-grading/actions/workflows/ci.yml', 'https://codecov.io/github/openedx/frontend-app-ora-grading/coverage.svg?branch=master', 'https://codecov.io/github/openedx/frontend-app-ora-grading?branch=master']",True,True,True,False,,,True,2026-04-02,2025-04-09,5,False,False,,False,,[],,False,False,False,False
openedx/openedx-demo-course,,,,,,,1,1,1.0,26355,False,2026-08-20,True,True,False,False,0,0,0,0,0,0,0,0,0,0,False,,False,False,True,False,False,True,True,True,True,False,False,False,False,False,False,False,False,False,2026-07-30 14:21:15,True,False,False,False,False,False,False,False,,openedx,0,[],False,"['https://apps.training.openedx.io/catalog/courses/course-v1', 'https://training.openedx.io', 'http://creativecommons.org/licenses/by-nc-sa/3.0/us/']",True,True,False,False,,,False,,,,False,False,,False,,[],,False,False,False,False
openedx/xblock-sdk,,,,,,,5,1,0.9545,112541,True,2026-08-20,True,True,False,False,0,0,0,0,0,0,0,0,0,0,True,,False,False,True,False,True,True,True,True,True,True,False,True,True,False,False,False,True,False,2026-08-19 15:52:47,True,False,True,False,False,True,False,False,,openedx,0,"['http://docs.seleniumhq.org/: HTTPConnectionPool(host=\'docs.seleniumhq.org\', port=80): Max retries exceeded with url: / (Caused by NameResolutionError(""HTTPConnection(host=\'docs.seleniumhq.org\', port=80): Failed to resolve \'docs.seleniumhq.org\' ([Errno -2] Name or service not known)""))', 'https://openedx.org/slack: 403', 'https://openedx.slack.com/: 403', 'https://openedx.org/getting-help: 403', 'https://openedx.org/r/how-to-contribute: 403', 'https://openedx.org/code-of-conduct/: 403', 'https://docs.openedx.org/projects/xblock-sdk: 404', 'https://github.com/openedx/xblock-sdk/blob/main/LICENSE.txt: 404', 'https://github.com/openedx/xblock-sdk/blob/master/sample_xblocks/README.rst: 404']",True,"['https://docs.djangoproject.com/en/1.11/topics/testing/tools/', 'http://coverage.readthedocs.org/', 'https://docs.openedx.org/projects/xblock/en/latest/xblock-tutorial/sdk/get_started_sdk.html', 'https://discuss.openedx.org', 'https://github.com/openedx/xblock-sdk/issues', 'https://backstage.openedx.org/catalog/default/component/xblock-sdk', 'https://img.shields.io/pypi/v/xblock-sdk.svg', 'https://pypi.python.org/pypi/xblock-sdk/', 'https://github.com/openedx/xblock-sdk/workflows/Python%20CI/badge.svg?branch=main', 'https://github.com/openedx/xblock-sdk/actions', 'https://codecov.io/github/openedx/xblock-sdk/coverage.svg?branch=main', 'https://codecov.io/github/openedx/xblock-sdk?branch=main', 'https://readthedocs.org/projects/xblock-sdk/badge/?version=latest', 'https://img.shields.io/pypi/pyversions/xblock-sdk.svg', 'https://img.shields.io/github/license/openedx/xblock-sdk.svg', 'https://img.shields.io/badge/Status-Maintained-brightgreen', 'https://docs.openedx.org/projects/xblock/en/latest/xblock-tutorial/index.html', 'https://openedx.atlassian.net/wiki/display/OPEN/XBlock+review+guidelines', 'https://openedx.atlassian.net/wiki/spaces/COMM/pages/43385346/XBlocks+Directory']",True,True,True,False,,,False,,,,False,False,,False,,[],,True,True,True,False
openedx/enterprise-integrated-channels,,,,,,,11,50,0.7576,6296,True,2026-08-20,False,False,False,False,172,0,0,0,0,70,172,16,21,11,True,,True,True,True,True,True,True,True,True,False,False,False,True,False,True,True,True,True,False,2026-08-19 13:57:13,True,True,True,False,False,True,False,False,,openedx,4,"['https://openedx.slack.com/: 403', 'https://docs.openedx.org/projects/enterprise-integrated-channels: 404']",True,"['https://docs.openedx.org/en/latest/developers/how-tos/get-ready-for-python-dev.html', 'https://github.com/openedx/enterprise-integrated-channels/blob/main/channel_integrations/README.md', 'https://discuss.openedx.org', 'https://github.com/openedx/enterprise-integrated-channels/issues', 'https://openedx.org/getting-help', 'https://openedx.org/slack', 'https://openedx.org/r/how-to-contribute', 'https://openedx.org/code-of-conduct/', 'https://backstage.openedx.org/catalog/default/component/enterprise-integrated-channels', 'https://img.shields.io/pypi/v/enterprise-integrated-channels.svg', 'https://pypi.python.org/pypi/enterprise-integrated-channels/', 'https://github.com/openedx/enterprise-integrated-channels/workflows/Python%20CI/badge.svg?branch=main', 'https://github.com/openedx/enterprise-integrated-channels/actions', 'https://codecov.io/github/openedx/enterprise-integrated-channels/coverage.svg?branch=main', 'https://codecov.io/github/openedx/enterprise-integrated-channels?branch=main', 'https://readthedocs.org/projects/enterprise-integrated-channels/badge/?version=latest', 'https://img.shields.io/pypi/pyversions/enterprise-integrated-channels.svg', 'https://img.shields.io/github/license/openedx/enterprise-integrated-channels.svg', 'https://github.com/openedx/enterprise-integrated-channels/blob/main/LICENSE.txt', 'https://img.shields.io/badge/Status-Experimental-yellow', 'https://img.shields.io/badge/Status-Maintained-brightgreen', 'https://img.shields.io/badge/Status-Deprecated-orange', 'https://img.shields.io/badge/Status-Unsupported-red']",True,True,True,True,.readthedocs.yaml,2,False,,,,True,True,,False,enterprise-integrated-channels,"['3', '3.11']",https://github.com/openedx/enterprise-integrated-channels,True,True,True,False
openedx/edx-bulk-grades,,,,,,,1,1,,,True,2026-08-20,False,False,False,False,132,0,0,0,0,43,132,10,13,7,True,,True,False,True,True,True,True,True,True,False,True,False,True,False,True,True,True,True,True,2026-05-30 15:07:20,True,True,True,False,False,True,False,False,,openedx,2,"['https://travis-ci.com/edx/edx-bulk-grades: 404', 'http://edx-bulk-grades.readthedocs.io/en/latest/: 404']",True,"['https://github.com/openedx/devstack', 'https://github.com/openedx/.github/blob/master/CONTRIBUTING.md', 'https://github.com/openedx/edx-bulk-grades/blob/master/.github/PULL_REQUEST_TEMPLATE.md', 'https://github.com/openedx/edx-bulk-grades/blob/master/.github/ISSUE_TEMPLATE.md', 'https://open.edx.org/getting-help', 'https://img.shields.io/pypi/v/edx-bulk-grades.svg', 'https://pypi.python.org/pypi/edx-bulk-grades/', 'https://travis-ci.com/edx/edx-bulk-grades.svg?branch=master', 'http://codecov.io/github/edx/edx-bulk-grades/coverage.svg?branch=master', 'http://codecov.io/github/edx/edx-bulk-grades?branch=master', 'https://readthedocs.org/projects/edx-bulk-grades/badge/?version=latest', 'https://img.shields.io/pypi/pyversions/edx-bulk-grades.svg', 'https://img.shields.io/github/license/edx/edx-bulk-grades.svg', 'https://github.com/openedx/edx-bulk-grades/blob/master/LICENSE.txt']",True,True,True,False,,,False,,,,True,True,,True,edx-bulk-grades,"['3', '3.12']",https://github.com/openedx/edx-bulk-grades,True,True,True,False
openedx/openedx-app-foundation-ios,,,,,,,1,6,,,False,2026-08-20,False,False,False,False,0,0,0,0,0,0,0,0,0,0,False,,False,False,True,False,False,False,True,True,False,False,False,False,False,False,False,False,False,False,2026-07-30 14:21:48,True,False,False,False,False,False,False,False,,openedx,0,[],False,['https://github.com/openedx/openedx-app-foundation-ios.git'],True,True,False,False,,,False,,,,False,False,,False,,[],,False,False,False,False
openedx/openedx-platform,,,,,,,54,7,0.59,8,True,2026-08-20,True,True,False,False,626,0,0,64,24,307,538,60,79,50,False,,True,True,True,True,True,True,True,True,True,False,True,True,True,True,False,False,True,False,2026-08-19 18:38:05,True,False,False,False,False,False,False,False,,openedx,22,"['https://www.gnu.org/licenses/agpl-3.0: 403', 'https://openedx.org/get-started/: 403', 'https://openedx.org/slack: 403', 'http://openedx.slack.com/: 403', 'https://openedx.org/getting-help: 403', 'https://openedx.org/cla: 403', 'https://openedx.org/code-of-conduct/: 403']",True,"['https://img.shields.io/badge/License-AGPL_v3-blue.svg', 'https://github.com/openedx/openedx-platform/actions/workflows/unit-tests.yml/badge.svg', 'https://github.com/openedx/openedx-platform/actions/workflows/unit-tests.yml', 'https://img.shields.io/badge/status-maintained-31c653', 'https://openedx.org', 'https://docs.openedx.org/projects/edx-platform', 'https://github.com/openedx/codejail?tab=readme-ov-file', 'https://github.com/overhangio/tutor', 'https://docs.openedx.org/en/latest/site_ops/index.html', 'https://docs.tutor.edly.io/dev.html', 'https://github.com/openedx/frontend-app-learner-dashboard', 'https://github.com/openedx/frontend-app-learning/', 'https://github.com/openedx/frontend-app-authoring/', 'https://github.com/openedx/openedx-platform/blob/master/LICENSE', 'https://discuss.openedx.org', 'https://github.com/openedx/openedx-platform/issues', 'https://github.com/openedx/openedx-platform/issues/new/choose', 'https://github.com/openedx/.github/blob/master/CONTRIBUTING.md', 'https://github.com/openedx/.github/blob/master/AI_POLICY.md', 'https://backstage.openedx.org/catalog/default/component/openedx-platform']",True,True,True,True,.readthedocs.yaml,2,True,2026-05-07,2026-05-04,11,True,True,,False,,[],,True,False,True,False
openedx/frontend-app-authoring,,,,,,,22,7,0.79,7,False,2026-08-20,True,True,False,False,89,0,0,71,18,0,0,0,0,0,False,,False,False,True,False,False,True,True,True,True,False,True,False,False,False,False,False,False,False,2026-08-18 18:52:27,True,False,False,False,False,False,False,False,@edx/frontend-app-authoring,openedx,0,"['http://apps.local.openedx.io: HTTPConnectionPool(host=\'apps.local.openedx.io\', port=80): Max retries exceeded with url: / (Caused by NewConnectionError(""HTTPConnection(host=\'apps.local.openedx.io\', port=80): Failed to establish a new connection: [Errno 111] Connection refused""))', 'https://travis-ci.com/edx/frontend-app-course-authoring: 404', 'https://openedx.slack.com/: 403', 'https://openedx.slack.com/archives/C04BM6YC7A6: 403', 'https://open-edx-backstage.herokuapp.com/catalog/default/component/frontend-app-course-authoring: 404']",False,"['https://github.com/openedx/edx-platform/tree/master/cms', 'https://github.com/overhangio/tutor', 'https://github.com/overhangio/tutor-mfe', 'https://github.com/openedx/frontend-app-authoring.git', 'https://github.com/nvm-sh/nvm', 'https://discuss.openedx.org/t/repo-rename-frontend-app-course-authoring-frontend-app-authoring/13930/2', 'https://github.com/openedx/frontend-app-learning', 'https://github.com/openedx/frontend-app-discussions/', 'https://github.com/edx/edx-exams', 'https://github.com/open-craft/tutor-contrib-meilisearch', 'https://docs.tutor.edly.io/', 'https://github.com/overhangio/tutor-mfe?tab=readme-ov-file', 'https://github.com/Automattic/node-canvas/issues/1733', 'https://api.travis-ci.com/edx/frontend-app-course-authoring.svg?branch=master', 'https://codecov.io/gh/edx/frontend-app-course-authoring/branch/master/graph/badge.svg', 'https://codecov.io/gh/edx/frontend-app-course-authoring', 'https://img.shields.io/npm/l/@edx/frontend-app-authoring.svg', 'https://github.com/openedx/frontend-platform/blob/master/docs/how_tos/i18n.rst', 'https://discuss.openedx.org', 'https://github.com/openedx/frontend-app-course-authoring/issues', 'https://openedx.org/slack', 'https://openedx.org/community/connect', 'https://openedx.org/r/how-to-contribute', 'https://github.com/openedx/.github/blob/master/AI_POLICY.md', 'https://openedx.org/code-of-conduct/', 'https://img.shields.io/github/license/openedx/frontend-app-course-authoring.svg', 'https://github.com/openedx/frontend-app-course-authoring/blob/master/LICENSE', 'https://img.shields.io/badge/Status-Maintained-brightgreen', 'https://codecov.io/github/openedx/frontend-app-course-authoring/coverage.svg?branch=master', 'https://codecov.io/github/openedx/frontend-app-course-authoring?branch=master']",True,True,True,False,,,True,2026-08-13,2025-04-07,6,False,False,,False,,[],,False,False,False,False
openedx/openedx-core,,,,,,,8,34,0.825,2714,True,2026-08-20,True,True,False,False,155,0,0,0,0,52,155,10,15,7,True,3.12,True,True,True,True,False,True,True,True,True,False,False,True,False,True,True,True,True,False,2026-08-17 20:31:24,True,False,True,False,False,True,False,False,,openedx,0,"['https://open-edx-proposals.readthedocs.io/en/latest/architectural-decisions/oep-0049-django-app-patterns.html: 404', 'https://openedx.slack.com/: 403']",True,"['https://2021.djangocon.us/talks/scaling-django-to-500-apps/', 'https://www.youtube.com/watch?v=yG3ZdxBb1oo', 'https://discuss.openedx.org', 'https://openedx.org/slack', 'https://openedx.org/getting-help', 'https://img.shields.io/pypi/v/openedx-core.svg', 'https://pypi.python.org/pypi/openedx-core/', 'https://github.com/openedx/openedx-core/workflows/Python%20CI/badge.svg?branch=master', 'https://github.com/openedx/openedx-core/actions', 'https://codecov.io/github/edx/openedx-core/coverage.svg?branch=master', 'https://codecov.io/github/edx/openedx-core?branch=master', 'https://readthedocs.org/projects/openedx-core/badge/?version=latest', 'https://openedx-core.readthedocs.io/en/latest/', 'https://img.shields.io/pypi/pyversions/openedx-core.svg', 'https://img.shields.io/github/license/edx/openedx-core.svg', 'https://github.com/openedx/openedx-core/blob/master/LICENSE.txt']",True,True,True,True,.readthedocs.yml,2,False,,,,True,True,,True,openedx-core,"['3', '3.12']",https://github.com/openedx/openedx-core,True,True,True,False
openedx/super-csv,,,,,,,3,1,1.0,413530,True,2026-08-20,True,True,False,False,134,0,0,0,0,32,134,8,11,5,True,,True,False,True,True,True,True,True,True,True,True,False,True,False,True,True,True,True,True,2026-08-17 23:41:57,True,True,True,False,False,True,False,False,,openedx,6,['http://super-csv.readthedocs.io/en/latest/: 404'],True,"['https://github.com/openedx/super-csv/blob/master/super_csv/csv_processor.py', 'https://github.com/openedx/devstack', 'https://github.com/openedx/.github/blob/master/CONTRIBUTING.md', 'https://github.com/openedx/super-csv/blob/master/.github/PULL_REQUEST_TEMPLATE.md', 'https://github.com/openedx/super-csv/blob/master/.github/ISSUE_TEMPLATE.md', 'https://open.edx.org/getting-help', 'https://img.shields.io/pypi/v/super-csv.svg', 'https://pypi.python.org/pypi/super-csv/', 'https://github.com/openedx/super-csv/workflows/Python%20CI/badge.svg?branch=master', 'https://github.com/openedx/super-csv/actions?query=workflow%3A%22Python+CI%22', 'http://codecov.io/github/edx/super-csv/coverage.svg?branch=master', 'http://codecov.io/github/edx/super-csv?branch=master', 'https://readthedocs.org/projects/super-csv/badge/?version=latest', 'https://img.shields.io/pypi/pyversions/super-csv.svg', 'https://img.shields.io/github/license/edx/super-csv.svg', 'https://github.com/openedx/super-csv/blob/master/LICENSE.txt']",True,True,True,False,,,False,,,,True,True,,True,super-csv,"['3', '3.12']",https://github.com/openedx/super-csv,True,True,True,False
openedx/frontend-app-notifications,,,,,,,3,16,1.0,2,False,2026-08-20,False,False,False,False,22,0,0,10,12,0,0,0,0,0,False,,False,False,True,False,False,True,True,True,False,False,True,False,False,False,False,False,False,False,2026-08-12 12:06:15,True,False,False,False,False,False,False,False,,openedx,0,[],False,"['https://img.shields.io/badge/license-AGPL-informational', 'https://github.com/openedx/frontend-app-notifications/blob/main/LICENSE', 'https://img.shields.io/badge/Status-Maintained-brightgreen', 'https://github.com/openedx/frontend-app-notifications/actions/workflows/ci.yml/badge.svg', 'https://github.com/openedx/frontend-app-notifications/actions/workflows/ci.yml', 'https://codecov.io/github/openedx/frontend-app-notifications/coverage.svg?branch=main', 'https://codecov.io/github/openedx/frontend-app-notifications?branch=main', 'https://github.com/openedx/frontend-base']",True,True,True,False,,,True,2026-04-10,,0,False,False,,False,,[],,False,False,False,False
openedx/openedx-tutor-plugins,,,,,,,3,0,1.0,1562398,False,2026-08-20,True,True,False,False,0,0,0,0,0,0,0,0,0,0,False,,False,False,True,False,False,False,True,True,True,False,False,False,False,False,False,False,False,False,2026-08-10 20:13:31,True,False,False,False,False,False,False,False,,openedx,0,"['https://openedx.slack.com/: 403', 'https://openedx.slack.com/archives/CGE253B7V: 403', 'https://open-edx-backstage.herokuapp.com/catalog/default/component/openedx-tutor-plugins: 404']",True,"['https://img.shields.io/github/license/openedx/openedx-tutor-plugins.svg', 'https://github.com/openedx/openedx-tutor-plugins/blob/main/LICENSE', 'https://img.shields.io/badge/Status-Maintained-brightgreen', 'https://docs.tutor.overhang.io/install.html', 'https://github.com/overhangio/cookiecutter-tutor-plugin', 'https://discuss.openedx.org', 'https://github.com/openedx/openedx-tutor-plugins/issues', 'https://openedx.org/slack', 'https://openedx.org/getting-help', 'https://openedx.org/r/how-to-contribute', 'https://openedx.org/code-of-conduct/']",True,True,True,False,,,False,,,,False,False,,False,,[],,False,False,False,False
openedx/license-manager,,,,,,,4,5,0.7143,17792,True,2026-08-20,True,True,False,False,173,0,0,0,0,106,173,22,32,18,True,,True,True,True,True,False,True,True,True,True,False,False,True,False,True,True,False,False,True,2026-08-11 11:34:17,True,True,True,False,False,True,False,False,,openedx,6,"['http://license-manager.readthedocs.io/en/latest/: 404', 'https://license-manager.readthedocs.io/en/latest/: 404', 'https://github.com/openedx/license-manager/blob/master/LICENSE: 404', 'https://openedx.slack.com/messages/general/: 403']",False,"['http://codecov.io/github/edx/license-manager/coverage.svg?branch=master', 'http://codecov.io/github/edx/license-manager?branch=master', 'https://github.com/openedx/devstack', 'https://github.com/openedx/license-manager/blob/master/docs/getting_started.rst', 'https://readthedocs.org/projects/license-manager/badge/?version=latest', 'https://github.com/openedx/license-manager/tree/master/docs', 'https://github.com/openedx/.github/blob/master/CONTRIBUTING.md', 'https://groups.google.com/forum/']",True,False,True,False,,,False,,,,True,True,,False,,[],,False,False,False,False
openedx/edx-rbac,,,,,,,3,2,0.7037,1828676,True,2026-08-20,True,True,False,False,107,0,0,0,0,30,107,10,13,7,True,,False,False,True,True,True,True,True,True,True,True,False,True,False,True,True,True,True,False,2026-08-17 21:36:58,True,True,True,False,False,True,False,False,,openedx,4,"['https://github.com/openedx/edx-rbac/blob/master/.github/PULL_REQUEST_TEMPLATE.md: 404', 'https://github.com/openedx/edx-rbac/blob/master/.github/ISSUE_TEMPLATE.md: 404', 'http://edx-rbac.readthedocs.io/en/latest/: 404']",True,"['https://github.com/openedx/edx-rbac/blob/master/docs/getting_started.rst', 'https://github.com/openedx/edx-rbac/blob/master/docs/how_to_guide.rst', 'https://github.com/openedx/.github/blob/master/CONTRIBUTING.md', 'https://open.edx.org/getting-help', 'https://img.shields.io/pypi/v/edx-rbac.svg', 'https://pypi.python.org/pypi/edx-rbac/', 'https://github.com/openedx/edx-rbac/workflows/Python%20CI/badge.svg?branch=master', 'https://github.com/openedx/edx-rbac/actions?query=workflow%3A%22Python+CI%22', 'http://codecov.io/github/edx/edx-rbac/coverage.svg?branch=master', 'http://codecov.io/github/edx/edx-rbac?branch=master', 'https://readthedocs.org/projects/edx-rbac/badge/?version=latest', 'https://img.shields.io/pypi/pyversions/edx-rbac.svg', 'https://img.shields.io/github/license/edx/edx-rbac.svg', 'https://github.com/openedx/edx-rbac/blob/master/LICENSE.txt']",True,True,True,False,,,False,,,,True,True,,True,edx-rbac,"['3', '3.12']",https://github.com/openedx/edx-rbac,True,True,True,False
openedx/brand-openedx,,,,,,,3,7,1.0,1822495,False,2026-08-20,True,True,False,False,2,0,0,0,2,0,0,0,0,0,False,,False,False,True,False,False,True,True,True,True,False,True,False,False,False,False,False,False,False,2026-08-17 12:46:20,True,False,False,False,False,False,False,False,,openedx,0,[],False,"['https://github.com/edx/brand', 'https://docs.openedx.org/projects/openedx-proposals/en/latest/architectural-decisions/oep-0048-brand-customization.html', 'https://styledictionary.com/']",True,True,False,False,,,True,,,0,False,False,,False,,[],,False,False,False,False
openedx/repo-tools,,,,,,,7,7,0.8333,292907,True,2026-08-20,True,True,False,True,0,0,0,0,0,0,0,0,0,0,False,,False,True,True,False,False,True,True,True,True,False,False,True,True,True,False,False,False,False,2026-08-17 12:25:48,True,False,False,False,False,True,False,False,,openedx,4,[],False,"['https://github.com/settings/tokens', 'https://docs.astral.sh/uv/', 'https://astral.sh/uv/install.sh', 'https://github.com/openedx/repo-tools/blob/7aa8bda466d1925c56d4ad6e3b2bdd87b1f83148/README.md']",True,True,False,False,,,False,,,,False,False,,False,,[],,False,False,False,False
openedx/platform-roadmap,,,,,,,0,0,,,False,2026-08-20,True,True,False,False,0,0,0,0,0,0,0,0,0,0,False,,False,False,False,False,False,False,True,True,True,False,False,False,False,False,False,False,False,False,2025-10-30 15:11:06,True,False,False,False,False,False,False,False,,openedx,0,[],False,['https://github.com/orgs/openedx/projects/4/views/1'],True,True,False,False,,,False,,,,False,False,,False,,[],,False,False,False,False
openedx/edx-notes-api,,,,,,,5,5,0.8261,27182,True,2026-08-20,True,True,False,False,103,0,0,0,0,57,103,11,16,7,False,,True,False,True,True,False,True,True,True,True,False,False,True,False,True,False,False,True,False,2026-08-17 12:30:29,True,False,True,False,False,True,False,False,,openedx,5,['http://annotatorjs.org/: 403'],False,"['https://www.elastic.co/downloads/past-releases/elasticsearch-7-13-4', 'https://django-elasticsearch-dsl.readthedocs.io/', 'https://django-elasticsearch-dsl.readthedocs.io/en/latest/management.html', 'https://openedx.atlassian.net/wiki/spaces/COMM/pages/941457737/How+to+Start+Contributing+Code', 'https://groups.google.com/g/edx-code', 'https://github.com/openedx/edx-notes-api/actions/workflows/ci.yml/badge.svg', 'https://github.com/openedx/edx-notes-api/actions/workflows/ci.yml']",True,True,True,False,,,False,,,,True,True,,False,,[],,True,True,True,False
openedx/edx-milestones,,,,,,,3,1,1.0,118,True,2026-08-20,True,True,False,False,55,0,0,0,0,11,55,4,5,2,False,,True,False,True,False,False,True,True,True,True,True,False,True,False,True,True,True,True,False,2026-08-17 12:40:24,True,True,True,False,False,True,False,False,,openedx,0,"['https://coveralls.io/r/edx/edx-milestones?branch=master: 403', 'https://openedx.org/slack: 403', 'http://openedx.slack.com/: 403', 'https://openedx.org/getting-help: 403']",True,"['https://github.com/openedx/edx-milestones/workflows/Python%20CI/badge.svg?branch=master', 'https://github.com/openedx/edx-milestones/actions?query=workflow%3A%22Python+CI%22', 'https://img.shields.io/coveralls/edx/edx-milestones.svg', 'https://github.com/openedx/edx-platform/blob/master/requirements/edx/base.in', 'https://github.com/openedx/edx-platform/', 'https://docs.openedx.org/en/latest/site_ops/install_configure_run_guide/configuration/enable_prerequisites.html', 'https://docs.openedx.org/en/latest/educators/references/controlling_content_visibility.html', 'https://github.com/openedx/.github/blob/master/CONTRIBUTING.md', 'https://discuss.openedx.org']",True,True,True,False,,,False,,,,True,True,,True,edx-milestones,"['3', '3.12']",https://github.com/openedx/edx-milestones,True,True,True,False
openedx/typescript-config,,,,,,,0,0,0.0,6,False,2026-08-20,False,False,False,False,0,0,0,0,0,0,0,0,0,0,False,,False,False,True,False,False,False,True,True,False,False,True,False,False,False,False,False,False,False,2026-08-04 20:06:07,True,False,False,False,False,False,False,False,@edx/typescript-config,openedx,0,"['https://www.npmjs.com/package/@edx/typescript-config: 403', 'https://www.npmjs.com/package/@edx/tpyescript-config: 403']",False,"['https://github.com/openedx/typescript-config/actions/workflows/release.yml/badge.svg', 'https://github.com/openedx/typescript-config/actions/workflows/release.yml/', 'https://img.shields.io/npm/v/@edx/typescript-config.svg', 'https://img.shields.io/npm/dt/@edx/typescript-config.svg', 'https://img.shields.io/npm/l/@edx/typescript-config.svg', 'https://github.com/openedx/typescript-config/blob/main/LICENSE', 'https://img.shields.io/badge/%20%20%F0%9F%93%A6%F0%9F%9A%80-semantic--release-e10079.svg', 'https://github.com/semantic-release/semantic-release', 'https://www.typescriptlang.org/docs/handbook/tsconfig-json.html']",True,True,False,False,,,True,,,0,False,False,,False,,[],,False,False,False,False
openedx/edx-ui-toolkit,,,,,,,0,0,,,False,2026-08-20,False,False,False,False,50,0,0,13,37,0,0,0,0,0,False,,False,False,True,False,False,False,True,True,False,True,True,False,False,False,False,False,False,False,2026-08-12 01:08:31,True,False,False,False,False,False,False,False,,openedx,0,"['https://badge.fury.io/js/edx-ui-toolkit: 403', 'https://coveralls.io/r/edx/edx-ui-toolkit?branch=master: 403', 'http://ux.edx.org/: HTTPConnectionPool(host=\'ux.edx.org\', port=80): Max retries exceeded with url: / (Caused by NameResolutionError(""HTTPConnection(host=\'ux.edx.org\', port=80): Failed to resolve \'ux.edx.org\' ([Errno -2] Name or service not known)""))', 'https://github.com/openedx/edx-ui-toolkit/blob/master/CONTRIBUTING.md: 404']",False,"['https://badge.fury.io/gh/edx%2Fedx-ui-toolkit.svg', 'https://badge.fury.io/gh/edx%2Fedx-ui-toolkit', 'https://badge.fury.io/js/edx-ui-toolkit.svg', 'https://badge.fury.io/bo/edx-ui-toolkit.svg', 'https://badge.fury.io/bo/edx-ui-toolkit', 'https://img.shields.io/coveralls/edx/edx-ui-toolkit.svg', 'https://github.com/openedx/edx-ui-toolkit/blob/master/LICENSE', 'https://github.com/tj/n', 'http://ui-toolkit.edx.org/']",True,True,False,False,,,True,2026-04-06,2023-09-04,7,False,False,,False,,[],,False,False,False,False
openedx/stylelint-config-edx,,,,,,,0,0,,,False,2026-08-20,False,False,False,False,12,0,0,4,8,0,0,0,0,0,False,,False,False,True,False,False,False,True,True,False,False,True,False,False,False,False,False,False,False,2026-05-20 13:18:41,True,False,False,False,False,False,False,False,@edx/stylelint-config-edx,openedx,0,"['https://stylelint.io/user-guide/configuration/: 404', 'https://www.npmjs.com/package/stylelint-config-recommended-scss: 403', 'https://stylelint.io/user-guide/rules/function-comma-newline-after/: 404', 'https://stylelint.io/user-guide/rules/function-parentheses-newline-inside/: 404', 'https://stylelint.io/user-guide/rules/max-empty-lines/: 404']",False,"['https://github.com/openedx/stylelint-config-edx/workflows/Node%20CI/badge.svg?branch=master', 'https://github.com/openedx/stylelint-config-edx/actions?query=workflow%3A%22Node+CI%22', 'https://github.com/openedx/stylelint-config-edx/blob/master/LICENSE']",True,True,False,False,,,True,,,0,False,False,,False,,[],,False,False,False,False
openedx/edx-when,,,,,,,2,3,1.0,1892428,True,2026-08-20,False,False,False,False,133,0,0,0,0,40,133,10,13,7,True,,True,False,True,True,True,True,True,True,False,False,False,True,False,True,True,True,True,True,2026-08-19 15:20:08,True,True,True,False,False,True,False,False,,openedx,7,['http://edx-when.readthedocs.io/en/latest/: 404'],True,"['https://github.com/openedx/edx-platform/blob/master/openedx/core/djangoapps/course_date_signals/handlers.py', 'https://github.com/openedx/.github/blob/master/CONTRIBUTING.md', 'https://github.com/openedx/edx-when/blob/master/.github/PULL_REQUEST_TEMPLATE.md', 'https://github.com/openedx/edx-when/blob/master/.github/ISSUE_TEMPLATE.md', 'https://open.edx.org/getting-help', 'https://img.shields.io/pypi/v/edx-when.svg', 'https://pypi.python.org/pypi/edx-when/', 'https://github.com/openedx/edx-when/workflows/Python%20CI/badge.svg?branch=master', 'https://github.com/openedx/edx-when/actions?query=workflow%3A%22Python+CI%22', 'http://codecov.io/github/edx/edx-when/coverage.svg?branch=master', 'http://codecov.io/github/edx/edx-when?branch=master', 'https://readthedocs.org/projects/edx-when/badge/?version=latest', 'https://img.shields.io/pypi/pyversions/edx-when.svg', 'https://img.shields.io/github/license/edx/edx-when.svg', 'https://github.com/openedx/edx-when/blob/master/LICENSE.txt']",True,True,True,False,,,False,,,,True,True,,True,edx-when,"['3', '3.12']",https://github.com/openedx/edx-when,True,True,True,False
openedx/frontend-authz,,,,,,,1,0,1.0,7,False,2026-08-20,False,False,False,False,0,0,0,0,0,0,0,0,0,0,,,False,False,False,False,False,False,False,True,False,False,False,False,False,False,False,False,False,False,2026-08-04 07:43:30,True,False,False,False,False,False,False,False,,openedx,0,,,,,,,False,,,False,,,,False,False,,False,,[],,False,False,False,False
openedx/frontend-app-admin-console,,,,,,,8,5,0.8085,6,False,2026-08-20,True,True,False,False,22,0,0,12,10,0,0,0,0,0,False,,False,False,True,False,False,True,True,True,True,False,True,False,False,False,False,False,False,False,2026-08-10 17:41:19,True,False,False,False,False,False,False,False,,openedx,0,"['https://github.com/openedx/frontend-app-admin-console/blob/main/LICENSE: 404', 'https://openedx.slack.com/: 403', 'https://openedx.slack.com/archives/C04BM6YC7A6: 403']",True,"['https://img.shields.io/github/license/openedx/frontend-app-admin-console.svg', 'https://img.shields.io/badge/Status-Maintained-brightgreen', 'https://github.com/openedx/frontend-app-admin-console/actions/workflows/ci.yml/badge.svg', 'https://github.com/openedx/frontend-app-admin-console/actions/workflows/ci.yml', 'https://codecov.io/github/openedx/frontend-app-admin-console/coverage.svg?branch=main', 'https://codecov.io/github/openedx/frontend-app-admin-console?branch=main', 'https://github.com/overhangio/tutor-mfe?tab=readme-ov-file', 'https://github.com/openedx/openedx-authz', 'https://github.com/openedx/frontend-plugin-framework', 'https://openedx.atlassian.net/wiki/x/M4B4MgE', 'https://openedx.atlassian.net/wiki/x/AgAwMQE', 'https://discuss.openedx.org', 'https://openedx.org/slack', 'https://openedx.org/getting-help', 'https://openedx.org/r/how-to-contribute', 'https://openedx.org/code-of-conduct/']",True,True,True,False,,,True,2026-07-01,2026-03-30,3,False,False,,False,,[],,False,False,False,False
openedx/frontend-template-application,,,,,,,2,0,0.2308,141,False,2026-08-20,True,True,False,False,28,0,0,19,9,0,0,0,0,0,False,,False,False,True,False,False,True,True,True,True,False,True,False,False,False,False,False,False,False,2026-08-17 12:56:07,True,False,False,False,False,False,False,False,@edx/frontend-template-application,openedx,0,"['https://openedx.org/slack: 403', 'https://openedx.slack.com/: 403', 'https://openedx.slack.com/archives/C04BM6YC7A6: 403', 'https://openedx.org/getting-help: 403', 'https://openedx.org/r/how-to-contribute: 403', 'https://openedx.org/code-of-conduct/: 403', 'https://open-edx-backstage.herokuapp.com/catalog/default/component/frontend-template-application: 404', 'https://github.com/openedx/frontend-template-application/blob/main/LICENSE: 404']",True,"['https://github.com/openedx/paragon/?tab=readme-ov-file', 'https://github.com/openedx/brand-openedx/issues/23', 'https://github.com/openedx/frontend-template-application/tree/release/teak', 'https://github.com/overhangio/tutor', 'https://github.com/overhangio/tutor-mfe', 'https://github.com/nvm-sh/nvm', 'https://github.com/openedx/frontend-template-application/blob/master/docs/decisions/0002-feature-based-application-organization.rst', 'https://github.com/openedx/frontend-platform/blob/master/docs/how_tos/i18n.rst', 'https://discuss.openedx.org', 'https://github.com/openedx/frontend-template-application/issues', 'https://img.shields.io/github/license/openedx/frontend-template-application.svg', 'https://img.shields.io/badge/Status-Maintained-brightgreen', 'https://github.com/openedx/frontend-template-application/actions/workflows/ci.yml/badge.svg', 'https://github.com/openedx/frontend-template-application/actions/workflows/ci.yml', 'https://codecov.io/github/openedx/frontend-template-application/coverage.svg?branch=main', 'https://codecov.io/github/openedx/frontend-template-application?branch=main']",True,True,True,False,,,True,2026-04-06,2025-12-29,3,False,False,,False,,[],,False,False,False,False
openedx/platform-plugin-aspects,,,,,,,7,7,0.96,700,True,2026-08-20,True,True,False,False,148,0,0,0,0,60,148,10,11,7,False,,True,True,True,True,False,True,True,True,True,False,False,True,False,True,True,True,True,False,2026-08-17 22:48:19,True,True,True,False,False,True,False,False,,openedx,1,"['https://openedx.slack.com/: 403', 'https://www.npmjs.com/package/@superset-ui/embedded-sdk: 403']",True,"['https://docs.openedx.org/en/latest/developers/how-tos/get-ready-for-python-dev.html', 'https://docs.openedx.org/projects/platform-plugin-aspects', 'https://discuss.openedx.org', 'https://github.com/openedx/platform-plugin-aspects/issues', 'https://openedx.org/getting-help', 'https://openedx.org/slack', 'https://openedx.org/r/how-to-contribute', 'https://openedx.org/code-of-conduct/', 'https://backstage.openedx.org/catalog/default/component/platform-plugin-aspects', 'https://github.com/openedx/openedx-events', 'https://github.com/openedx/edx-platform', 'https://clickhouse.com', 'https://docs.openedx.org/projects/openedx-aspects/en/latest/index.html', 'https://docs.openedx.org/projects/openedx-filters/en/latest/', 'https://docs.openedx.org/projects/openedx-aspects/en/latest/technical_documentation/how-tos/backfill.html']",True,True,True,True,.readthedocs.yaml,2,False,,,,True,True,,True,platform-plugin-aspects,"['3', '3.12']",https://github.com/openedx/platform-plugin-aspects,True,True,True,False
openedx/mockprock,,,,,,,3,0,0.75,5832,True,2026-08-20,False,False,False,False,1,0,0,1,0,0,0,0,0,0,False,,False,False,True,False,False,True,True,True,False,True,True,True,True,False,False,False,True,False,2026-07-29 15:32:37,True,False,True,False,True,True,False,True,@edx/mockprock,openedx,0,[],False,['https://github.com/openedx/edx-proctoring/'],True,True,False,False,,,True,,,0,False,False,,False,,[],,True,True,True,False
openedx/frontend-app-learner-dashboard,,,,,,,3,19,0.875,7,False,2026-08-20,True,True,False,False,42,0,0,28,14,0,0,0,0,0,False,,False,False,True,False,False,True,True,True,True,False,True,False,False,False,False,False,False,False,2026-08-17 12:35:12,True,False,False,False,False,True,False,False,@edx/frontend-app-learner-dashboard,openedx,0,"['https://openedx.slack.com/: 403', 'https://openedx.slack.com/archives/C04BM6YC7A6: 403']",False,"['https://img.shields.io/github/license/openedx/frontend-app-learner-dashboard.svg', 'https://github.com/openedx/frontend-app-learner-dashboard/blob/master/LICENSE', 'https://img.shields.io/badge/Status-Maintained-brightgreen', 'https://github.com/openedx/frontend-app-learner-dashboard/actions/workflows/ci.yml/badge.svg', 'https://github.com/openedx/frontend-app-learner-dashboard/actions/workflows/ci.yml', 'https://codecov.io/github/openedx/frontend-app-learner-dashboard/coverage.svg?branch=master', 'https://app.codecov.io/github/openedx/frontend-app-learner-dashboard?branch=master', 'https://github.com/openedx/frontend-plugin-framework', 'https://docs.openedx.org/en/latest/developers/quickstarts/so_you_want_to_contribute.html', 'https://openedx.atlassian.net/wiki/spaces/COMM/pages/3875962884/How+to+submit+an+open+source+contribution+for+Product+Review', 'https://discuss.openedx.org', 'https://github.com/openedx/frontend-app-learner-dashboard/issues', 'https://openedx.org/slack', 'https://openedx.org/community/connect', 'https://openedx.atlassian.net/wiki/spaces/OEPM/pages/3575906333/Learner+Home', 'https://openedx.org/code-of-conduct/']",True,True,True,False,,,True,2026-04-06,2025-02-17,4,False,False,,False,,[],,False,False,False,False
openedx/openedx-app-ios,,,,,,,4,7,0.6667,7,False,2026-08-20,False,False,False,False,0,0,0,0,0,0,0,0,0,0,False,,False,False,True,False,False,True,True,True,False,False,False,False,False,False,False,False,False,False,2026-08-13 15:10:29,True,False,False,False,False,False,False,False,,openedx,0,"['https://app.transifex.com/open-edx/openedx-translations/dashboard/: 403', 'https://app.transifex.com/open-edx/openedx-translations/openedx-app-ios/: 404']",False,"['https://github.com/openedx/openedx-app-ios.git', 'https://docs.openedx.org/en/latest/developers/concepts/oep58.html', 'https://github.com/openedx/openedx-atlas', 'https://github.com/openedx/openedx-translations', 'https://github.com/openedx/openedx-translations/blob/6448167e9695a921f003ff6bd8f40f006a2d6743/translations/openedx-app-ios/I18N/I18N/uk.lproj/Localizable.strings', 'https://github.com/openedx/openedx-atlas/issues/20', 'https://github.com/apps/transifex-integration', 'https://github.com/openedx/openedx-app-ios/blob/main/LICENSE']",True,True,False,False,,,False,,,,False,False,,False,,[],,False,False,False,False
openedx/frontend-enterprise,,,,,,,0,0,0.0,16913,False,2026-08-20,False,False,False,False,4,0,0,0,4,0,0,0,0,0,False,,False,False,True,False,False,True,True,True,False,True,True,False,False,False,False,False,False,False,2026-06-10 14:02:29,True,False,False,False,False,False,False,False,@edx/frontend-enterprise,openedx,0,[],False,"['https://github.com/openedx/frontend-build', 'https://github.com/conventional-changelog/commitlint', 'https://github.com/openedx/frontend-enterprise/actions/workflows/publish-from-package.yml', 'https://github.com/openedx/frontend-enterprise/actions/workflows/release.yml/badge.svg', 'https://github.com/openedx/frontend-enterprise/actions', 'https://codecov.io/gh/edx/frontend-enterprise/branch/master/graph/badge.svg?token=lBHoe5P4Q3', 'https://codecov.io/gh/edx/frontend-enterprise']",True,True,False,False,,,True,2025-12-15,,0,False,False,,False,,[],,False,False,False,False
openedx/openedx-app-test,,,,,,,0,0,,,False,2026-08-20,False,False,False,False,1,0,399,1,0,0,0,0,0,0,False,,False,False,True,False,False,False,True,True,False,False,True,True,True,False,False,False,False,False,2025-08-29 14:34:13,True,False,False,False,False,False,False,False,,openedx,0,['https://stackoverflow.com/questions/6587507/how-to-install-pip-with-python-3: 403'],False,"['https://nodejs.org/en/', 'https://appium.io/docs/en/latest/quickstart/', 'https://www.oracle.com/europe/java/technologies/downloads/', 'https://developer.android.com/tools', 'https://github.com/openedx/openedx-app-test', 'https://www.python.org/downloads/', 'https://www.browserstack.com/list-of-browsers-and-platforms/automate']",True,True,False,False,,,False,,,,False,False,,False,,[],,False,False,False,False
openedx/edx-enterprise-data,,,,,,,11,28,0.9375,253551,True,2026-08-20,True,True,False,False,154,0,0,0,0,81,154,13,18,9,False,,False,False,True,False,True,True,True,True,True,True,False,True,False,True,False,True,True,False,2026-08-19 13:57:10,True,False,False,False,False,True,False,False,,openedx,6,[],False,"['https://github.com/openedx/edx-analytics-data-api/', 'https://github.com/openedx/edx-drf-extensions/blob/4569b9bf7e54a917d4acdd545b10c058c960dd1a/edx_rest_framework_extensions/auth/jwt/authentication.py', 'https://github.com/openedx/devstack', 'https://github.com/openedx/frontend-app-admin-portal/']",True,True,False,False,,,False,,,,True,True,,True,edx-enterprise-data,"['3', '3.12']",https://github.com/openedx/edx-enterprise-data,True,True,True,False
openedx/axim-engineering,,,,,,,2,0,1.0,1841272,False,2026-08-20,True,True,False,False,0,0,0,0,0,0,0,0,0,0,False,,False,False,True,False,False,False,True,True,True,False,False,False,False,False,False,False,False,False,2026-08-10 20:11:24,True,False,False,False,False,False,False,False,,openedx,0,[],False,"['https://openedx.atlassian.net/wiki/spaces/COMM/pages/3241640370/Axim+Collaborative+Engineering+Team', 'https://github.com/openedx/axim-engineering/issues/new/choose']",True,True,False,False,,,False,,,,False,False,,False,,[],,False,False,False,False
openedx/frontend-plugin-framework,,,,,,,2,6,1.0,183,False,2026-08-20,True,True,False,False,21,0,0,5,16,0,0,0,0,0,False,,False,False,True,False,False,True,True,True,True,False,True,False,False,False,False,False,False,True,2026-08-18 21:10:04,True,False,False,False,False,False,False,False,,openedx,0,"['https://github.com/openedx/frontend-platform/blob/master/src/config.js: 404', 'https://openedx.slack.com/: 403', 'https://openedx.slack.com/archives/C04BM6YC7A6: 403', 'https://open-edx-backstage.herokuapp.com/catalog/default/component/frontend-plugin-framework: 404']",True,"['https://img.shields.io/github/license/openedx/frontend-plugin-framework.svg', 'https://github.com/openedx/frontend-plugin-framework/blob/master/LICENSE', 'https://img.shields.io/badge/Status-Maintained-brightgreen', 'https://github.com/openedx/frontend-plugin-framework/actions/workflows/ci.yml/badge.svg', 'https://github.com/openedx/frontend-plugin-framework/actions/workflows/ci.yml', 'https://codecov.io/github/openedx/frontend-plugin-framework/coverage.svg?branch=master', 'https://codecov.io/github/openedx/frontend-plugin-framework?branch=master', 'https://github.com/openedx/frontend-platform/blob/master/docs/decisions/0007-javascript-file-configuration.rst', 'https://github.com/openedx/frontend-platform/blob/master/src/react/ErrorBoundary.jsx', 'https://discuss.openedx.org', 'https://github.com/openedx/frontend-plugin-framework/issues', 'https://openedx.org/slack', 'https://openedx.org/getting-help', 'https://openedx.org/r/how-to-contribute', 'https://openedx.org/code-of-conduct/']",True,True,True,False,,,True,2025-11-24,2024-05-20,9,False,False,,False,,[],,False,False,False,False
openedx/frontend-app-learning,,,,,,,6,5,0.5075,320,False,2026-08-20,True,True,False,False,50,0,0,39,11,0,0,0,0,0,False,,False,False,True,False,False,True,True,True,True,False,True,False,False,False,False,False,False,False,2026-08-19 20:43:17,True,False,False,False,False,False,False,False,@edx/frontend-app-learning,openedx,0,"['http://local.openedx.io: HTTPConnectionPool(host=\'local.openedx.io\', port=80): Max retries exceeded with url: / (Caused by NewConnectionError(""HTTPConnection(host=\'local.openedx.io\', port=80): Failed to establish a new connection: [Errno 111] Connection refused""))', 'https://support.edx.org/hc/en-us/articles/360000038428-Entering-math-expressions-in-assignments-or-the-calculator: 404', 'https://openedx.slack.com/: 403', 'https://openedx.slack.com/archives/C04BM6YC7A6: 403']",False,"['https://codecov.io/gh/edx/frontend-app-learning/branch/master/graph/badge.svg?token=3z7XvuzTq3', 'https://codecov.io/gh/edx/frontend-app-learning', 'https://img.shields.io/badge/license-AGPL-informational', 'https://github.com/openedx/frontend-app-account/blob/master/LICENSE', 'https://github.com/overhangio/tutor', 'https://github.com/overhangio/tutor-mfe', 'https://github.com/openedx/frontend-app-learning.git', 'https://github.com/nvm-sh/nvm', 'https://github.com/openedx/frontend-build', 'https://openedx.github.io/frontend-platform/', 'https://github.com/openedx/frontend-plugin-framework', 'https://openedx.atlassian.net/browse/TNL-8678', 'https://support.edx.org/hc/en-us/articles/206503858-How-do-I-verify-my-identity', 'https://support.edx.org/hc/en-us/articles/206502008-What-is-a-verified-certificate', 'https://twitter.com/openedx', 'https://github.com/openedx/frontend-app-learning/issues', 'https://openedx.org/slack', 'https://openedx.org/community/connect', 'https://discuss.openedx.org', 'https://openedx.org/r/how-to-contribute', 'https://github.com/openedx/.github/blob/master/AI_POLICY.md', 'https://openedx.org/code-of-conduct/']",True,True,True,False,,,True,2026-04-06,2022-03-29,5,False,False,,False,,[],,False,False,False,False
openedx/openedx-k8s-harmony,,,,,,,5,3,0.6,6,False,2026-08-20,True,True,False,False,0,0,0,0,0,0,0,0,0,0,False,,False,False,True,False,False,False,True,True,True,False,False,False,False,False,False,False,False,False,2026-08-11 22:38:22,True,False,False,False,False,False,False,False,,openedx,0,"['https://github.com/aws/karpenter/blob/main/website/content/en/docs/upgrade-guide.md: 404', 'https://XYZ.eks.amazonaws.com: HTTPSConnectionPool(host=\'xyz.eks.amazonaws.com\', port=443): Max retries exceeded with url: / (Caused by NameResolutionError(""HTTPSConnection(host=\'xyz.eks.amazonaws.com\', port=443): Failed to resolve \'xyz.eks.amazonaws.com\' ([Errno -2] Name or service not known)""))', 'https://karpenter.sh/docs/concepts/provisioners/: 404', 'https://karpenter.sh/docs/concepts/node-templates/: 404', 'https://ms-yourinstanceid.meilisearch.io: HTTPSConnectionPool(host=\'ms-yourinstanceid.meilisearch.io\', port=443): Max retries exceeded with url: / (Caused by NameResolutionError(""HTTPSConnection(host=\'ms-yourinstanceid.meilisearch.io\', port=443): Failed to resolve \'ms-yourinstanceid.meilisearch.io\' ([Errno -2] Name or service not known)""))', 'http://10.1.2.3: HTTPConnectionPool(host=\'10.1.2.3\', port=80): Max retries exceeded with url: / (Caused by NewConnectionError(""HTTPConnection(host=\'10.1.2.3\', port=80): Failed to establish a new connection: [Errno 113] No route to host""))', 'https://meilisearch: HTTPSConnectionPool(host=\'meilisearch\', port=443): Max retries exceeded with url: / (Caused by NameResolutionError(""HTTPSConnection(host=\'meilisearch\', port=443): Failed to resolve \'meilisearch\' ([Errno -3] Temporary failure in name resolution)""))']",False,"['https://www.openedx.org', 'https://docs.tutor.overhang.io/', 'https://kubernetes.github.io/ingress-nginx/', 'https://traefik.io/traefik/', 'https://cert-manager.io/', 'https://github.com/prometheus-community/helm-charts', 'https://grove.opencraft.com/', 'https://github.com/eduNEXT/tutor-contrib-pod-autoscaling', 'https://cert-manager.io/docs/installation/upgrading/', 'https://kubernetes.io/docs/tasks/run-application/horizontal-pod-autoscale/', 'https://github.com/kubernetes/autoscaler/tree/master/vertical-pod-autoscaler', 'https://github.com/kubernetes/autoscaler/tree/master/cluster-autoscaler', 'https://karpenter.sh/', 'https://karpenter.sh/docs/getting-started/getting-started-with-karpenter/', 'https://doc.traefik.io/traefik/migrate/nginx-to-traefik/', 'https://helm.sh/', 'https://openedx.github.io/openedx-k8s-harmony', 'https://github.com/cert-manager/cert-manager/releases/download/v1.10.1/cert-manager.crds.yaml', 'https://minikube.sigs.k8s.io/docs/start/', 'https://github.com/openedx/openedx-k8s-harmony.git', 'https://www.meilisearch.com/cloud', 'https://www.meilisearch.com/docs/learn/self_hosted/getting_started_with_self_hosted_meilisearch']",True,True,False,False,,,True,2026-04-04,2024-11-07,6,False,False,,False,,[],,False,False,False,False
openedx/frontend-platform,,,,,,,2,9,0.6667,5,False,2026-08-20,False,False,False,False,39,0,0,19,20,0,0,0,0,0,False,,False,False,True,False,False,True,True,True,False,True,True,False,False,False,False,False,False,False,2026-08-18 10:59:18,True,False,False,False,False,False,False,False,@edx/frontend-platform,openedx,0,"['https://www.npmjs.com/package/@edx/frontend-platform: 403', 'http://local.openedx.io: HTTPConnectionPool(host=\'local.openedx.io\', port=80): Max retries exceeded with url: / (Caused by NewConnectionError(""HTTPConnection(host=\'local.openedx.io\', port=80): Failed to establish a new connection: [Errno 111] Connection refused""))', 'https://en.wikipedia.org/wiki/Convention_over_configuration: 403', 'https://edx.github.io/frontend-platform/module-Initialization.html: 404', 'https://edx.github.io/frontend-platform/module-Config.html: 404', 'https://custom.example.com/educators/index.html: HTTPSConnectionPool(host=\'custom.example.com\', port=443): Max retries exceeded with url: /educators/index.html (Caused by NameResolutionError(""HTTPSConnection(host=\'custom.example.com\', port=443): Failed to resolve \'custom.example.com\' ([Errno -5] No address associated with hostname)""))']",False,"['https://github.com/openedx/frontend-platform/actions/workflows/ci.yml/badge.svg', 'https://github.com/openedx/frontend-platform/actions/workflows/ci.yml', 'https://img.shields.io/codecov/c/github/edx/frontend-platform', 'https://codecov.io/gh/edx/frontend-platform', 'https://img.shields.io/npm/v/@edx/frontend-platform.svg', 'https://img.shields.io/npm/dt/@edx/frontend-platform.svg', 'https://img.shields.io/npm/l/@edx/frontend-platform.svg', 'https://github.com/openedx/frontend-platform/blob/master/LICENSE', 'https://img.shields.io/badge/%20%20%F0%9F%93%A6%F0%9F%9A%80-semantic--release-e10079.svg', 'https://github.com/semantic-release/semantic-release', 'https://openedx.github.io/frontend-platform/', 'https://docs.openedx.org/en/latest/educators/index.html', 'https://creativecommons.org/licenses', 'https://www.tldrlegal.com/license/creative-commons-attribution-cc', 'https://github.com/openedx/frontend-build']",True,True,False,False,,,True,2026-07-01,2023-05-29,10,False,False,,False,,[],,False,False,False,False
openedx/edx-lint,,,,,,,7,3,0.7391,6740,True,2026-08-20,True,True,False,False,49,0,0,0,0,20,49,2,2,1,False,,True,True,True,False,True,True,True,True,True,True,False,True,False,True,True,True,True,False,2026-08-18 12:40:16,True,False,False,False,False,True,False,False,,openedx,1,['https://open.edx.org/getting-help: 403'],True,"['https://github.com/openedx/.github/blob/master/CONTRIBUTING.md', 'https://github.com/openedx/edx-lint/workflows/Python%20CI/badge.svg?branch=master', 'https://github.com/openedx/edx-lint/actions?query=workflow%3A%22Python+CI%22']",True,True,False,False,,,False,,,,True,True,,False,edx-lint,[],https://github.com/openedx/edx-lint,True,False,True,False
openedx/frontend-app-gradebook,,,,,,,4,5,0.2759,208,False,2026-08-20,True,True,False,False,47,0,0,35,12,0,0,0,0,0,False,,False,False,True,False,False,True,True,True,True,False,True,False,False,False,False,False,False,False,2026-08-13 14:58:24,True,False,False,False,False,True,False,False,@edx/frontend-app-gradebook,openedx,0,"['http://apps.local.openedx.io/gradebook/course-v1: HTTPConnectionPool(host=\'apps.local.openedx.io\', port=80): Max retries exceeded with url: /gradebook/course-v1 (Caused by NewConnectionError(""HTTPConnection(host=\'apps.local.openedx.io\', port=80): Failed to establish a new connection: [Errno 111] Connection refused""))', 'http://apps.local.openedx.io: HTTPConnectionPool(host=\'apps.local.openedx.io\', port=80): Max retries exceeded with url: / (Caused by NewConnectionError(""HTTPConnection(host=\'apps.local.openedx.io\', port=80): Failed to establish a new connection: [Errno 111] Connection refused""))', 'https://openedx.org/r/how-to-contribute: 403', 'https://openedx.org/slack: 403', 'https://openedx.slack.com/: 403', 'https://openedx.slack.com/archives/C04BM6YC7A6: 403', 'https://openedx.org/community/connect: 403', 'https://openedx.org/code-of-conduct/: 403', 'https://travis-ci.com/edx/frontend-app-gradebook: 404']",False,"['https://docs.openedx.org/en/latest/educators/how-tos/data/view_learner_grades.html', 'https://docs.openedx.org/en/latest/educators/how-tos/data/manage_learner_grades.html', 'https://github.com/openedx/frontend-app-gradebook.git', 'https://github.com/overhangio/tutor-mfe?tab=readme-ov-file', 'https://github.com/openedx/frontend-plugin-framework', 'https://webpack.js.org/', 'https://github.com/edx-unsupported/frontend-auth', 'https://discuss.openedx.org', 'https://github.com/openedx/frontend-app-gradebook/issues', 'https://api.travis-ci.com/edx/frontend-app-gradebook.svg?branch=master', 'https://img.shields.io/codecov/c/gh/openedx/frontend-app-gradebook', 'https://app.codecov.io/gh/openedx/frontend-app-gradebook', 'https://img.shields.io/npm/v/@edx/frontend-app-gradebook.svg', 'https://img.shields.io/npm/dt/@edx/frontend-app-gradebook.svg', 'https://img.shields.io/npm/l/@edx/frontend-app-gradebook.svg', 'https://img.shields.io/badge/%20%20%F0%9F%93%A6%F0%9F%9A%80-semantic--release-e10079.svg', 'https://github.com/semantic-release/semantic-release']",True,True,True,False,,,True,,,0,False,False,,False,,[],,False,False,False,False
openedx/frontend-app-catalog,,,,,,,4,5,0.7692,171,False,2026-08-20,True,True,False,False,34,0,0,25,9,0,0,0,0,0,False,,False,False,True,False,False,True,True,True,True,False,True,False,False,False,False,False,False,False,2026-08-17 00:27:43,True,False,False,False,False,False,False,False,@edx/frontend-app-catalog,openedx,0,"['http://apps.local.openedx.io: HTTPConnectionPool(host=\'apps.local.openedx.io\', port=80): Max retries exceeded with url: / (Caused by NewConnectionError(""HTTPConnection(host=\'apps.local.openedx.io\', port=80): Failed to establish a new connection: [Errno 111] Connection refused""))', 'https://openedx.slack.com/archives/C04BM6YC7A6: 403', 'https://open-edx-backstage.herokuapp.com/catalog/default/component/frontend-app-catalog: 404']",True,"['https://img.shields.io/github/license/openedx/frontend-app-catalog.svg', 'https://github.com/openedx/frontend-app-catalog/blob/master/LICENSE', 'https://img.shields.io/badge/Status-Maintained-brightgreen', 'https://codecov.io/github/openedx/frontend-app-catalog/coverage.svg?branch=master', 'https://codecov.io/github/openedx/frontend-app-catalog?branch=master', 'https://docs.openedx.org/en/latest/community/release_notes/ulmo/ulmo_catalog.html', 'https://github.com/openedx/frontend-app-catalog.git', 'https://github.com/openedx/edx-search/releases/tag/v4.4.0', 'https://github.com/openedx/openedx-platform/pull/37948', 'https://github.com/openedx/openedx-platform/pull/37949', 'https://github.com/overhangio/tutor', 'https://github.com/overhangio/tutor-mfe', 'https://github.com/nvm-sh/nvm', 'https://github.com/openedx/frontend-platform/blob/master/docs/how_tos/i18n.rst', 'https://github.com/openedx/frontend-plugin-framework', 'https://discuss.openedx.org', 'https://openedx.org/slack', 'https://github.com/openedx/frontend-app-catalog/issues', 'https://openedx.org/getting-help', 'https://openedx.org/r/how-to-contribute', 'https://openedx.org/code-of-conduct/']",True,True,True,False,,,True,2026-04-06,2025-12-19,3,False,False,,False,,[],,False,False,False,False
openedx/frontend-app-aspects,,,,,,,5,3,1.0,126,False,2026-08-20,True,True,False,False,14,0,0,3,11,0,0,0,0,0,False,,False,False,True,False,False,True,True,True,True,False,True,False,False,False,False,False,False,False,2026-08-18 17:51:34,True,False,False,False,False,False,False,False,,openedx,0,"['https://openedx.slack.com/archives/C04BM6YC7A6: 403', 'https://open-edx-backstage.herokuapp.com/catalog/default/component/frontend-app-aspects: 404']",True,"['https://github.com/openedx/frontend-app-aspects.git', 'https://discuss.openedx.org', 'https://github.com/openedx/frontend-app-aspects/issues', 'https://github.com/openedx/frontend-base', 'https://github.com/overhangio/tutor-mfe', 'https://github.com/openedx/frontend-base/blob/main/docs/how_tos/i18n.rst', 'https://openedx.org/slack', 'https://openedx.org/getting-help', 'https://openedx.org/r/how-to-contribute', 'https://openedx.org/code-of-conduct/', 'https://img.shields.io/github/license/openedx/frontend-app-aspects.svg', 'https://github.com/openedx/frontend-app-aspects/blob/main/LICENSE', 'https://img.shields.io/badge/Status-Maintained-brightgreen', 'https://github.com/openedx/frontend-app-aspects/actions/workflows/ci.yml/badge.svg', 'https://github.com/openedx/frontend-app-aspects/actions/workflows/ci.yml', 'https://codecov.io/github/openedx/frontend-app-aspects/coverage.svg?branch=main', 'https://codecov.io/github/openedx/frontend-app-aspects?branch=main']",True,True,True,False,,,True,,,0,False,False,,False,,[],,False,False,False,False
openedx/sample-aspects-dbt,,,,,,,0,0,0.0,,False,2026-08-20,False,False,False,False,0,0,0,0,0,0,0,0,0,0,False,,False,False,True,False,False,False,True,False,False,False,False,False,False,False,False,False,False,False,2026-08-03 14:34:22,True,False,False,False,False,False,False,False,,openedx,0,[],False,"['https://docs.getdbt.com/reference/resource-properties/unit-tests', 'https://discuss.openedx.org', 'https://docs.getdbt.com/docs/introduction', 'https://discourse.getdbt.com/', 'https://community.getdbt.com/', 'https://events.getdbt.com', 'https://blog.getdbt.com/']",True,True,False,False,,,False,,,,False,False,,False,,[],,False,False,False,False
openedx/browserslist-config,,,,,,,0,1,,,False,2026-08-20,False,False,False,False,1,0,0,0,1,0,0,0,0,0,False,,False,False,True,False,False,False,True,True,False,False,True,False,False,False,False,False,False,False,2026-05-20 13:27:14,True,False,False,False,False,False,False,False,@edx/browserslist-config,openedx,0,['https://www.npmjs.com/package/@edx/browserslist-config: 403'],False,"['https://img.shields.io/npm/l/@edx/browserslist-config', 'https://img.shields.io/npm/v/@edx/browserslist-config', 'https://github.com/browserslist/browserslist', 'https://support.edx.org/hc/en-us/articles/206211848-What-are-the-system-requirements-and-supported-browsers-on-edX']",True,True,False,False,,,True,,,0,False,False,,False,,[],,False,False,False,False
openedx/help-tokens,,,,,,,5,1,0.9286,63212,True,2026-08-20,True,True,False,False,93,0,0,0,0,5,93,5,5,3,False,,True,False,True,False,True,True,True,True,True,True,False,True,False,True,True,True,True,False,2026-08-19 04:16:41,True,True,True,False,False,True,False,False,,openedx,4,['https://open.edx.org/getting-help: 403'],True,"['https://docs.openedx.org/en/latest/learners', 'https://docs.openedx.org/en/latest/educators', 'https://github.com/openedx/.github/blob/master/CONTRIBUTING.md', 'https://github.com/openedx/help-tokens/blob/master/.github/PULL_REQUEST_TEMPLATE.md', 'https://github.com/openedx/help-tokens/blob/master/.github/ISSUE_TEMPLATE.md', 'https://img.shields.io/pypi/v/help-tokens.svg', 'https://pypi.python.org/pypi/help-tokens/', 'https://github.com/openedx/help-tokens/workflows/Python%20CI/badge.svg?branch=master', 'https://github.com/openedx/help-tokens/actions?query=workflow%3A%22Python+CI%22', 'http://codecov.io/github/edx/help-tokens/coverage.svg?branch=master', 'http://codecov.io/github/edx/help-tokens?branch=master', 'https://img.shields.io/pypi/pyversions/help-tokens.svg', 'https://img.shields.io/github/license/edx/help-tokens.svg', 'https://github.com/openedx/help-tokens/blob/master/LICENSE.txt']",True,True,True,False,,,False,,,,True,True,,True,help-tokens,"['3', '3.11', '3.12']",https://github.com/openedx/help-tokens,True,True,True,False
openedx/frontend-app-admin-portal,,,,,,,3,0,0.4878,350,False,2026-08-20,True,True,False,False,73,0,0,53,20,0,0,0,0,0,False,,False,False,True,False,False,True,True,True,True,False,True,False,False,False,False,False,False,False,2026-08-18 17:48:41,True,False,False,False,False,False,False,False,,openedx,0,"['https://openedx.org/slack: 403', 'https://openedx.slack.com/: 403', 'https://openedx.slack.com/archives/C04BM6YC7A6: 403', 'https://openedx.org/community/connect: 403', 'https://openedx.org/r/how-to-contribute: 403', 'https://openedx.org/code-of-conduct/: 403']",False,"['https://github.com/openedx/frontend-app-admin-portal/actions/workflows/ci.yml/badge.svg', 'https://codecov.io/gh/edx/frontend-app-admin-portal/branch/master/graph/badge.svg', 'https://github.com/openedx/devstack', 'https://github.com/openedx/edx-analytics-data-api', 'https://discuss.openedx.org', 'https://github.com/openedx/frontend-app-admin-portal/issues']",True,True,True,False,,,True,2026-02-07,2024-05-22,6,False,False,,False,,[],,False,False,False,False
openedx/xblock-google-drive,,,,,,,3,1,0.875,49691,True,2026-08-20,True,True,False,False,99,0,0,0,0,85,99,7,7,5,False,,False,False,True,False,False,True,True,True,True,True,False,False,False,True,True,True,True,False,2026-08-10 20:13:26,True,True,True,False,False,True,False,False,,openedx,0,['https://openedx.atlassian.net/wiki/display/OpenOPS/Running+Fullstack: 404'],False,"['https://docs.openedx.org/en/latest/developers/references/developer_guide/internationalization/i18n.html', 'https://xblock-tutorial.readthedocs.io/en/latest/', 'https://travis-ci.org/edx-solutions/xblock-google-drive.svg?branch=master', 'https://travis-ci.org/edx-solutions/xblock-google-drive']",True,True,False,False,,,False,,,,True,True,,True,xblock-google-drive,['3.12'],https://github.com/openedx/xblock-google-drive,True,True,True,False
openedx/pr_watcher_notifier,,,,,,,1,0,,,False,2026-08-20,False,False,False,False,0,0,0,0,0,0,0,0,0,0,False,,False,False,True,False,False,True,True,True,False,False,False,False,False,False,True,False,False,False,2026-05-30 15:32:44,True,False,False,False,False,True,False,False,,openedx,0,['https://pythonhosted.org/Flask-Mail/: 404'],False,"['https://developer.github.com/webhooks/creating/', 'https://github.com/settings/tokens', 'https://github.com/lgp171188/custom_templates']",True,True,False,False,,,False,,,,False,False,,False,,[],,False,False,False,False
openedx/DoneXBlock,,,,,,,3,2,0.878,87,True,2026-08-20,True,True,False,False,124,0,0,0,0,20,124,7,7,6,False,,True,False,True,False,False,True,True,True,True,True,False,True,False,True,False,True,True,False,2026-08-17 12:06:42,True,True,True,False,False,True,False,False,,openedx,0,"['https://www.gnu.org/licenses/agpl-3.0: HTTPSConnectionPool(host=\'www.gnu.org\', port=443): Max retries exceeded with url: /licenses/agpl-3.0 (Caused by NewConnectionError(""HTTPSConnection(host=\'www.gnu.org\', port=443): Failed to establish a new connection: [Errno 101] Network is unreachable""))', 'https://openedx.org/r/xblock: 403', 'https://openedx.org/slack: 403', 'https://openedx.slack.com/: 403', 'https://openedx.org/getting-help: 403', 'https://openedx.org/r/how-to-contribute: 403', 'https://openedx.org/code-of-conduct/: 403', 'https://open-edx-backstage.herokuapp.com/catalog/default/component/DoneXBlock: 404']",True,"['https://img.shields.io/badge/License-AGPL_v3-blue.svg', 'https://github.com/openedx/DoneXBlock/actions/workflows/ci.yml/badge.svg', 'https://github.com/openedx/DoneXBlock/actions/workflows/ci.yml', 'https://github.com/openedx/DoneXBlock/actions/workflows/pypi-release.yml/badge.svg', 'https://github.com/openedx/DoneXBlock/actions/workflows/pypi-release.yml', 'https://img.shields.io/badge/status-maintained-31c653', 'https://docs.tutor.edly.io/configuration.html', 'https://discuss.openedx.org', 'https://github.com/openedx/DoneXBlock/issues']",True,True,True,True,.readthedocs.yaml,2,False,,,,True,True,,True,done-xblock,"['3', '3.12']",https://github.com/openedx/DoneXBlock,True,True,True,False
openedx/event-bus-redis,,,,,,,2,6,0.9444,16145,True,2026-08-20,True,True,False,False,115,0,0,0,0,30,115,7,8,5,True,,True,True,True,True,False,True,True,True,True,False,False,True,False,True,True,True,True,False,2026-08-17 07:43:13,True,True,True,False,False,True,False,False,,openedx,0,"['https://docs.openedx.org/projects/event-bus-redis: 404', 'https://openedx.slack.com/: 403', 'https://open-edx-backstage.herokuapp.com/catalog/default/component/event-bus-redis: 404', 'https://event-bus-redis.readthedocs.io/en/latest/: 404']",True,"['https://redis.readthedocs.io/en/stable/examples/ssl_connection_examples.html', 'https://github.com/openedx/openedx-events/blob/06635f3642cee4020d6787df68bba694bd1233fe/openedx_events/event_bus/__init__.py', 'https://redis.io/commands/xread/', 'https://openedx.atlassian.net/wiki/spaces/AC/pages/3508699151/How+to+start+using+the+Event+Bus', 'https://openedx.atlassian.net/wiki/spaces/DOC/pages/21627535/Publish+Documentation+on+Read+the+Docs', 'https://discuss.openedx.org', 'https://github.com/openedx/event-bus-redis/issues', 'https://openedx.org/slack', 'https://openedx.org/getting-help', 'https://openedx.org/r/how-to-contribute', 'https://openedx.org/code-of-conduct/', 'https://img.shields.io/pypi/v/edx-event-bus-redis.svg', 'https://pypi.python.org/pypi/edx-event-bus-redis/', 'https://github.com/openedx/event-bus-redis/workflows/Python%20CI/badge.svg?branch=main', 'https://github.com/openedx/event-bus-redis/actions', 'https://codecov.io/github/openedx/event-bus-redis/coverage.svg?branch=main', 'https://codecov.io/github/openedx/event-bus-redis?branch=main', 'https://readthedocs.org/projects/edx-event-bus-redis/badge/?version=latest', 'https://img.shields.io/pypi/pyversions/edx-event-bus-redis.svg', 'https://pypi.python.org/pypi/event-bus-redis/', 'https://img.shields.io/github/license/openedx/event-bus-redis.svg', 'https://github.com/openedx/event-bus-redis/blob/main/LICENSE.txt', 'https://img.shields.io/badge/Status-Experimental-yellow']",True,True,True,True,.readthedocs.yaml,2,False,,,,True,True,,True,edx_event_bus_redis,"['3', '3.12']",https://github.com/openedx/event-bus-redis,True,True,True,False
openedx/openedx-events,,,,,,,6,5,0.8095,143950,True,2026-08-20,True,True,False,False,121,0,0,0,0,20,121,5,6,3,True,,True,True,True,False,True,True,True,True,True,True,False,True,False,True,True,True,True,False,2026-08-18 15:19:13,True,True,True,False,False,True,False,False,,openedx,0,['https://openedx.slack.com/: 403'],True,"['https://open-edx-proposals.readthedocs.io/en/latest/oep-0050-hooks-extension-framework.html', 'https://docs.openedx.org/en/latest/developers/how-tos/get-ready-for-python-dev.html', 'https://openedx-events.readthedocs.io/en/latest/', 'https://discuss.openedx.org', 'https://github.com/openedx/openedx-events/issues', 'https://openedx.org/slack', 'https://openedx.org/getting-help', 'https://openedx.org/r/how-to-contribute', 'https://openedx.org/code-of-conduct/', 'https://backstage.openedx.org/catalog/default/component/openedx-events', 'https://img.shields.io/pypi/v/openedx-events.svg', 'https://pypi.python.org/pypi/openedx-events/', 'https://github.com/openedx/openedx-events/actions/workflows/ci.yml/badge.svg?branch=main', 'https://github.com/openedx/openedx-events/actions/workflows/ci.yml', 'https://codecov.io/github/openedx/openedx-events/coverage.svg?branch=main', 'https://codecov.io/github/openedx/openedx-events?branch=main', 'https://readthedocs.org/projects/openedx-events/badge/?version=latest', 'https://img.shields.io/pypi/pyversions/openedx-events.svg', 'https://img.shields.io/github/license/openedx/openedx-events.svg', 'https://github.com/openedx/openedx-events/blob/main/LICENSE.txt', 'https://img.shields.io/badge/Status-Maintained-brightgreen']",True,True,True,True,.readthedocs.yaml,2,False,,,,True,True,,True,openedx-events,"['3', '3.12']",https://github.com/openedx/openedx-events,True,True,True,False
openedx/edx-submissions,,,,,,,4,6,0.7,125,True,2026-08-20,True,True,False,False,106,0,0,0,0,10,106,8,11,4,True,,True,False,True,False,False,True,True,True,True,True,False,True,False,True,True,True,True,False,2026-08-17 21:33:38,True,False,False,False,False,True,False,False,,openedx,4,"['https://docs.openedx.org/projects/edx-submissions: 404', 'https://openedx.org/getting-help: 403', 'https://openedx.org/slack: 403', 'https://openedx.slack.com/: 403', 'https://openedx.org/r/how-to-contribute: 403', 'https://openedx.org/code-of-conduct/: 403']",True,"['https://discuss.openedx.org', 'https://github.com/openedx/edx-submissions/issues', 'https://backstage.openedx.org/catalog/default/component/edx-submissions', 'https://img.shields.io/pypi/v/edx-submissions.svg', 'https://pypi.python.org/pypi/edx-submissions/', 'https://github.com/openedx/edx-submissions/actions/workflows/ci.yml/badge.svg?branch=master', 'https://github.com/openedx/edx-submissions/actions/workflows/ci.yml?branch=master', 'https://codecov.io/github/openedx/edx-submissions/coverage.svg?branch=master', 'https://codecov.io/github/openedx/edx-submissions?branch=master', 'https://readthedocs.org/projects/edx-submissions/badge/?version=latest', 'https://img.shields.io/pypi/pyversions/edx-submissions.svg', 'https://img.shields.io/github/license/openedx/edx-submissions.svg', 'https://github.com/openedx/edx-submissions/blob/master/LICENSE.txt', 'https://img.shields.io/badge/Status-Experimental-yellow', 'https://img.shields.io/badge/Status-Maintained-brightgreen', 'https://img.shields.io/badge/Status-Deprecated-orange', 'https://img.shields.io/badge/Status-Unsupported-red']",True,True,True,True,.readthedocs.yaml,2,False,,,,True,True,,True,edx-submissions,"['3', '3.12']",http://github.com/openedx/edx-submissions.git,True,True,True,False
openedx/xqueue,,,,,,,0,1,0.0,,True,2026-08-20,False,False,False,False,59,0,0,0,0,57,59,5,7,3,False,,True,False,True,False,False,True,True,True,False,False,False,False,False,True,False,False,True,False,2026-07-30 14:21:13,True,True,True,False,False,True,False,False,,openedx,2,['https://open.edx.org/getting-help: 403'],True,['https://github.com/openedx/public-engineering/issues/286'],True,True,True,False,,,False,,,,True,True,,False,,[],,True,False,True,False
openedx/openedx-chem,,,,,,,1,0,0.0,6,True,2026-08-20,False,False,False,False,39,0,0,0,0,9,39,0,0,0,False,,True,False,True,False,False,True,True,True,False,True,False,False,False,True,False,True,True,False,2026-05-30 15:29:42,True,False,False,False,False,False,False,False,,openedx,2,[],False,"['https://github.com/openedx/edx-platform', 'https://github.com/openedx/openedx-chem/blob/master/LICENSE']",True,True,False,False,,,False,,,,False,True,,True,chem,"['3', '3.12']",https://github.com/openedx/openedx-chem,True,True,True,False
openedx/eslint-config,,,,,,,0,0,,,False,2026-08-20,False,False,False,False,9,0,0,0,9,0,0,0,0,0,False,,False,False,True,False,False,False,True,True,False,False,True,False,False,False,False,False,False,False,2026-08-12 01:38:09,True,False,False,False,False,False,False,False,@edx/eslint-config,openedx,0,"['https://www.npmjs.com/package/@edx/eslint-config: 403', 'https://www.npmjs.com/package/eslint-config-airbnb-typescript: 403']",False,"['https://github.com/openedx/eslint-config/actions/workflows/release.yml/badge.svg', 'https://github.com/openedx/eslint-config/actions/workflows/release.yml/', 'https://img.shields.io/npm/v/@edx/eslint-config.svg', 'https://img.shields.io/npm/dt/@edx/eslint-config.svg', 'https://img.shields.io/npm/l/@edx/eslint-config.svg', 'https://github.com/openedx/eslint-config/blob/master/LICENSE', 'https://img.shields.io/badge/%20%20%F0%9F%93%A6%F0%9F%9A%80-semantic--release-e10079.svg', 'https://github.com/semantic-release/semantic-release']",True,True,False,False,,,True,2025-12-08,2024-04-29,9,False,False,,False,,[],,False,False,False,False
openedx/cc2olx,,,,,,,3,1,0.9375,1020470,True,2026-08-20,True,True,False,False,67,0,0,0,0,11,67,1,1,0,False,,True,True,True,False,True,True,True,True,True,True,False,False,False,True,True,True,True,False,2026-08-10 20:02:13,True,True,False,False,False,True,False,False,,openedx,2,[],False,"['https://github.com/openedx/cc2olx/workflows/Python%20CI/badge.svg?branch=master', 'https://github.com/openedx/cc2olx/actions?query=workflow%3A%22Python+CI%22', 'https://www.imsglobal.org/activity/common-cartridge', 'https://github.com/raccoongang/xblock-pdf', 'https://github.com/openedx/xblock-google-drive', 'https://s3.amazonaws.com/public-imscc/c075c6df1f674a7b9d9192307e812f74.imscc', 'https://lor.instructure.com/resources/c075c6df1f674a7b9d9192307e812f74', 'https://s3.amazonaws.com/public-imscc/faa3332ffd834070ad81d97bdb236649.imscc', 'https://lor.instructure.com/resources/faa3332ffd834070ad81d97bdb236649', 'https://s3.amazonaws.com/public-imscc/d933c048da6d4fd5a9cb552148d628cb.imscc', 'https://lor.instructure.com/resources/d933c048da6d4fd5a9cb552148d628cb']",True,True,False,False,,,False,,,,True,True,,True,cc2olx,"['3', '3.12']",https://github.com/openedx/cc2olx,True,True,True,False
openedx/openedx-app-foundation-android,,,,,,,1,9,,,False,2026-08-20,False,False,False,False,0,0,0,0,0,0,0,0,0,0,False,,False,False,True,False,False,False,True,True,False,False,False,False,False,False,False,False,False,False,2026-07-30 14:21:49,True,False,False,False,False,False,False,False,,openedx,0,[],False,['https://jitpack.io'],True,True,False,False,,,False,,,,False,False,,False,,[],,False,False,False,False
openedx/aspects-dbt,,,,,,,2,10,1.0,33570,False,2026-08-20,True,True,False,False,0,0,0,0,0,0,0,0,0,0,False,,False,False,True,False,False,True,True,True,True,False,False,False,True,False,False,False,False,False,2026-07-30 14:21:43,True,False,False,False,False,False,False,False,,openedx,0,"['https://openedx.slack.com/: 403', 'https://open-edx-backstage.herokuapp.com/catalog/default/component/openedx-event-sink-clickhouse: 404']",True,"['https://openedx.github.io/aspects-dbt/', 'https://clickhouse.com', 'https://docs.openedx.org/projects/openedx-aspects/en/latest/index.html', 'https://docs.getdbt.com/reference/resource-properties/unit-tests', 'https://discuss.openedx.org', 'https://github.com/openedx/aspects-dbt/issues', 'https://openedx.org/slack', 'https://openedx.org/getting-help', 'https://openedx.org/r/how-to-contribute', 'https://openedx.org/code-of-conduct/']",True,True,True,False,,,False,,,,False,False,,False,,[],,False,False,False,False
openedx/edx-enterprise-subsidy-client,,,,,,,6,11,0.875,47567,True,2026-08-20,True,True,False,False,103,0,0,0,0,19,103,5,6,4,True,,True,True,True,False,True,True,True,True,True,True,False,True,False,True,True,True,True,False,2026-08-19 13:57:00,True,False,True,False,False,True,False,False,,openedx,0,"['https://docs.openedx.org/projects/edx-enterprise-subsidy-client/how-tos/how-to-deploy-this-component.html: 404', 'https://docs.openedx.org/projects/edx-enterprise-subsidy-client: 404', 'https://openedx.slack.com/: 403', 'https://open-edx-backstage.herokuapp.com/catalog/default/component/edx-enterprise-subsidy-client: 404', 'https://edx-enterprise-subsidy-client.readthedocs.io/en/latest/: 404']",True,"['https://openedx.atlassian.net/wiki/spaces/DOC/pages/21627535/Publish+Documentation+on+Read+the+Docs', 'https://discuss.openedx.org', 'https://github.com/openedx/edx-enterprise-subsidy-client/issues', 'https://openedx.org/slack', 'https://openedx.org/getting-help', 'https://openedx.org/r/how-to-contribute', 'https://openedx.org/code-of-conduct/', 'https://img.shields.io/pypi/v/edx-enterprise-subsidy-client.svg', 'https://pypi.python.org/pypi/edx-enterprise-subsidy-client/', 'https://github.com/openedx/edx-enterprise-subsidy-client/workflows/Python%20CI/badge.svg?branch=main', 'https://github.com/openedx/edx-enterprise-subsidy-client/actions', 'https://codecov.io/github/openedx/edx-enterprise-subsidy-client/coverage.svg?branch=main', 'https://codecov.io/github/openedx/edx-enterprise-subsidy-client?branch=main', 'https://readthedocs.org/projects/edx-enterprise-subsidy-client/badge/?version=latest', 'https://img.shields.io/pypi/pyversions/edx-enterprise-subsidy-client.svg', 'https://img.shields.io/github/license/openedx/edx-enterprise-subsidy-client.svg', 'https://github.com/openedx/edx-enterprise-subsidy-client/blob/main/LICENSE.txt', 'https://img.shields.io/badge/Status-Experimental-yellow', 'https://img.shields.io/badge/Status-Maintained-brightgreen', 'https://img.shields.io/badge/Status-Deprecated-orange', 'https://img.shields.io/badge/Status-Unsupported-red']",True,True,True,True,.readthedocs.yaml,2,False,,,,False,True,,True,edx-enterprise-subsidy-client,"['3', '3.12']",https://github.com/openedx/edx-enterprise-subsidy-client,False,True,True,False
openedx/frontend-app-profile,,,,,,,3,5,0.439,223,False,2026-08-20,True,True,False,False,44,0,0,35,9,0,0,0,0,0,False,,False,False,True,False,False,True,True,True,True,False,True,False,False,False,False,False,False,False,2026-08-17 12:31:56,True,False,False,False,False,True,False,False,@edx/frontend-app-profile,openedx,0,"['https://github.com/openedx/frontend-app-profile/blob/main/LICENSE: 404', 'https://openedx.org/slack: 403', 'https://openedx.slack.com/: 403', 'https://openedx.slack.com/archives/C04BM6YC7A6: 403', 'https://openedx.org/getting-help: 403', 'https://openedx.org/r/how-to-contribute: 403', 'https://openedx.org/code-of-conduct/: 403', 'https://backstage.herokuapp.com/catalog/default/component/frontend-app-profile: 502']",True,"['https://img.shields.io/github/license/openedx/frontend-app-profile.svg', 'https://img.shields.io/badge/Status-Maintained-brightgreen', 'https://github.com/openedx/frontend-app-profile/actions/workflows/ci.yml/badge.svg', 'https://github.com/openedx/frontend-app-profile/actions/workflows/ci.yml', 'https://codecov.io/github/openedx/frontend-app-profile/coverage.svg?branch=main', 'https://codecov.io/github/openedx/frontend-app-profile?branch=main', 'https://github.com/overhangio/tutor', 'https://github.com/overhangio/tutor-mfe', 'https://github.com/openedx/frontend-app-profile.git', 'https://github.com/nvm-sh/nvm', 'https://github.com/openedx/frontend-plugin-framework', 'https://discuss.openedx.org', 'https://github.com/openedx/frontend-app-profile/issues']",True,True,True,False,,,True,2026-04-06,2025-07-21,5,False,False,,False,,[],,False,False,False,False
openedx/xblock-drag-and-drop-v2,,,,,,,4,4,0.8889,46026,True,2026-08-20,True,True,False,False,95,0,0,0,0,33,95,8,9,6,False,,False,False,True,False,False,True,True,True,True,True,False,True,False,True,False,True,True,False,2026-08-17 12:48:54,True,True,False,False,False,True,False,False,,openedx,0,[],False,"['https://docs.openedx.org/en/latest/educators/references/course_development/problem_settings.html', 'https://github.com/open-craft/demo-courses/archive/drag-and-drop-v2.tar.gz', 'https://docs.openedx.org/projects/xblock/en/latest/xblock-tutorial/edx_platform/edx_lms.html', 'https://github.com/openedx/i18n-tools', 'https://github.com/openedx/openedx-translations']",True,True,False,False,,,False,,,,True,True,,True,xblock-drag-and-drop-v2,['3.12'],https://github.com/openedx/xblock-drag-and-drop-v2,True,True,True,False
openedx/openedx-app-android,,,,,,,2,6,0.7857,1177041,False,2026-08-20,True,True,False,False,0,0,0,0,0,0,0,0,0,0,False,,False,False,True,False,False,True,True,True,True,False,False,False,False,False,False,False,False,False,2026-08-17 23:54:37,True,False,False,False,False,False,False,False,,openedx,0,"['https://app.transifex.com/open-edx/openedx-translations/dashboard/: 403', 'https://app.transifex.com/open-edx/openedx-translations/openedx-app-android/: 404']",False,"['https://github.com/openedx/openedx-app-android.git', 'https://docs.openedx.org/en/latest/developers/concepts/oep58.html', 'https://github.com/openedx/openedx-atlas', 'https://github.com/openedx/openedx-translations', 'https://github.com/openedx/openedx-translations/blob/04ccea36b8e6a9889646dfb5a5acb99686fa9ae0/translations/openedx-app-android/i18n/src/main/res/values-uk/strings.xml', 'https://github.com/openedx/openedx-atlas/issues/20', 'https://github.com/apps/transifex-integration', 'https://github.com/openedx/openedx-app-android/blob/main/LICENSE']",True,True,False,False,,,False,,,,False,False,,False,,[],,False,False,False,False
openedx/event-tracking,,,,,,,4,3,0.9474,31700,True,2026-08-20,True,True,False,False,98,0,0,0,0,43,98,5,6,4,False,,True,False,True,False,True,True,True,True,True,True,False,True,False,True,True,True,True,False,2026-08-18 12:32:38,True,False,False,False,False,True,False,False,,openedx,2,"['http://www.edx.org/some/path/1: 404', 'http://www.edx.org/some/path/2: 404']",False,"['http://code.edx.org/', 'http://event-tracking.readthedocs.org/en/latest/', 'https://github.com/openedx/edx-platform/wiki/How-To-Contribute', 'https://groups.google.com/forum/', 'https://github.com/openedx/event-tracking/workflows/Python%20CI/badge.svg?branch=master', 'https://github.com/openedx/event-tracking/actions?query=workflow%3A%22Python+CI%22']",True,False,True,False,,,False,,,,True,True,,True,event-tracking,"['3', '3.12']",https://github.com/openedx/event-tracking,True,False,True,False
openedx/xblock-image-explorer,,,,,,,3,2,0.875,45582,True,2026-08-20,True,True,False,False,84,0,0,0,0,28,84,6,6,4,False,,False,False,True,False,False,True,True,True,True,False,False,True,False,True,False,True,True,False,2026-08-10 20:12:58,True,True,False,False,False,False,False,False,,openedx,0,"['http://link/to/image.jpg: HTTPConnectionPool(host=\'link\', port=80): Max retries exceeded with url: /to/image.jpg (Caused by NameResolutionError(""HTTPConnection(host=\'link\', port=80): Failed to resolve \'link\' ([Errno -3] Temporary failure in name resolution)""))']",False,"['https://github.com/openedx/xblock-image-explorer/actions/workflows/ci.yml/badge.svg', 'https://github.com/openedx/xblock-image-explorer/actions/workflows/ci.yml', 'https://raw.githubusercontent.com/openedx/xblock-image-explorer/3b67392a73edcd606f4e3fb30cfa8b3cc20720d3/doc/img/student-view.png', 'https://raw.githubusercontent.com/openedx/xblock-image-explorer/3b67392a73edcd606f4e3fb30cfa8b3cc20720d3/doc/img/edit-view.png']",True,True,False,False,,,False,,,,True,True,,True,xblock-image-explorer,['3.12'],https://github.com/openedx/xblock-image-explorer,True,True,True,False
openedx/edx-organizations,,,,,,,4,3,0.8846,1239127,True,2026-08-20,True,True,False,False,37,0,0,0,0,31,37,5,9,4,False,,True,False,True,False,True,True,True,True,True,True,False,True,False,True,True,True,True,False,2026-08-17 21:31:55,True,False,True,False,False,True,False,False,,openedx,7,['https://coveralls.io/github/edx/edx-organizations?branch=master: 403'],False,"['https://github.com/openedx/edx-organizations/workflows/Python%20CI/badge.svg?branch=master', 'https://github.com/openedx/edx-organizations/actions?query=workflow%3A%22Python+CI%22', 'https://coveralls.io/repos/github/edx/edx-organizations/badge.svg?branch=master', 'https://github.com/openedx/.github/blob/master/CONTRIBUTING.md', 'https://groups.google.com/forum/']",True,False,True,False,,,False,,,,True,True,,True,edx-organizations,"['3', '3.12']",https://github.com/openedx/edx-organizations,True,True,True,False
openedx/openedx-webhooks-data-schema,,,,,,,0,0,0.6667,12513,True,2026-08-20,False,False,False,False,74,0,0,0,0,2,74,2,2,1,False,,False,True,True,False,True,True,True,True,False,True,False,True,False,True,True,True,False,False,2025-07-30 09:30:08,True,True,True,False,False,True,False,False,,openedx,5,['https://openedx.slack.com/: 403'],True,"['https://github.com/openedx/.github/blob/master/CONTRIBUTING.md', 'https://discuss.openedx.org', 'https://openedx.org/slack', 'https://openedx.org/getting-help']",True,True,True,False,,,False,,,,False,True,,True,repo-tools-data-schema,"['3', '3.11', '3.12']",https://github.com/openedx/repo-tools-data-schema,False,False,False,False
openedx/XBlock,,,,,,,6,7,0.9655,112076,True,2026-08-20,True,True,False,False,0,0,0,0,0,0,0,0,0,0,True,,True,False,True,False,True,True,True,True,True,True,False,True,True,False,False,False,True,False,2026-08-17 07:43:36,True,False,True,False,False,True,False,False,,openedx,0,"['http://scorm.com/scorm-explained/: 403', 'https://openedx.org/slack: 403', 'https://openedx.slack.com/: 403', 'https://openedx.org/getting-help: 403', 'https://github.com/openedx/XBlock/blob/master/LICENSE.txt: 404', 'https://openedx.org/r/how-to-contribute: 403', 'https://openedx.org/code-of-conduct/: 403']",True,"['http://www.lon-capa.org/', 'http://www.imsglobal.org/toolsinteroperability2.cfm', 'https://github.com/openedx/XBlock/blob/master/CHANGELOG.rst', 'https://github.com/openedx/XBlock/blob/master/xblock/__init__.py', 'https://github.com/openedx/xblock-sdk', 'https://docs.openedx.org/projects/xblock/en/latest/xblock-tutorial/index.html', 'https://discuss.openedx.org', 'https://github.com/openedx/XBlock/issues', 'https://backstage.openedx.org/catalog/default/component/xblock', 'https://img.shields.io/pypi/v/XBlock.svg', 'https://pypi.python.org/pypi/XBlock/', 'https://github.com/openedx/XBlock/workflows/Python%20CI/badge.svg?branch=master', 'https://github.com/openedx/XBlock/actions', 'https://codecov.io/github/openedx/XBlock/coverage.svg?branch=master', 'https://codecov.io/github/openedx/XBlock?branch=master', 'https://readthedocs.org/projects/XBlock/badge/?version=latest', 'https://docs.openedx.org/projects/xblock/en/latest/', 'https://img.shields.io/pypi/pyversions/XBlock.svg', 'https://img.shields.io/github/license/openedx/XBlock.svg', 'https://img.shields.io/badge/Status-Maintained-brightgreen']",True,True,True,True,.readthedocs.yaml,2,False,,,,False,False,,False,,[],,True,True,True,False
openedx/edx-celeryutils,,,,,,,3,1,0.72,1813542,True,2026-08-20,True,True,False,False,129,0,0,0,0,21,129,4,6,2,False,,True,False,True,False,True,True,True,True,True,True,False,True,False,True,True,True,True,False,2026-08-17 21:39:34,True,True,True,False,False,True,False,False,,openedx,4,"['http://edx-celeryutils.readthedocs.io/en/latest/?badge=latest: 404', 'http://edx-celeryutils.readthedocs.io/en/latest/: 404', 'https://open.edx.org/getting-help: 403']",True,"['https://img.shields.io/pypi/v/edx-celeryutils.svg', 'https://pypi.python.org/pypi/edx-celeryutils/', 'https://github.com/openedx/edx-celeryutils/workflows/Python%20CI/badge.svg?branch=master', 'https://github.com/openedx/edx-celeryutils/actions?query=workflow%3A%22Python+CI%22', 'http://codecov.io/github/edx/edx-celeryutils/coverage.svg?branch=master', 'http://codecov.io/github/edx/edx-celeryutils?branch=master', 'https://img.shields.io/pypi/pyversions/edx-celeryutils.svg', 'https://img.shields.io/github/license/edx/edx-celeryutils.svg', 'https://github.com/openedx/edx-celeryutils/blob/master/LICENSE.txt', 'https://openedx.atlassian.net/wiki/spaces/DOC/pages/21627535/Publish+Documentation+on+Read+the+Docs', 'https://github.com/openedx/.github/blob/master/CONTRIBUTING.md']",True,True,True,False,,,False,,,,True,True,,True,edx-celeryutils,"['3', '3.12']",https://github.com/openedx/edx-celeryutils,True,True,True,False
openedx/openedx-atlas,,,,,,,3,0,0.4286,451347,False,2026-08-20,True,True,False,False,0,0,0,0,0,0,0,0,0,0,False,,True,True,True,False,False,True,True,True,True,False,True,False,False,False,False,True,False,False,2026-08-03 14:50:42,True,False,False,False,False,True,False,False,@edx/openedx-atlas,openedx,0,['https://www.npmjs.com/package/@edx/openedx-atlas: 403'],True,"['https://pypi.org/project/openedx-atlas/', 'https://github.com/openedx/openedx-atlas/releases/latest/', 'https://github.com/openedx/openedx-atlas/blob/main/atlas', 'https://github.com/openedx/openedx-atlas/releases/latest/download/atlas', 'https://github.com/shellspec/shellspec', 'https://github.com/koalaman/shellcheck', 'https://github.com/ko1nksm/getoptions', 'https://semver.org/', 'https://github.com/semantic-release/semantic-release/', 'https://open-edx-proposals.readthedocs.io/en/latest/oep-0051-bp-conventional-commits.html', 'https://openedx.atlassian.net/wiki/spaces/COMM/pages/941457737/How+to+start+contributing+to+the+Open+edX+code+base', 'https://open.edx.org/getting-help']",True,True,False,False,,,True,,,0,False,False,,False,openedx-atlas,[],https://github.com/openedx/openedx-atlas,False,False,False,False
openedx/pr_watcher_configuration,,,,,,,0,0,,,False,2026-08-20,False,False,False,False,0,0,0,0,0,0,0,0,0,0,False,,False,True,False,False,False,False,True,True,False,False,False,False,False,False,False,False,False,False,2024-12-16 20:05:07,True,False,False,False,False,False,False,False,,openedx,0,[],False,['https://github.com/open-craft/pr_watcher_notifier'],True,True,True,False,,,False,,,,False,False,,False,,[],,False,False,False,False
openedx/frontend-component-header,,,,,,,1,7,0.6667,6,False,2026-08-20,False,False,False,False,29,0,0,10,19,0,0,0,0,0,False,,False,False,True,False,False,True,True,True,False,False,True,False,False,False,False,False,False,False,2026-08-10 01:50:13,True,False,False,False,False,False,False,False,@edx/frontend-component-header,openedx,0,"['https://github.com/openedx/frontend-template-application/blob/master/src/index.jsx: 404', 'https://edx.github.io/frontend-platform/module-Internationalization.html: 404', 'https://openedx.slack.com/: 403', 'https://openedx.slack.com/archives/C04BM6YC7A6: 429', 'https://api.travis-ci.com/edx/frontend-component-header.svg?branch=master: 404', 'https://travis-ci.com/edx/frontend-component-header: 404']",False,"['https://github.com/openedx/devstack', 'https://github.com/overhangio/tutor', 'https://github.com/overhangio/tutor-mfe', 'https://github.com/openedx/frontend-component-header.git', 'https://github.com/nvm-sh/nvm', 'https://github.com/openedx/frontend-plugin-framework', 'https://github.com/openedx/frontend-template-application/blob/3355bb3a96232390e9056f35b06ffa8f105ed7ca/src/index.jsx', 'https://github.com/openedx/frontend-template-application/blob/3cd5485bf387b8c479baf6b02bf59e3061dc3465/src/index.scss', 'https://openedx.org/r/how-to-contribute', 'https://discuss.openedx.org', 'https://github.com/openedx/frontend-component-header/issues', 'https://openedx.org/slack', 'https://openedx.org/community/connect', 'https://openedx.org/code-of-conduct/', 'https://img.shields.io/codecov/c/github/edx/frontend-component-header', 'https://img.shields.io/npm/v/@edx/frontend-component-header.svg', 'https://img.shields.io/npm/dt/@edx/frontend-component-header.svg', 'https://img.shields.io/npm/l/@edx/frontend-component-header.svg', 'https://img.shields.io/badge/%20%20%F0%9F%93%A6%F0%9F%9A%80-semantic--release-e10079.svg', 'https://github.com/semantic-release/semantic-release']",True,True,True,False,,,True,2026-04-06,2024-01-01,6,False,False,,False,,[],,False,False,False,False
openedx/frontend-component-cookie-policy-banner,,,,,,,0,1,,,False,2026-08-20,False,False,False,False,55,0,0,8,47,0,0,0,0,0,False,,False,False,True,False,False,False,True,True,False,True,True,False,False,False,False,False,False,False,2026-05-20 13:21:13,True,False,False,False,False,False,False,False,@edx/frontend-component-cookie-policy-banner,openedx,0,"['https://www.npmjs.com/package/@edx/frontend-component-cookie-policy-banner: 403', 'https://github.com/openedx/frontend-component-cookie-policy-banner.svg/blob/master/LICENSE: 404', 'https://imgur.com/mZct2v5.png: 429', 'https://open.edx.org/code-of-conduct/: 403']",False,"['https://badges.greenkeeper.io/edx/frontend-component-cookie-policy-banner.svg', 'https://greenkeeper.io/', 'https://img.shields.io/npm/v/@edx/frontend-component-cookie-policy-banner.svg', 'https://img.shields.io/npm/dt/@edx/frontend-component-cookie-policy-banner.svg', 'https://img.shields.io/npm/l/@edx/frontend-component-cookie-policy-banner.svg', 'https://github.com/semantic-release/semantic-release', 'https://github.com/openedx/frontend-component-cookie-policy-banner', 'https://github.com/storybooks/storybook']",True,True,True,False,,,True,2021-12-07,,0,False,False,,False,,[],,False,False,False,False
openedx/tutor-contrib-aspects-sample,,,,,,,2,0,0.0,,False,2026-08-20,False,False,False,False,0,0,0,0,0,0,0,0,0,0,False,,False,False,True,False,False,True,True,False,False,False,False,False,True,False,False,False,False,False,2026-08-03 14:34:02,True,False,False,False,False,True,False,False,,openedx,0,[],False,"['https://docs.tutor.edly.io', 'https://github.com/saraburns1/tutor-contrib-aspects-sample', 'https://superset.apache.org/docs', 'https://www.getdbt.com/docs/', 'https://clickhouse.com/docs', 'https://docs.tutor.overhang.io', 'https://event-routing-backends.readthedocs.io/en/latest/']",True,True,False,False,,,False,,,,False,False,,False,,[],,False,False,False,False
openedx/credentials,,,,,,,4,5,0.7857,1792217,True,2026-08-20,True,True,False,False,236,0,0,14,21,134,201,27,35,20,False,,True,False,True,True,False,True,True,True,True,False,True,True,True,True,False,False,True,False,2026-08-19 13:59:35,True,False,True,True,False,False,False,False,,openedx,4,['http://openedx.slack.com/: 403'],False,"['https://github.com/openedx/credentials/actions/workflows/ci.yml/badge.svg', 'https://github.com/openedx/credentials/actions?query=workflow%3ACI', 'https://codecov.io/github/openedx/credentials/coverage.svg?branch=master', 'https://codecov.io/github/openedx/credentials?branch=master', 'https://img.shields.io/badge/Status-Maintained-brightgreen', 'https://img.shields.io/github/license/openedx/credentials.svg', 'https://github.com/openedx/credentials/blob/master/LICENSE', 'https://github.com/openedx/openedx-platform/tree/master', 'https://docs.tutor.edly.io/', 'https://github.com/overhangio/tutor-credentials', 'https://github.com/openedx/frontend-app-learner-record', 'https://edx-credentials.readthedocs.io/en/latest/', 'https://github.com/openedx/credentials/tree/master/docs', 'https://github.com/openedx/.github/blob/master/CONTRIBUTING.md', 'https://discuss.openedx.org']",True,True,True,True,.readthedocs.yaml,2,True,2026-04-09,2025-08-21,4,True,True,,False,,[],,True,False,True,False
openedx/django-pyfs,,,,,,,3,1,0.9412,930967,True,2026-08-20,True,True,False,False,92,0,0,0,0,32,92,3,3,1,False,,True,False,True,False,True,True,True,True,True,False,False,True,False,True,True,True,True,False,2026-08-10 20:07:52,True,True,True,False,False,True,False,False,,openedx,5,['https://github.com/openedx/django-pyfs/blob/master/LICENSE.txt: 404'],False,"['https://img.shields.io/pypi/v/openedx-django-pyfs.svg', 'https://pypi.python.org/pypi/openedx-django-pyfs/', 'https://github.com/openedx/django-pyfs/workflows/Python%20CI/badge.svg?branch=master', 'https://github.com/openedx/django-pyfs/actions?query=workflow%3A%22Python+CI%22', 'http://codecov.io/github/openedx/django-pyfs/coverage.svg?branch=master', 'http://codecov.io/github/openedx/django-pyfs?branch=master', 'https://img.shields.io/pypi/pyversions/openedx-django-pyfs.svg', 'https://pypi.python.org/pypi/openedx-django-pyfs', 'https://img.shields.io/github/license/openedx/django-pyfs.svg']",True,True,False,False,,,False,,,,True,True,,True,openedx-django-pyfs,"['3', '3.12']",https://github.com/openedx/django-pyfs,True,True,True,False
openedx/public-engineering,,,,,,,0,0,,,False,2026-08-20,True,True,False,False,0,0,0,0,0,0,0,0,0,0,False,,False,False,False,False,False,False,True,True,True,False,False,False,False,False,False,False,False,False,2025-03-05 16:20:54,True,False,False,False,False,False,False,False,,openedx,0,[],False,[],True,True,False,False,,,False,,,,False,False,,False,,[],,False,False,False,False
openedx/edx-toggles,,,,,,,3,1,0.9333,1418079,True,2026-08-20,True,True,False,False,112,0,0,0,0,18,112,6,7,4,True,,True,False,True,True,True,True,True,True,True,True,False,True,False,True,True,True,True,True,2026-08-10 20:08:32,True,True,True,False,False,True,False,True,,openedx,3,['https://open.edx.org/getting-help: 403'],True,"['https://docs.openedx.org/projects/edx-toggles/en/latest/readme.html', 'https://github.com/openedx/edx-toggles', 'https://github.com/openedx/edx-toggles/blob/master/scripts/README.rst', 'https://github.com/openedx/.github/blob/master/CONTRIBUTING.md', 'https://github.com/openedx/edx-toggles/blob/master/.github/PULL_REQUEST_TEMPLATE.md', 'https://github.com/openedx/edx-toggles/blob/master/.github/ISSUE_TEMPLATE.md', 'https://img.shields.io/pypi/v/edx-toggles.svg', 'https://pypi.python.org/pypi/edx-toggles/', 'https://github.com/openedx/edx-toggles/workflows/Python%20CI/badge.svg?branch=master', 'https://github.com/openedx/edx-toggles/actions?query=workflow%3A%22Python+CI%22', 'http://codecov.io/github/edx/edx-toggles/coverage.svg?branch=master', 'http://codecov.io/github/edx/edx-toggles?branch=master', 'https://readthedocs.org/projects/edx-toggles/badge/?version=latest', 'http://edx-toggles.readthedocs.io/en/latest/', 'https://img.shields.io/pypi/pyversions/edx-toggles.svg', 'https://img.shields.io/github/license/edx/edx-toggles.svg', 'https://github.com/openedx/edx-toggles/blob/master/LICENSE.txt']",True,True,True,True,.readthedocs.yaml,2,False,,,,True,True,,True,edx-toggles,"['3', '3.12']",https://github.com/openedx/edx-toggles,True,True,True,False
openedx/completion,,,,,,,3,1,0.6667,1484163,True,2026-08-20,True,True,False,False,149,0,0,0,0,65,149,13,16,9,True,,True,False,True,False,True,True,True,True,True,True,False,True,False,True,True,True,True,True,2026-08-17 21:34:14,True,False,True,False,False,True,False,False,,openedx,3,"['http://your.lms.site/admin/waffle/switch/: HTTPConnectionPool(host=\'your.lms.site\', port=80): Max retries exceeded with url: /admin/waffle/switch/ (Caused by NameResolutionError(""HTTPConnection(host=\'your.lms.site\', port=80): Failed to resolve \'your.lms.site\' ([Errno -2] Name or service not known)""))', 'https://docs.openedx.org/projects/completion: 404', 'https://openedx.org/r/how-to-contribute: 403', 'https://openedx.org/code-of-conduct/: 403', 'https://github.com/openedx/completion/blob/master/LICENSE.txt: 404']",False,"['https://docs.openedx.org/en/latest/educators/references/course_development/exercise_tools/completion.html', 'https://docs.openedx.org/en/latest/developers/how-tos/get-ready-for-python-dev.html', 'https://backstage.openedx.org/catalog/default/component/completion', 'https://img.shields.io/pypi/v/edx-completion.svg', 'https://pypi.python.org/pypi/edx-completion/', 'https://github.com/openedx/completion/actions/workflows/ci.yml/badge.svg?branch=master', 'https://github.com/openedx/completion/actions/workflows/ci.yml?branch=master', 'http://codecov.io/github/edx/completion/coverage.svg?branch=master', 'http://codecov.io/github/edx/completion?branch=master', 'https://readthedocs.org/projects/completion/badge/?version=latest', 'https://img.shields.io/pypi/pyversions/edx-completion.svg', 'https://img.shields.io/github/license/edx/completion.svg', 'https://img.shields.io/badge/Status-Experimental-yellow', 'https://img.shields.io/badge/Status-Maintained-brightgreen', 'https://img.shields.io/badge/Status-Deprecated-orange', 'https://img.shields.io/badge/Status-Unsupported-red']",True,True,True,False,,,False,,,,True,True,,True,edx-completion,"['3', '3.12']",https://github.com/openedx/completion,True,True,True,False
openedx/olxcleaner,,,,,,,1,0,,,True,2026-08-20,False,False,False,False,101,0,0,0,0,5,101,2,2,1,False,,True,False,True,False,False,True,True,True,False,False,False,False,False,True,True,True,False,False,2026-05-30 15:27:43,True,False,True,False,False,True,False,False,,openedx,0,[],False,"['https://github.com/openedx/olxcleaner/actions/workflows/ci.yml/badge.svg', 'https://github.com/openedx/olxcleaner/actions/workflows/ci.yaml', 'https://codecov.io/gh/jolyonb/olxcleaner/branch/master/graphs/badge.svg', 'https://codecov.io/gh/jolyonb/olxcleaner', 'https://github.com/openedx/olxcleaner']",True,True,False,False,,,False,,,,False,True,,True,olxcleaner,"['3.11', '3.12']",https://github.com/openedx/olxcleaner,False,False,False,False
openedx/paragon,,,,,,,5,35,0.97,3,False,2026-08-20,True,True,False,False,93,0,0,43,50,0,0,0,0,0,False,,False,False,True,False,False,True,True,True,True,True,True,False,False,False,False,False,False,False,2026-08-19 14:30:31,True,False,False,False,False,True,False,False,,openedx,0,"['https://www.npmjs.com/package/@openedx/paragon: 403', 'https://openedx.org/slack: 403', 'https://openedx.slack.com/archives/C02NR285KV4: 403', 'https://cdn.jsdelivr.net/npm/@my-brand/core.min.css: 404', 'https://cdn.jsdelivr.net/npm/@my-brand/light.min.css: 404', 'https://openedx.org/r/how-to-contribute: 403', 'https://openedx.org/code-of-conduct/: 403', 'https://github.com/openedx/eslint-config-edx/tree/master/packages/eslint-config-edx: 404', 'https://www.npmjs.com/package/eslint-config-airbnb: 403', 'https://facebook.github.io/jest/: 404', 'https://facebook.github.io/jest/docs/en/api.html: 404', 'https://facebook.github.io/jest/docs/en/getting-started.html: 404', 'http://facebook.github.io/jest/docs/en/snapshot-testing.html: 404']",False,"['https://github.com/openedx/paragon/actions/workflows/release.yml/badge.svg', 'https://github.com/openedx/paragon/actions/workflows/release.yml', 'https://img.shields.io/npm/v/@openedx/paragon.svg', 'https://img.shields.io/badge/status-Maintained-brightgreen', 'https://img.shields.io/github/license/openedx/paragon.svg', 'https://codecov.io/gh/edx/paragon/branch/master/graph/badge.svg?token=x1tZmNduy9', 'https://codecov.io/gh/edx/paragon', 'https://img.shields.io/npm/dw/@openedx/paragon', 'https://www.w3.org/WAI/standards-guidelines/aria/', 'https://openedx.org/', 'https://paragon-openedx.netlify.app/', 'https://github.com/openedx/paragon/issues/new?template=blank-issue.md', 'https://calendar.google.com/calendar/embed?src=c_v86shrnegshsqgp4fj2k94u7bc%40group.calendar.google.com&ctz=America%2FNew_York', 'https://github.com/openedx/brand-openedx', 'https://formatjs.io/docs/react-intl/', 'https://github.com/openedx/paragon/tree/release-22.x', 'https://paragon-openedx-v22.netlify.app/', 'https://github.com/openedx/paragon/tree/release-23.x', 'https://paragon-openedx-v23.netlify.app/', 'https://github.com/openedx/paragon/tree/next', 'https://github.com/openedx/paragon/issues', 'https://github.com/orgs/openedx/projects/43/views/15', 'https://github.com/openedx/frontend-build', 'http://eslint.org/docs/user-guide/integrations', 'http://eslint.org/docs/rules/comma-dangle', 'https://github.com/evcohen/eslint-plugin-jsx-a11y', 'https://github.com/evcohen/eslint-plugin-jsx-a11y/blob/master/docs/rules/no-noninteractive-element-interactions.md', 'https://github.com/airbnb/enzyme', 'http://airbnb.io/enzyme/', 'http://airbnb.io/enzyme/docs/api/index.html', 'https://github.com/openedx/paragon/blob/master/src/Dropdown/deprecated/Dropdown.test.jsx', 'https://github.com/openedx/paragon/blob/master/src/CheckBox/CheckBox.test.jsx', 'https://github.com/semantic-release/semantic-release', 'https://github.com/conventional-changelog/conventional-changelog/tree/master/packages/conventional-changelog-angular', 'https://github.com/conventional-changelog/commitlint/blob/master/%40commitlint/config-angular-type-enum/index.js', 'https://github.com/openedx/frontend-app-payment/pull/48', 'https://backstage.openedx.org/catalog/default/component/paragon', 'https://github.com/amzn/style-dictionary', 'https://github.com/openedx/frontend-platform/pull/440']",True,True,True,False,,,True,2026-04-22,2025-10-10,7,False,False,,False,,[],,False,False,False,False
openedx/openedx-backstage,,,,,,,1,0,1.0,,False,2026-08-20,True,True,False,False,11,0,0,0,11,0,0,0,0,0,False,,False,False,True,False,False,False,True,True,True,False,True,False,False,False,False,False,False,False,2026-08-14 18:51:58,True,False,False,False,False,False,False,False,,openedx,0,[],False,"['https://backstage.io', 'https://github.com/nvm-sh/nvm']",True,True,False,False,,,True,,,0,False,False,,False,,[],,False,False,False,False
openedx/tutor-contrib-platform-notifications,,,,,,,1,2,0.0,7,False,2026-08-20,False,False,False,False,0,0,0,0,0,0,0,0,0,0,False,,False,False,True,False,False,True,True,True,False,False,False,False,True,False,False,False,False,False,2026-05-31 19:03:12,True,False,False,False,False,True,False,False,,openedx,0,[],False,"['https://docs.tutor.edly.io', 'https://docs.openedx.org/en/latest/learners/sfd_notifications/index.html', 'https://github.com/openedx/tutor-contrib-notifications']",True,True,False,False,,,False,,,,False,False,,False,,[],,False,False,False,False
openedx/django-config-models,,,,,,,3,1,0.8824,1500174,True,2026-08-20,True,True,False,False,107,0,0,0,0,13,107,8,9,5,True,,True,False,True,False,True,True,True,True,True,True,False,True,False,True,True,True,True,False,2026-08-17 13:28:53,True,False,True,False,False,True,False,False,,openedx,1,"['https://openedx.org/slack: 403', 'https://openedx.slack.com/: 403', 'https://openedx.org/getting-help: 403', 'https://openedx.org/code-of-conduct/: 403']",True,"['https://github.com/openedx/django-config-models/workflows/Python%20CI/badge.svg?branch=master', 'https://github.com/openedx/django-config-models/actions?query=workflow%3A%22Python+CI%22', 'http://codecov.io/github/openedx/django-config-models/coverage.svg?branch=master', 'http://codecov.io/github/openedx/django-config-models?branch=master', 'https://img.shields.io/pypi/v/django-config-models.svg', 'https://pypi.python.org/pypi/django-config-models/', 'https://readthedocs.org/projects/django-config-models/badge/?version=latest', 'http://django-config-models.readthedocs.io/en/latest/', 'https://img.shields.io/pypi/pyversions/django-config-models.svg', 'https://img.shields.io/github/license/edx/django-config-models.svg', 'https://github.com/openedx/django-config-models/blob/master/LICENSE.txt', 'https://img.shields.io/badge/Status-Maintained-brightgreen', 'https://django-config-models.readthedocs.org', 'https://discuss.openedx.org', 'https://github.com/openedx/django-config-models', 'https://github.com/openedx/.github/blob/master/CONTRIBUTING.md', 'https://backstage.openedx.org/catalog/default/component/django-config-models']",True,True,True,True,.readthedocs.yaml,2,False,,,,True,True,,True,django-config-models,"['3', '3.12']",https://github.com/openedx/django-config-models,True,True,True,False
openedx/frontend-app-discussions,,,,,,,3,5,0.8,248,False,2026-08-20,True,True,False,False,41,0,0,29,12,0,0,0,0,0,False,,False,False,True,False,False,True,True,True,True,False,True,False,False,False,False,False,False,False,2026-08-18 19:52:24,True,False,False,False,False,True,False,False,@edx/frontend-app-discussions,openedx,0,"['https://edx.github.io/frontend-platform/module-Internationalization.html: 404', 'https://github.com/openedx/frontend-i18n/blob/master/docs/how_tos/i18n.rst: 404']",True,"['https://codecov.io/gh/openedx/frontend-app-discussions/branch/master/graph/badge.svg?token=3z7XvuzTq3', 'https://codecov.io/gh/openedx/frontend-app-discussions', 'https://img.shields.io/badge/license-AGPL-informational', 'https://github.com/openedx/frontend-app-discussions/blob/master/LICENSE', 'https://github.com/openedx/devstack', 'https://github.com/overhangio/tutor', 'https://github.com/overhangio/tutor-mfe', 'https://github.com/openedx/frontend-app-discussions.git', 'https://github.com/openedx/frontend-plugin-framework', 'https://discuss.openedx.org', 'https://github.com/openedx/frontend-app-discussions/issues', 'https://openedx.org/getting-help', 'https://docs.openedx.org/en/latest/developers/references/developer_guide/process/index.html', 'https://github.com/openedx/frontend-app-discussions/blob/master/.github/pull_request_template.md', 'https://openedx.org/code-of-conduct/', 'https://github.com/openedx/frontend-app-discussions/blob/master/docs/decisions/0002-feature-based-application-organization.rst']",True,True,True,False,,,True,2026-03-30,2024-01-08,6,False,False,,False,,[],,False,False,False,False
openedx/openedx-wordpress-ecommerce,,,,,,,2,7,0.8889,459016,True,2026-08-20,True,True,False,False,46,0,0,0,0,0,46,0,0,0,False,,False,False,True,False,False,True,True,True,True,False,False,False,False,True,False,False,False,False,2026-08-17 21:53:24,True,False,False,False,False,False,False,False,,openedx,0,['https://wordpress.org/plugins/woocommerce: 429'],False,"['https://github.com/openedx/edx-platform', 'https://docs.openedx.org/projects/wordpress-ecommerce-plugin/en/latest/decisions/0002-api-connection.html', 'https://openedx.org/terms-of-use/', 'https://github.com/openedx/openedx-wordpress-ecommerce/releases', 'https://docs.openedx.org/projects/wordpress-ecommerce-plugin/en/latest/plugin_quickstart.html', 'https://github.com/openedx/openedx-wordpress-ecommerce/issues', 'https://docs.openedx.org/projects/wordpress-ecommerce-plugin/en/latest/index.html', 'https://openedx.atlassian.net/wiki/spaces/COMM/pages/941457737/How+to+Start+Contributing+Code']",True,True,False,True,.readthedocs.yaml,2,False,,,,False,False,,False,,[],,False,False,False,False
openedx/FeedbackXBlock,,,,,,,0,2,,,True,2026-08-20,True,True,False,False,129,0,0,0,0,31,129,6,7,4,False,,True,False,True,False,False,True,True,True,True,False,False,True,False,True,False,True,True,False,2026-04-14 15:08:30,True,True,True,False,False,True,False,False,,openedx,0,"['https://www.gnu.org/licenses/agpl-3.0: HTTPSConnectionPool(host=\'www.gnu.org\', port=443): Max retries exceeded with url: /licenses/agpl-3.0 (Caused by NewConnectionError(""HTTPSConnection(host=\'www.gnu.org\', port=443): Failed to establish a new connection: [Errno 101] Network is unreachable""))', 'https://openedx.slack.com/: 403', 'https://open-edx-backstage.herokuapp.com/catalog/default/component/FeedbackXBlock: 404']",True,"['https://img.shields.io/badge/status-deprecated-red', 'https://github.com/openedx/xblocks-extra', 'https://img.shields.io/badge/License-AGPL_v3-blue.svg', 'https://github.com/openedx/FeedbackXBlock/actions/workflows/ci.yml/badge.svg', 'https://github.com/openedx/FeedbackXBlock/actions/workflows/ci.yml', 'https://github.com/openedx/FeedbackXBlock/actions/workflows/pypi-release.yml/badge.svg', 'https://github.com/openedx/FeedbackXBlock/actions/workflows/pypi-release.yml', 'https://img.shields.io/badge/status-maintained-31c653', 'https://openedx.org/r/xblock', 'https://docs.tutor.edly.io/tutorials/plugin.html', 'https://docs.tutor.edly.io/configuration.html', 'https://discuss.openedx.org', 'https://github.com/openedx/FeedbackXBlock/issues', 'https://openedx.org/slack', 'https://openedx.org/getting-help', 'https://openedx.org/r/how-to-contribute', 'https://openedx.org/code-of-conduct/']",True,True,True,False,,,False,,,,True,True,,False,feedback-xblock,[],,True,True,True,False
openedx/crowdsourcehinter,,,,,,,3,2,0.8235,897741,True,2026-08-20,True,True,False,False,35,0,0,0,0,17,35,2,2,2,False,,False,False,True,False,False,True,True,True,True,True,False,False,False,True,False,True,False,False,2026-08-17 00:17:21,True,False,True,False,True,True,False,True,,openedx,2,[],False,['https://github.com/openedx/edx-platform/wiki/Installing-a-new-XBlock'],True,True,False,False,,,False,,,,False,True,,True,crowdsourcehinter-xblock,"['3', '3.12']",https://github.com/openedx/crowdsourcehinter,False,False,False,False
openedx/auth-backends,,,,,,,2,3,0.619,1606393,True,2026-08-25,True,True,False,False,76,0,0,0,0,33,76,8,9,6,False,,False,False,True,False,True,True,True,True,True,True,False,True,False,True,True,True,True,False,2026-08-17 21:36:36,True,True,True,False,False,True,False,False,,openedx,4,"['http://edx.devstack.lms: HTTPConnectionPool(host=\'edx.devstack.lms\', port=80): Max retries exceeded with url: / (Caused by NameResolutionError(""HTTPConnection(host=\'edx.devstack.lms\', port=80): Failed to resolve \'edx.devstack.lms\' ([Errno -2] Name or service not known)""))']",False,"['https://github.com/openedx/auth-backends/workflows/Python%20CI/badge.svg?branch=master', 'https://github.com/openedx/auth-backends/actions?query=workflow%3A%22Python+CI%22', 'http://codecov.io/github/edx/auth-backends/coverage.svg?branch=master', 'http://codecov.io/github/edx/auth-backends?branch=master', 'https://courses.stage.edx.org', 'http://python-social-auth.readthedocs.io/en/latest/strategies.html', 'https://github.com/openedx/auth-backends/releases', 'https://github.com/openedx/.github/blob/master/CONTRIBUTING.md', 'https://groups.google.com/forum/']",True,False,True,False,,,False,,,,True,True,,True,edx-auth-backends,"['3', '3.12']",https://github.com/openedx/auth-backends,True,True,True,True
openedx/openedx-webhooks,,,,,,,6,0,1.0,87,True,2026-08-25,True,True,False,False,0,0,0,0,0,0,0,0,0,0,True,,False,True,True,False,False,True,True,True,True,True,False,True,True,False,False,False,True,False,2026-08-24 14:42:54,True,False,False,False,False,True,False,False,,openedx,0,"['https://openedx-webhooks.herokuapp.com: 401', 'https://git.heroku.com/openedx-webhooks-staging.git: 405', 'https://github.com/organizations/: 404', 'https://openedx-webhooks.herokuapp.com/github/hook-receiver: 405', 'https://openedx.org/cla: 403']",False,"['https://dashboard.heroku.com/apps/openedx-webhooks-staging/resources', 'https://github.com/openedx/repo-tools-data-schema', 'https://github.com/', 'https://github.com/openedx/openedx-webhooks/issues/277', 'https://github.com/openedx/openedx-webhooks/issues/279', 'https://github.com/openedx/openedx-webhooks/issues/280', 'https://github.com/openedx/openedx-webhooks/issues/227', 'https://github.com/openedx/repo-tools/tree/master/edx_repo_tools/repo_checks', 'http://openedx.org', 'http://heroku.com', 'https://devcenter.heroku.com/articles/heroku-command-line', 'https://devcenter.heroku.com/articles/pipelines', 'https://github.com/openedx/openedx-webhooks/workflows/Python%20CI/badge.svg?branch=master', 'https://github.com/openedx/openedx-webhooks/actions?query=workflow%3A%22Python+CI%22', 'http://codecov.io/github/edx/openedx-webhooks/coverage.svg?branch=master', 'http://codecov.io/github/edx/openedx-webhooks?branch=master', 'https://readthedocs.org/projects/openedx-webhooks/badge/?version=latest', 'http://openedx-webhooks.readthedocs.org/en/latest/']",True,True,False,True,.readthedocs.yaml,2,False,,,,False,False,,False,,[],,True,True,True,False
openedx/xblock-lti-consumer,,,,,,,4,12,0.7308,358,True,2026-08-25,True,True,False,False,128,0,0,0,0,45,128,12,15,10,False,,True,True,True,False,True,True,True,True,True,True,False,True,False,True,True,True,True,False,2026-08-17 21:32:37,True,False,True,False,False,True,False,False,,openedx,6,['https://openedx.slack.com/: 403'],True,"['https://docs.tutor.edly.io/configuration.html', 'https://github.com/openedx/xblock-lti-consumer/blob/v9.14.2/README.rst', 'http://lti.tools/saltire/', 'https://docs.openedx.org/en/latest/educators/how-tos/course_development/exercise_tools/set_up_lti_1_1_component.html', 'https://saltire.lti.app/tool', 'https://saltire.lti.app/tool?norefresh', 'https://lti-ri.imsglobal.org/lti/tools/', 'https://lti-ri.imsglobal.org/lti/tools', 'https://lti-ri.imsglobal.org/keygen/index', 'https://docs.openedx.org/en/latest/educators/how-tos/course_development/exercise_tools/set_up_lti_1_3_component.html', 'http://www.imsglobal.org/spec/lti-bo/v1p1/', 'https://github.com/openedx/xblock-lti-consumer/tree/master/docs/basic_outcomes_service.rst', 'https://www.imsglobal.org/lti/model/uml/purl.imsglobal.org/vocab/lis/v2/outcomes/Result/service.html', 'https://github.com/openedx/xblock-lti-consumer/tree/master/docs/result_service.rst', 'https://github.com/open-craft/openedx-ltistore', 'https://discuss.openedx.org', 'https://github.com/openedx/xblock-lti-consumer/issues', 'https://openedx.org/slack', 'https://openedx.org/getting-help', 'https://openedx.org/r/how-to-contribute', 'https://openedx.org/code-of-conduct/', 'https://backstage.openedx.org/catalog/default/component/xblock-lti-consumer', 'https://github.com/openedx/xblock-lti-consumer/workflows/Python%20CI/badge.svg?branch=master', 'https://github.com/openedx/xblock-lti-consumer/actions?query=workflow%3A%22Python+CI%22', 'https://codecov.io/github/openedx/xblock-lti-consumer/coverage.svg?branch=master', 'https://codecov.io/github/openedx/xblock-lti-consumer?branch=master', 'https://img.shields.io/badge/Status-Maintained-brightgreen', 'https://img.shields.io/github/license/openedx/xblock-lti-consumer.svg', 'https://github.com/openedx/edx-rest-api-client/blob/master/LICENSE', 'https://img.shields.io/pypi/v/lti-consumer-xblock.svg', 'https://pypi.python.org/pypi/lti-consumer-xblock/']",True,True,True,False,,,False,,,,True,False,,True,lti-consumer-xblock,"['3', '3.12']",https://github.com/openedx/xblock-lti-consumer,True,True,True,False
openedx/django-user-tasks,,,,,,,2,3,0.9286,101,True,2026-08-25,True,True,False,False,144,0,0,0,0,26,144,6,10,2,True,,True,False,True,False,True,True,True,True,True,True,False,True,False,True,True,True,True,True,2026-08-10 20:08:55,True,True,True,False,False,True,False,False,,openedx,1,['https://open-edx-proposals.readthedocs.io/en/latest/oeps/oep-0003.html: 404'],True,"['https://img.shields.io/pypi/v/django-user-tasks.svg', 'https://pypi.python.org/pypi/django-user-tasks/', 'https://github.com/openedx/django-user-tasks/workflows/Python%20CI/badge.svg?branch=master', 'https://github.com/openedx/django-user-tasks/actions?query=workflow%3A%22Python+CI%22', 'http://codecov.io/github/edx/django-user-tasks/coverage.svg?branch=master', 'http://codecov.io/github/edx/django-user-tasks?branch=master', 'https://readthedocs.org/projects/django-user-tasks/badge/?version=latest', 'http://django-user-tasks.readthedocs.io/en/latest/', 'https://img.shields.io/pypi/pyversions/django-user-tasks.svg', 'https://img.shields.io/github/license/edx/django-user-tasks.svg', 'https://github.com/openedx/django-user-tasks/blob/master/LICENSE.txt', 'http://www.celeryproject.org/', 'https://channels.readthedocs.io/en/latest/', 'http://docs.celeryproject.org/en/latest/userguide/signals.html', 'https://django-user-tasks.readthedocs.org', 'https://github.com/openedx/.github/blob/master/CONTRIBUTING.md', 'https://open.edx.org/getting-help']",True,True,True,True,.readthedocs.yaml,2,False,,,,True,True,,True,django-user-tasks,"['3', '3.12']",https://github.com/openedx/django-user-tasks,True,True,True,False
openedx/django-wiki,,,,,,,2,1,1.0,1336,True,2026-08-25,True,True,False,False,62,0,0,0,0,12,62,4,6,2,False,,False,False,True,False,False,True,True,True,True,True,False,True,False,True,False,True,True,False,2026-06-11 14:51:33,True,False,False,False,False,False,False,False,,openedx,1,"['https://github.com/benjaoming/django-wiki/blob/master/TODO.md: 404', 'http://svn.wikimedia.org/viewvc/mediawiki/trunk/extensions/: 403', 'https://upload.wikimedia.org/wikipedia/commons/8/88/MediaWiki_database_schema_1-19_%28r102798%29.png: 403', 'http://south.aeracode.org/: 502', 'http://www.edxonline.org/: HTTPConnectionPool(host=\'www.edxonline.org\', port=80): Max retries exceeded with url: / (Caused by NameResolutionError(""HTTPConnection(host=\'www.edxonline.org\', port=80): Failed to resolve \'www.edxonline.org\' ([Errno -2] Name or service not known)""))']",False,"['http://wiki.overtag.dk', 'http://code.google.com/p/django-simple-wiki/', 'http://www.djangoproject.com', 'https://github.com/waylan/Python-Markdown', 'https://github.com/django-mptt/django-mptt', 'https://github.com/ojii/django-sekizai/', 'https://github.com/sorl/sorl-thumbnail', 'https://github.com/divio/django-cms']",True,True,False,False,,,False,,,,True,True,,True,openedx-django-wiki,['3.12'],https://github.com/openedx/django-wiki,True,False,True,False
openedx/enterprise-catalog,,,,,,,5,5,0.8333,757671,True,2026-08-25,True,True,False,False,204,0,0,0,0,119,204,22,30,18,False,,True,True,True,True,False,True,True,True,True,False,False,True,False,True,True,False,True,True,2026-08-17 12:46:07,True,True,True,False,False,True,False,False,,openedx,9,"['https://travis-ci.com/edx/enterprise-catalog: 404', 'https://openedx.slack.com/messages/general/: 403']",False,"['https://travis-ci.com/edx/enterprise-catalog.svg?branch=master', 'http://codecov.io/github/edx/enterprise-catalog/coverage.svg?branch=master', 'http://codecov.io/github/edx/enterprise-catalog?branch=master', 'https://github.com/openedx/enterprise-catalog/blob/master/LICENSE', 'https://github.com/openedx/.github/blob/master/CONTRIBUTING.md', 'https://groups.google.com/forum/']",True,False,True,False,,,False,,,,True,True,,False,,[],,True,False,True,False
openedx/edx-val,,,,,,,5,6,0.8333,163,True,2026-08-25,True,True,False,False,112,0,0,0,0,107,112,11,14,7,False,,True,False,True,False,False,True,True,True,True,True,False,True,False,True,True,True,True,False,2026-08-14 03:09:26,True,True,True,False,False,True,False,False,,openedx,3,"['http://www.example.com/example_mobile_video.mp4: 404', 'http://www.example.com/example_desktop_video.mp4: 404']",False,[],True,True,False,False,,,False,,,,True,True,,True,edxval,"['3', '3.12']",http://github.com/openedx/edx-val,True,True,True,False
openedx/docs.openedx.org,,,,,,,8,0,0.9302,21625,True,2026-08-25,True,True,False,False,59,0,0,0,0,53,59,0,0,0,False,,False,False,True,False,False,True,True,False,True,False,False,False,False,True,False,False,False,False,2026-08-17 19:52:01,True,True,False,False,False,False,False,False,,openedx,0,['https://en.wikipedia.org/wiki/ReStructuredText: 403'],False,"['https://docs.openedx.org/en/latest/documentors/how-tos/report_problem_with_docs.html', 'https://docs.openedx.org/en/latest/documentors/quickstarts/first_documentation_pr.html', 'https://docs.openedx.org/en/latest/documentors/quickstarts/update_doc_via_github.html', 'https://docs.openedx.org/en/latest/documentors/quickstarts/quick_start_add_doc.html', 'https://docs.openedx.org/en/latest/documentors/index.html', 'https://github.com/openedx/.github/blob/master/AI_POLICY.md', 'https://docs.openedx.org/', 'https://github.com/openedx/docs.openedx.org', 'https://www.sphinx-doc.org/', 'https://docs.github.com/en/get-started/using-github/github-flow', 'https://docs.openedx.org/en/latest/documentors/how-tos/develop_docs_locally.html']",True,True,False,True,.readthedocs.yaml,2,False,,,,False,False,,False,,[],,False,False,False,False
openedx/xapi-db-load,,,,,,,7,3,1.0,19897,True,2026-08-25,True,True,False,False,0,0,0,0,0,0,0,0,0,0,False,,False,True,True,False,True,True,True,True,True,True,False,True,True,False,False,False,True,False,2026-08-24 09:45:05,True,False,True,False,False,True,False,False,,openedx,0,"['http://ralph.tutor-nightly-local.orb.local/xAPI/statements: HTTPConnectionPool(host=\'ralph.tutor-nightly-local.orb.local\', port=80): Max retries exceeded with url: /xAPI/statements (Caused by NameResolutionError(""HTTPConnection(host=\'ralph.tutor-nightly-local.orb.local\', port=80): Failed to resolve \'ralph.tutor-nightly-local.orb.local\' ([Errno -3] Temporary failure in name resolution)""))', 'https://openedx-aspects-loadtest.s3.amazonaws.com/logs/large_test/: 403', 'https://docs.openedx.org/projects/xapi-db-load: 404', 'https://openedx.slack.com/: 403', 'https://open-edx-backstage.herokuapp.com/catalog/default/component/xapi-db-load: 404']",True,"['https://github.com/openedx/xapi-db-load/issues', 'https://vector.dev', 'https://pypi.org/project/smart-open/', 'https://discuss.openedx.org', 'https://openedx.org/slack', 'https://openedx.org/getting-help', 'https://openedx.org/r/how-to-contribute', 'https://openedx.org/code-of-conduct/']",True,True,True,True,.readthedocs.yaml,2,False,,,,False,False,,False,,[],,True,True,True,False
openedx/openedx-ai-extensions,,,,,,,3,24,0.875,6,False,2026-08-25,False,False,False,False,0,0,0,0,0,0,0,0,0,0,False,,False,False,True,False,True,False,True,True,False,False,False,False,True,False,False,False,False,False,2026-07-08 22:22:17,True,False,False,False,False,False,False,False,,openedx,0,['https://docs.openedx.org/en/latest/developers/references/plugin_reference.html: 404'],False,"['https://img.shields.io/badge/Status-Experimental-orange', 'https://img.shields.io/badge/License-AGPL%20v3-blue', 'https://img.shields.io/badge/Documentation-green', 'https://docs.openedx.org/projects/openedx-ai-extensions/en/latest/index.html', 'https://github.com/openedx/openedx-ai-extensions.git', 'https://docs.openedx.org/en/latest/developers/quickstarts/so_you_want_to_contribute.html', 'https://discuss.openedx.org', 'https://www.canva.com/design/DAGqjcS2mT4/nTHQIDIeZ89wqsBvh9GWKA/view', 'https://docs.litellm.ai/', 'https://drive.google.com/file/d/1sUj2xoldYFAvPoDuxqwG0XbIundGD0u2/view', 'https://github.com/openedx/openedx-ai-extensions/issues']",True,True,False,True,.readthedocs.yaml,2,False,,,,False,False,,False,,[],,False,False,False,False
openedx/frontend-component-footer,,,,,,,0,5,,,False,2026-08-25,False,False,False,False,26,0,0,8,18,0,0,0,0,0,False,,False,False,True,False,False,True,True,True,False,False,True,False,False,False,False,False,False,False,2026-08-14 19:15:40,True,False,False,False,False,False,False,False,@edx/frontend-component-footer,openedx,0,"['https://edx.github.io/frontend-platform/module-Internationalization.html: 404', 'https://openedx.slack.com/: 403', 'https://openedx.slack.com/archives/C04BM6YC7A6: 403', 'https://travis-ci.com/edx/frontend-component-footer: 404']",False,"['https://github.com/openedx/devstack', 'https://github.com/overhangio/tutor', 'https://github.com/overhangio/tutor-mfe', 'https://github.com/openedx/frontend-template-application/blob/3355bb3a96232390e9056f35b06ffa8f105ed7ca/src/index.jsx', 'https://github.com/openedx/frontend-component-footer.git', 'https://github.com/nvm-sh/nvm', 'https://github.com/openedx/frontend-plugin-framework', 'https://github.com/openedx/frontend-template-application/blob/3cd5485bf387b8c479baf6b02bf59e3061dc3465/src/index.scss', 'https://openedx.org/r/how-to-contribute', 'https://discuss.openedx.org', 'https://github.com/openedx/frontend-component-footer/issues', 'https://openedx.org/slack', 'https://openedx.org/community/connect', 'https://openedx.org/code-of-conduct/', 'https://api.travis-ci.com/edx/frontend-component-footer.svg?branch=master', 'https://img.shields.io/codecov/c/github/edx/frontend-component-footer', 'https://img.shields.io/npm/v/@edx/frontend-component-footer.svg', 'https://img.shields.io/npm/dt/@edx/frontend-component-footer.svg', 'https://img.shields.io/npm/l/@edx/frontend-component-footer.svg', 'https://img.shields.io/badge/%20%20%F0%9F%93%A6%F0%9F%9A%80-semantic--release-e10079.svg', 'https://github.com/semantic-release/semantic-release']",True,True,True,False,,,True,2026-04-06,2024-01-01,6,False,False,,False,,[],,False,False,False,False
openedx/frontend-app-learner-portal-enterprise,,,,,,,2,0,0.4565,328,False,2026-08-25,True,True,False,False,73,0,0,47,26,0,0,0,0,0,False,,False,True,True,False,False,True,True,True,True,True,True,False,False,False,False,False,False,False,2026-08-25 04:18:18,True,False,False,False,False,True,False,False,,openedx,0,"['https://github.com/openedx/frontend-app-learner-portal-enterpise.git: 404', 'http://localhostL8734/: HTTPConnectionPool(host=\'localhostl8734\', port=80): Max retries exceeded with url: / (Caused by NameResolutionError(""HTTPConnection(host=\'localhostl8734\', port=80): Failed to resolve \'localhostl8734\' ([Errno -3] Temporary failure in name resolution)""))', 'https://openedx.slack.com/: 403', 'https://openedx.slack.com/archives/C04BM6YC7A6: 403']",False,"['https://github.com/openedx/frontend-app-learner-portal-enterprise/actions/workflows/ci.yml/badge.svg', 'https://openedx.atlassian.net/wiki/spaces/ENG/pages/12550298/Developer+Onboarding', 'https://github.com/openedx/edx-enterprise/blob/master/enterprise/management/commands/seed_enterprise_devstack_data.py', 'https://github.com/openedx/edx-platform/blob/0e2b612c1fb4f3e385f3004801aa5b5ed0221eda/lms/envs/devstack.py', 'https://github.com/openedx/devstack', 'https://go.microsoft.com/fwlink/?linkid=830387', 'https://openedx.atlassian.net/wiki/spaces/SOL/pages/997654609/Hitchhiker+s+Engineer+s+Guide+to+the+Enterprise+Ecosystem', 'https://reactjs.org/', 'https://openedx.org/r/how-to-contribute', 'https://discuss.openedx.org', 'https://github.com/openedx/frontend-app-learner-portal-enterprise/issues', 'https://openedx.org/slack', 'https://openedx.org/community/connect', 'https://openedx.org/code-of-conduct/']",True,True,True,False,,,True,2026-04-02,2025-02-24,1,False,False,,False,,[],,False,False,False,False
openedx/edx-drf-extensions,,,,,,,5,1,0.6364,1228061,True,2026-08-25,True,True,False,False,90,0,0,0,0,26,90,8,10,4,True,,False,True,True,False,True,True,True,True,True,True,False,True,False,True,True,True,True,False,2026-08-21 04:19:18,True,False,True,False,False,True,False,True,,openedx,7,[],False,"['https://github.com/openedx/edx-drf-extensions/workflows/Python%20CI/badge.svg?branch=master', 'https://github.com/openedx/edx-drf-extensions/actions?query=workflow%3A%22Python+CI%22', 'https://codecov.io/github/edx/edx-drf-extensions/coverage.svg?branch=master', 'https://codecov.io/github/edx/edx-drf-extensions?branch=master', 'https://readthedocs.org/projects/edx-drf-extensions/badge/?version=latest', 'http://edx-drf-extensions.readthedocs.io/en/latest/', 'https://www.django-rest-framework.org/', 'https://github.com/openedx/.github/blob/master/CONTRIBUTING.md']",True,True,True,True,.readthedocs.yaml,2,False,,,,True,True,,False,edx-drf-extensions,"['3', '3.11']",https://github.com/openedx/edx-drf-extensions,True,True,True,False
openedx/frontend-app-account,,,,,,,3,5,0.625,5,False,2026-08-25,False,False,False,False,60,0,0,53,7,0,0,0,0,0,False,,False,False,True,False,False,True,True,True,False,False,True,False,False,False,False,False,False,False,2026-08-10 17:39:58,True,False,False,False,False,True,False,False,@edx/frontend-app-account,openedx,0,"['https://support.example.com: HTTPSConnectionPool(host=\'support.example.com\', port=443): Max retries exceeded with url: / (Caused by NameResolutionError(""HTTPSConnection(host=\'support.example.com\', port=443): Failed to resolve \'support.example.com\' ([Errno -5] No address associated with hostname)""))', 'https://openedx.github.io/frontend-platform/module-Config.html: 404', 'https://openedx.slack.com/: 403', 'https://openedx.slack.com/archives/C04BM6YC7A6: 403']",False,"['https://github.com/openedx/frontend-app-profile', 'https://github.com/overhangio/tutor', 'https://github.com/overhangio/tutor-mfe?tab=readme-ov-file', 'https://github.com/openedx/frontend-plugin-framework', 'https://support.edx.org/hc/en-us/articles/206212088-What-if-I-did-not-receive-a-password-reset-message', 'https://github.com/openedx/frontend-app-account.git', 'https://github.com/nvm-sh/nvm', 'https://github.com/openedx/frontend-build', 'https://openedx.org/r/how-to-contribute', 'https://discuss.openedx.org', 'https://github.com/openedx/frontend-app-account/issues', 'https://openedx.org/slack', 'https://openedx.org/community/connect', 'https://openedx.org/code-of-conduct/', 'https://github.com/openedx/edx-developer-docs/actions/workflows/ci.yml/badge.svg', 'https://github.com/openedx/edx-developer-docs/actions/workflows/ci.yml', 'https://img.shields.io/codecov/c/github/edx/frontend-app-account', 'https://codecov.io/gh/openedx/frontend-app-account/', 'https://img.shields.io/npm/v/@edx/frontend-app-account.svg', 'https://img.shields.io/npm/dt/@edx/frontend-app-account.svg', 'https://img.shields.io/npm/l/@edx/frontend-app-account.svg', 'https://img.shields.io/badge/%20%20%F0%9F%93%A6%F0%9F%9A%80-semantic--release-e10079.svg', 'https://github.com/semantic-release/semantic-release']",True,True,True,False,,,True,2026-04-06,2021-10-11,4,False,False,,False,,[],,False,False,False,False
openedx/frontend-app-instructor-dashboard,,,,,,,4,57,1.0,6,False,2026-08-25,False,False,False,False,15,0,0,4,11,0,0,0,0,0,False,,False,False,True,False,False,True,True,True,False,False,True,False,False,False,False,False,False,False,2026-08-20 22:05:53,True,False,False,False,False,False,False,False,,openedx,0,"['http://apps.local.openedx.io: HTTPConnectionPool(host=\'apps.local.openedx.io\', port=80): Max retries exceeded with url: / (Caused by NewConnectionError(""HTTPConnection(host=\'apps.local.openedx.io\', port=80): Failed to establish a new connection: [Errno 111] Connection refused""))', 'https://openedx.slack.com/: 403', 'https://openedx.slack.com/archives/C04BM6YC7A6: 403', 'https://open-edx-backstage.herokuapp.com/catalog/default/component/frontend-app-instructor-dashboard: 404']",True,"['https://github.com/overhangio/tutor', 'https://github.com/overhangio/tutor-mfe', 'https://github.com/openedx/frontend-app-instructor-dashboard.git', 'https://github.com/nvm-sh/nvm', 'https://github.com/openedx/frontend-app-instructor-dashboard/blob/master/docs/decisions/0002-feature-based-application-organization.rst', 'https://github.com/openedx/frontend-base/blob/master/docs/how_tos/i18n.rst', 'https://discuss.openedx.org', 'https://github.com/openedx/frontend-app-instructor-dashboard/issues', 'https://openedx.org/slack', 'https://openedx.org/getting-help', 'https://openedx.org/r/how-to-contribute', 'https://openedx.org/code-of-conduct/', 'https://img.shields.io/github/license/openedx/frontend-app-instructor-dashboard.svg', 'https://github.com/openedx/frontend-app-instructor-dashboard/blob/main/LICENSE', 'https://img.shields.io/badge/Status-Maintained-brightgreen', 'https://github.com/openedx/frontend-app-instructor-dashboard/actions/workflows/ci.yml/badge.svg', 'https://github.com/openedx/frontend-app-instructor-dashboard/actions/workflows/ci.yml', 'https://codecov.io/github/openedx/frontend-app-instructor-dashboard/coverage.svg?branch=main', 'https://codecov.io/github/openedx/frontend-app-instructor-dashboard?branch=main']",True,True,True,False,,,True,,,0,False,False,,False,,[],,False,False,False,False
openedx/frontend-base-compat,,,,,,,1,4,0.5,187,False,2026-08-25,False,False,False,False,11,0,0,0,11,0,0,0,0,0,False,,False,False,True,False,False,True,True,True,False,False,True,False,False,False,False,False,False,False,2026-08-21 21:54:41,True,False,False,False,False,False,False,False,,openedx,0,[],False,"['https://github.com/openedx/frontend-base', 'https://github.com/openedx/edx-platform/blob/master/lms/djangoapps/mfe_config_api/views.py']",True,True,False,False,,,True,,,0,False,False,,False,,[],,False,False,False,False
openedx/openedx-ledger,,,,,,,8,13,0.913,279064,True,2026-08-25,True,True,False,False,133,0,0,0,0,47,133,14,19,9,True,,True,True,True,True,True,True,True,True,True,True,False,True,False,True,True,True,True,False,2026-08-24 10:48:41,True,True,True,False,False,True,False,False,,openedx,1,"['https://docs.openedx.org/projects/openedx-ledger/how-tos/how-to-deploy-this-component.html: 404', 'https://docs.openedx.org/projects/openedx-ledger: 404', 'https://openedx.slack.com/: 403', ""https://open-edx-backstage.herokuapp.com/catalog/default/component/openedx-ledger: HTTPSConnectionPool(host='open-edx-backstage.herokuapp.com', port=443): Max retries exceeded with url: /catalog/default/component/openedx-ledger (Caused by SSLError(SSLError(1, '[SSL: TLSV1_UNRECOGNIZED_NAME] tlsv1 unrecognized name (_ssl.c:1010)')))"", 'https://openedx-ledger.readthedocs.io/en/latest/: 404']",True,"['https://openedx.atlassian.net/wiki/spaces/DOC/pages/21627535/Publish+Documentation+on+Read+the+Docs', 'https://discuss.openedx.org', 'https://github.com/openedx/openedx-ledger/issues', 'https://openedx.org/slack', 'https://openedx.org/getting-help', 'https://openedx.org/r/how-to-contribute', 'https://openedx.org/code-of-conduct/', 'https://img.shields.io/pypi/v/openedx-ledger.svg', 'https://pypi.python.org/pypi/openedx-ledger/', 'https://github.com/openedx/openedx-ledger/workflows/Python%20CI/badge.svg?branch=main', 'https://github.com/openedx/openedx-ledger/actions', 'https://codecov.io/github/openedx/openedx-ledger/coverage.svg?branch=main', 'https://codecov.io/github/openedx/openedx-ledger?branch=main', 'https://readthedocs.org/projects/openedx-ledger/badge/?version=latest', 'https://img.shields.io/pypi/pyversions/openedx-ledger.svg', 'https://img.shields.io/github/license/openedx/openedx-ledger.svg', 'https://github.com/openedx/openedx-ledger/blob/main/LICENSE.txt', 'https://img.shields.io/badge/Status-Experimental-yellow', 'https://img.shields.io/badge/Status-Maintained-brightgreen', 'https://img.shields.io/badge/Status-Deprecated-orange', 'https://img.shields.io/badge/Status-Unsupported-red']",True,True,True,True,.readthedocs.yaml,2,False,,,,True,True,,True,openedx-ledger,"['3', '3.12']",https://github.com/openedx/openedx-ledger,True,True,True,False
openedx/openedx-calc,,,,,,,2,2,0.875,1241295,True,2026-08-25,True,True,False,False,64,0,0,0,0,6,64,2,2,1,True,,True,False,True,False,False,True,True,True,True,True,False,True,False,True,True,True,True,False,2026-08-24 02:50:39,True,False,False,False,False,True,False,False,,openedx,2,"['https://docs.openedx.org/projects/: 404', 'https://openedx.slack.com/: 403', 'https://docs.openedx.org/projects/openedx-calc: 404', 'https://github.com/openedx/openedx-calc/blob/main/LICENSE.txt: 404']",True,"['https://docs.openedx.org/en/latest/developers/how-tos/get-ready-for-python-dev.html', 'https://openedx.atlassian.net/wiki/spaces/DOC/pages/21627535/Publish+Documentation+on+Read+the+Docs', 'https://discuss.openedx.org', 'https://github.com/openedx/openedx-calc/issues', 'https://openedx.org/getting-help', 'https://openedx.org/slack', 'https://github.com/openedx/edx-platform', 'https://github.com/openedx/openedx-calc/blob/master/LICENSE', 'https://openedx.org/r/how-to-contribute', 'https://openedx.org/code-of-conduct/', 'https://backstage.openedx.org/catalog/default/component/openedx-calc', 'https://img.shields.io/pypi/v/openedx-calc.svg', 'https://pypi.python.org/pypi/openedx-calc/', 'https://github.com/openedx/openedx-calc/workflows/Python%20CI/badge.svg?branch=main', 'https://github.com/openedx/openedx-calc/actions', 'https://codecov.io/github/openedx/openedx-calc/coverage.svg?branch=main', 'https://codecov.io/github/openedx/openedx-calc?branch=main', 'https://readthedocs.org/projects/openedx-calc/badge/?version=latest', 'https://img.shields.io/pypi/pyversions/openedx-calc.svg', 'https://img.shields.io/github/license/openedx/openedx-calc.svg', 'https://img.shields.io/badge/Status-Experimental-yellow', 'https://img.shields.io/badge/Status-Maintained-brightgreen', 'https://img.shields.io/badge/Status-Deprecated-orange', 'https://img.shields.io/badge/Status-Unsupported-red']",True,True,True,False,,,False,,,,False,True,,True,openedx-calc,"['3', '3.12']",https://github.com/openedx/openedx-calc,True,True,True,False
openedx/xblock-in-video-quiz,,,,,,,4,1,0.9231,110544,True,2026-08-25,True,True,False,False,74,0,0,0,0,20,74,5,5,3,False,,False,False,True,False,False,True,True,True,True,True,False,True,False,True,True,True,True,False,2026-08-24 09:45:19,True,False,False,False,False,False,False,False,,openedx,5,['https://github.com/openedx/xblock-in-video-quiz@LATEST_RELEASE: 404'],False,"['https://github.com/Stanford-Online/xblock-in-video-quiz', 'https://github.com/openedx/xblock-in-video-quiz/releases/tag/final-bsd-3c-contribution']",True,True,False,False,,,False,,,,True,True,,True,invideoquiz-xblock,"['3', '3.12']",,True,True,True,False
openedx/edx-rest-api-client,,,,,,,2,1,0.6522,1483438,True,2026-08-25,True,True,False,False,88,0,0,0,0,18,88,5,6,3,False,,True,True,True,False,True,True,True,True,True,True,False,True,False,True,False,True,True,False,2026-08-18 05:08:08,True,False,True,False,False,True,False,False,,openedx,5,"['https://lms.root: HTTPSConnectionPool(host=\'lms.root\', port=443): Max retries exceeded with url: / (Caused by NameResolutionError(""HTTPSConnection(host=\'lms.root\', port=443): Failed to resolve \'lms.root\' ([Errno -2] Name or service not known)""))', 'https://some.url: HTTPSConnectionPool(host=\'some.url\', port=443): Max retries exceeded with url: / (Caused by NameResolutionError(""HTTPSConnection(host=\'some.url\', port=443): Failed to resolve \'some.url\' ([Errno -2] Name or service not known)""))', 'https://openedx.org/r/how-to-contribute: 403', 'https://openedx.org/slack: 403', 'https://openedx.slack.com/: 403', 'https://openedx.org/getting-help: 403', 'https://openedx.org/code-of-conduct/: 403']",True,"['https://requests.readthedocs.io/en/master/user/advanced/', 'https://github.com/openedx/edx-django-utils/blob/master/edx_django_utils/cache/README.rst', 'https://discuss.openedx.org', 'https://github.com/openedx/edx-rest-api-client/issues', 'https://github.com/openedx/edx-rest-api-client/workflows/Python%20CI/badge.svg?branch=master', 'https://github.com/openedx/edx-rest-api-client/actions?query=workflow%3A%22Python+CI%22', 'https://codecov.io/github/openedx/edx-rest-api-client/coverage.svg?branch=master', 'https://codecov.io/github/openedx/edx-rest-api-client?branch=master', 'https://img.shields.io/badge/Status-Maintained-brightgreen', 'https://img.shields.io/github/license/openedx/edx-rest-api-client.svg', 'https://github.com/openedx/edx-rest-api-client/blob/master/LICENSE', 'https://img.shields.io/pypi/v/edx-rest-api-client.svg', 'https://pypi.python.org/pypi/edx-rest-api-client/']",True,True,True,False,,,False,,,,True,True,,True,edx-rest-api-client,['3.12'],https://github.com/openedx/edx-rest-api-client,True,True,True,False
openedx/openedx-filters,,,,,,,7,10,0.84,927216,True,2026-08-25,True,True,False,False,122,0,0,0,0,8,122,3,3,1,True,,True,True,True,False,True,True,True,True,True,True,False,True,True,True,True,True,True,False,2026-08-24 20:59:11,True,True,True,False,False,True,False,False,,openedx,1,['https://openedx.slack.com/: 403'],True,"['https://open-edx-proposals.readthedocs.io/en/latest/oep-0050-hooks-extension-framework.html', 'https://docs.openedx.org/en/latest/developers/how-tos/get-ready-for-python-dev.html', 'https://docs.openedx.org/projects/openedx-filters/en/latest/', 'https://discuss.openedx.org', 'https://github.com/openedx/openedx-filters/issues', 'https://openedx.org/slack', 'https://openedx.org/getting-help', 'https://openedx.org/r/how-to-contribute', 'https://openedx.org/code-of-conduct/', 'https://backstage.openedx.org/catalog/default/component/openedx-filters', 'https://img.shields.io/pypi/v/openedx-filters.svg', 'https://pypi.python.org/pypi/openedx-filters/', 'https://github.com/openedx/openedx-filters/actions/workflows/ci.yml/badge.svg?branch=main', 'https://github.com/openedx/openedx-filters/actions/workflows/ci.yml', 'https://codecov.io/github/openedx/openedx-filters/coverage.svg?branch=main', 'https://codecov.io/github/openedx/openedx-filters?branch=main', 'https://readthedocs.org/projects/openedx-filters/badge/?version=latest', 'https://openedx-filters.readthedocs.io/en/latest/', 'https://img.shields.io/pypi/pyversions/openedx-filters.svg', 'https://img.shields.io/github/license/openedx/openedx-filters.svg', 'https://github.com/openedx/openedx-filters/blob/main/LICENSE.txt', 'https://img.shields.io/badge/Status-Maintained-brightgreen']",True,True,True,True,.readthedocs.yaml,2,False,,,,True,True,,True,openedx-filters,"['3', '3.12']",https://github.com/openedx/openedx-filters,True,True,True,False
openedx/openedx-authz,,,,,,,11,61,0.8485,6,True,2026-08-25,True,True,False,False,134,0,0,0,0,49,134,10,15,7,True,,True,True,True,True,True,True,True,True,True,False,False,True,False,True,True,True,True,False,2026-08-24 00:07:15,True,False,True,False,False,True,False,False,,openedx,0,"['https://openedx.slack.com/: 403', 'https://github.com/openedx/openedx-authz/blob/main/LICENSE.txt: 404']",True,"['https://docs.openedx.org/en/latest/developers/how-tos/get-ready-for-python-dev.html', 'https://openedx-authz.readthedocs.io/en/latest/', 'https://discuss.openedx.org', 'https://github.com/openedx/openedx-authz/issues', 'https://openedx.org/getting-help', 'https://openedx.org/slack', 'https://openedx.org/r/how-to-contribute', 'https://openedx.org/code-of-conduct/', 'https://backstage.openedx.org/catalog/default/component/openedx-authz', 'https://openedx.atlassian.net/wiki/spaces/OEPM/pages/4724490259/PRD+Roles+Permissions', 'https://openedx-authz.readthedocs.io/en/latest/concepts/core_roles_and_permissions/content_library_roles.html', 'https://img.shields.io/pypi/v/openedx-authz.svg', 'https://pypi.python.org/pypi/openedx-authz/', 'https://github.com/openedx/openedx-authz/actions/workflows/ci.yml/badge.svg?branch=main', 'https://github.com/openedx/openedx-authz/actions/workflows/ci.yml', 'https://codecov.io/github/openedx/openedx-authz/coverage.svg?branch=main', 'https://codecov.io/github/openedx/openedx-authz?branch=main', 'https://readthedocs.org/projects/openedx-authz/badge/?version=latest', 'https://docs.openedx.org/projects/openedx-authz', 'https://img.shields.io/pypi/pyversions/openedx-authz.svg', 'https://img.shields.io/github/license/openedx/openedx-authz.svg', 'https://img.shields.io/badge/Status-Experimental-yellow']",True,True,True,True,.readthedocs.yaml,2,False,,,,True,True,,True,openedx-authz,"['3', '3.12']",https://github.com/openedx/openedx-authz,True,True,True,False
openedx/edx-cookiecutters,,,,,,,4,0,0.75,683444,True,2026-08-25,True,True,False,False,106,0,0,0,0,38,106,2,3,1,False,,False,True,True,False,True,True,True,True,True,True,False,True,False,True,False,False,True,False,2026-08-10 17:12:01,True,False,True,False,False,True,False,False,,openedx,5,['https://openedx.slack.com/: 403'],True,"['https://discuss.openedx.org', 'https://openedx.org/getting-help', 'https://openedx.org/slack', 'https://tox.readthedocs.io/en/latest/']",True,True,True,False,,,False,,,,True,True,,False,,[],,True,True,True,False
openedx/frontend-app-enterprise-public-catalog,,,,,,,0,0,,,False,2026-08-25,False,False,False,False,47,0,0,36,11,0,0,0,0,0,False,,False,False,True,False,False,True,True,True,False,False,True,False,False,False,False,False,False,False,2026-08-22 04:43:42,True,False,False,False,False,False,False,False,@edx/frontend-app-enterprise-public-catalog,openedx,0,"['https://edx.github.io/frontend-platform/module-Internationalization.html: 404', 'https://github.com/openedx/frontend-i18n/blob/master/docs/how_tos/i18n.rst: 404', 'https://travis-ci.com/edx/frontend-app-enterprise-public-catalog: 404']",False,"['https://explore-catalog.stage.edx.org/', 'https://github.com/openedx/frontend-app-enterprise-public-catalog/blob/master/docs/decisions/0002-feature-based-application-organization.rst', 'https://api.travis-ci.com/edx/frontend-app-enterprise-public-catalog.svg?branch=master', 'https://codecov.io/gh/edx/frontend-app-enterprise-public-catalog/branch/master/graph/badge.svg', 'https://codecov.io/gh/edx/frontend-app-enterprise-public-catalog', 'https://img.shields.io/npm/l/@edx/frontend-app-enterprise-public-catalog.svg']",True,True,False,False,,,True,2026-02-22,2025-02-04,2,False,False,,False,,[],,False,False,False,False
openedx/codejail,,,,,,,4,1,0.7368,51278,True,2026-08-25,True,True,False,False,34,0,0,0,0,16,34,0,0,0,False,,True,False,True,False,True,True,True,True,True,True,False,True,False,True,True,True,True,False,2026-08-24 00:01:57,True,False,True,False,False,True,False,False,,openedx,2,[],False,[],True,True,True,False,,,False,,,,True,True,,True,edx-codejail,"['3', '3.12']",https://github.com/openedx/codejail,True,True,True,False
openedx/cypress-e2e-tests,,,,,,,2,5,0.5,1792816,False,2026-08-25,True,True,False,False,19,0,0,0,19,0,0,0,0,0,False,,False,False,True,False,False,False,True,True,True,False,True,False,False,False,False,False,False,False,2026-08-24 21:33:47,True,False,False,False,False,False,False,False,,openedx,0,[],False,"['https://www.cypress.io/', 'https://docs.cypress.io/guides/overview/why-cypress.html', 'https://docs.cypress.io/examples/examples/tutorials.html']",True,True,False,False,,,False,,,,False,False,,False,,[],,False,False,False,False
openedx/taxonomy-connector,,,,,,,8,13,0.875,314636,True,2026-08-25,True,True,False,False,143,0,0,0,0,110,143,12,15,7,False,,True,False,True,True,True,True,True,True,True,False,False,True,False,True,True,True,True,False,2026-08-24 11:00:58,True,True,True,False,False,True,False,False,,openedx,3,[],True,"['https://img.shields.io/pypi/v/taxonomy-connector.svg', 'https://pypi.org/project/taxonomy-connector/', 'http://codecov.io/github/openedx/taxonomy-connector/coverage.svg?branch=master', 'http://codecov.io/github/openedx/taxonomy-connector?branch=master', 'https://github.com/openedx/taxonomy-connector/workflows/Python%20CI/badge.svg?branch=master', 'https://github.com/openedx/taxonomy-connector/actions?query=workflow%3A%22Python+CI%22', 'https://open.edx.org/getting-help']",True,True,True,False,,,False,,,,True,True,,True,taxonomy-connector,"['3', '3.12']",https://github.com/openedx/taxonomy-connector,True,True,True,False
openedx/edx-django-sites-extensions,,,,,,,4,1,1.0,22566,True,2026-08-25,True,True,False,False,92,0,0,0,0,3,92,3,4,1,False,,True,False,True,False,True,True,True,True,True,True,False,True,False,True,False,True,True,False,2026-07-31 17:06:55,True,False,True,False,False,True,False,False,,openedx,1,[],False,"['http://code.edx.org/', 'https://github.com/openedx/edx-django-sites-extensions/workflows/Python%20CI/badge.svg?branch=master', 'https://github.com/openedx/edx-django-sites-extensions/actions?query=workflow%3A%22Python+CI%22', 'http://codecov.io/github/edx/edx-django-sites-extensions/coverage.svg?branch=master', 'http://codecov.io/github/edx/edx-django-sites-extensions?branch=master', 'https://docs.djangoproject.com/en/1.9/ref/contrib/sites/', 'https://edx-django-sites-extensions.readthedocs.org', 'https://github.com/openedx/.github/blob/master/CONTRIBUTING.md', 'https://groups.google.com/forum/']",True,False,True,False,,,False,,,,True,True,,True,edx-django-sites-extensions,['3.12'],https://github.com/openedx/edx-django-sites-extensions,True,True,True,False
openedx/modular-learning,,,,,,,0,0,,,False,2026-08-25,False,False,False,False,0,0,0,0,0,0,0,0,0,0,False,,False,False,False,False,False,False,True,True,False,False,False,False,False,False,False,False,False,False,2024-12-16 20:07:52,False,False,False,False,False,False,False,False,,openedx,0,[],False,"['https://github.com/orgs/openedx/projects/36', 'https://openedx.atlassian.net/wiki/spaces/OEPM/pages/3575152670/Approach+Memo+Modular+Learning']",True,True,False,False,,,False,,,,False,False,,False,,[],,False,False,False,False
openedx/RecommenderXBlock,,,,,,,4,3,1.0,666745,True,2026-08-25,True,True,False,False,0,0,0,0,0,0,0,0,0,0,False,,False,False,True,False,False,True,True,True,True,True,False,False,True,False,False,False,False,False,2026-08-19 10:12:22,True,False,False,False,False,False,False,False,,openedx,0,[],False,[],True,True,False,False,,,False,,,,False,False,,False,,[],,False,False,False,False
openedx/frontend-app-ora,,,,,,,2,5,1.0,234,False,2026-08-25,True,True,False,False,48,0,0,38,10,0,0,0,0,0,False,,False,False,True,False,False,True,True,True,True,False,True,False,False,False,False,False,False,True,2026-08-10 20:15:46,True,False,False,False,False,False,False,False,,openedx,0,"['http://apps.local.openedx.io: HTTPConnectionPool(host=\'apps.local.openedx.io\', port=80): Max retries exceeded with url: / (Caused by NewConnectionError(""HTTPConnection(host=\'apps.local.openedx.io\', port=80): Failed to establish a new connection: [Errno 111] Connection refused""))', 'https://openedx.slack.com/: 403', 'https://openedx.slack.com/archives/C04BM6YC7A6: 403', 'https://open-edx-backstage.herokuapp.com/catalog/default/component/frontend-app-ora: 404', 'https://github.com/edx/frontend-app-ora/actions/workflows/ci.yml/badge.svg: 404']",True,"['https://github.com/overhangio/tutor', 'https://github.com/overhangio/tutor-mfe?tab=readme-ov-file', 'https://github.com/openedx/frontend-app-ora.git', 'https://github.com/nvm-sh/nvm', 'https://github.com/overhangio/tutor-mfe/blob/release/tutormfe/plugin.py', 'https://docs.openedx.org/en/latest/site_ops/how-tos/add-waffle-flag-for-user.html', 'https://discuss.openedx.org', 'https://github.com/edx/frontend-app-ora/issues', 'https://openedx.org/slack', 'https://openedx.org/getting-help', 'https://openedx.org/r/how-to-contribute', 'https://openedx.org/code-of-conduct/', 'https://img.shields.io/github/license/openedx/frontend-app-ora.svg', 'https://github.com/edx/frontend-app-ora/blob/master/LICENSE', 'https://img.shields.io/badge/Status-Maintained-brightgreen', 'https://github.com/edx/frontend-app-ora/actions/workflows/ci.yml', 'https://codecov.io/github/openedx/frontend-app-ora/coverage.svg?branch=master', 'https://codecov.io/github/openedx/frontend-app-ora?branch=master']",True,True,True,False,,,True,2026-04-06,2024-02-05,5,False,False,,False,,[],,False,False,False,False
openedx/event-bus-kafka,,,,,,,2,0,0.6667,1269632,True,2026-08-25,True,True,False,False,126,0,0,0,0,28,126,7,9,5,True,,True,True,True,True,True,True,True,True,True,True,False,True,False,True,True,True,True,False,2026-08-10 20:33:18,True,True,True,False,False,True,False,False,,openedx,1,"['https://openedx-slack-invite.herokuapp.com/: 404', 'https://openedx.slack.com/: 403', 'https://edx-event-bus-kafka.readthedocs.io/en/latest/: 404']",True,"['https://github.com/openedx/event-bus-kafka/blob/main/docs/decisions/0005-optional-import-of-confluent-kafka.rst', 'https://open-edx-proposals.readthedocs.io/en/latest/architectural-decisions/oep-0052-arch-event-bus-architecture.html', 'https://openedx.atlassian.net/wiki/spaces/DOC/pages/21627535/Publish+Documentation+on+Read+the+Docs', 'https://github.com/openedx/.github/blob/master/CONTRIBUTING.md', 'https://discuss.openedx.org', 'https://openedx.org/getting-help', 'https://img.shields.io/pypi/v/edx-event-bus-kafka.svg', 'https://pypi.python.org/pypi/edx-event-bus-kafka/', 'https://github.com/openedx/event-bus-kafka/workflows/Python%20CI/badge.svg?branch=main', 'https://github.com/openedx/event-bus-kafka/actions', 'https://codecov.io/github/openedx/event-bus-kafka/coverage.svg?branch=main', 'https://codecov.io/github/openedx/event-bus-kafka?branch=main', 'https://readthedocs.org/projects/edx-event-bus-kafka/badge/?version=latest', 'https://img.shields.io/pypi/pyversions/edx-event-bus-kafka.svg', 'https://img.shields.io/github/license/openedx/event-bus-kafka.svg', 'https://github.com/openedx/event-bus-kafka/blob/main/LICENSE.txt']",True,True,True,True,.readthedocs.yaml,2,False,,,,True,True,,True,edx_event_bus_kafka,"['3', '3.12']",https://github.com/openedx/event-bus-kafka,True,True,True,False
openedx/opaque-keys,,,,,,,6,2,0.9444,213,True,2026-08-25,True,True,False,False,85,0,0,0,0,4,85,3,3,1,False,,True,False,True,False,True,True,True,True,True,True,False,True,False,True,False,True,True,False,2026-08-24 09:45:09,True,True,False,False,False,True,False,False,,openedx,0,['https://coveralls.io/r/edx/opaque-keys: 403'],False,"['http://code.edx.org/', 'https://github.com/openedx/opaque-keys/workflows/Python%20CI/badge.svg?branch=master', 'https://github.com/openedx/opaque-keys/actions?query=workflow%3A%22Python+CI%22', 'https://coveralls.io/repos/edx/opaque-keys/badge.svg?branch=master', 'https://github.com/openedx/edx-platform/wiki/Opaque-Keys']",True,True,False,True,.readthedocs.yaml,2,False,,,,True,True,,True,edx-opaque-keys,"['3', '3.12']",https://github.com/openedx/opaque-keys,True,True,True,False
openedx/enmerkar-underscore,,,,,,,2,1,0.5,143,True,2026-08-25,True,True,False,False,50,0,0,0,0,4,50,0,1,0,False,,False,False,True,False,False,True,True,True,True,False,False,False,False,True,True,True,True,False,2026-07-29 15:38:53,True,True,False,False,False,True,False,False,,openedx,1,"[""https://pypip.in/d/django-babel-underscore/badge.png: HTTPSConnectionPool(host='pypip.in', port=443): Max retries exceeded with url: /d/django-babel-underscore/badge.png (Caused by ConnectTimeoutError(<HTTPSConnection(host='pypip.in', port=443) at 0x7f98bc75da00>, 'Connection to pypip.in timed out. (connect timeout=None)'))"", 'http://django-babel-underscore.readthedocs.org: 404']",False,"['https://badge.fury.io/py/django-babel-underscore.png', 'http://badge.fury.io/py/django-babel-underscore', 'https://github.com/openedx/enmerkar-underscore/workflows/Python%20CI/badge.svg?branch=master', 'https://github.com/openedx/enmerkar-underscore/actions?query=workflow%3A%22Python+CI%22', 'https://pypi.python.org/pypi/django-babel-underscore']",True,True,False,False,,,False,,,,True,True,,True,enmerkar-underscore,"['3', '3.11', '3.12']",https://github.com/openedx/enmerkar-underscore,True,False,True,False
openedx/xss-utils,,,,,,,1,1,0.5,1800302,True,2026-08-25,True,True,False,False,84,0,0,0,0,3,84,4,4,2,True,,True,False,True,False,True,True,True,True,True,True,False,True,False,True,True,True,True,True,2026-07-20 19:32:41,True,True,True,False,False,True,False,False,,openedx,1,"['https://xss-utils.readthedocs.org: 404', 'http://xss-utils.readthedocs.io/en/latest/: 404', 'https://github.com/openedx/xss-utils/blob/master/LICENSE.txt: 404']",True,"['https://docs.openedx.org/en/latest/developers/references/developer_guide/preventing_xss/index.html', 'https://github.com/openedx/.github/blob/master/CONTRIBUTING.md', 'https://github.com/openedx/xss-utils/blob/master/.github/PULL_REQUEST_TEMPLATE.md', 'https://github.com/openedx/xss-utils/blob/master/.github/ISSUE_TEMPLATE.md', 'https://open.edx.org/getting-help', 'https://img.shields.io/pypi/v/xss-utils.svg', 'https://pypi.python.org/pypi/xss-utils/', 'https://github.com/openedx/xss-utils/workflows/Python%20CI/badge.svg?branch=master', 'https://github.com/openedx/xss-utils/actions?query=workflow%3A%22Python+CI%22', 'http://codecov.io/github/edx/xss-utils/coverage.svg?branch=master', 'http://codecov.io/github/edx/xss-utils?branch=master', 'https://readthedocs.org/projects/xss-utils/badge/?version=latest', 'https://img.shields.io/pypi/pyversions/xss-utils.svg', 'https://img.shields.io/github/license/edx/xss-utils.svg']",True,True,True,False,,,False,,,,True,True,,True,xss-utils,"['3', '3.12']",https://github.com/openedx/xss-utils,True,True,True,False
openedx/didkit-python,,,,,,,1,9,,,False,2026-08-25,False,False,False,False,0,0,0,0,0,0,0,0,0,0,False,,False,False,True,False,False,False,True,True,False,False,False,False,True,False,False,False,False,False,2026-05-30 14:52:54,True,False,False,False,False,False,False,False,,openedx,0,[],False,"['https://badge.fury.io/py/openedx-didkit.svg', 'https://badge.fury.io/py/openedx-didkit', 'https://spruceid.dev/docs/didkit/', 'https://github.com/spruceid/ssi', 'https://pypi.org/project/openedx-didkit/', 'https://github.com/GlugovGrGlib/didkit-python', 'https://github.com/spruceid/didkit-python']",True,True,False,False,,,False,,,,False,False,,False,,[],,False,False,False,False
openedx/code-annotations,,,,,,,4,3,0.9565,47654,True,2026-08-25,True,True,False,False,96,0,0,0,0,7,96,2,2,1,False,3.12,True,False,True,False,True,True,True,True,True,True,False,True,False,True,True,True,True,False,2026-08-24 13:41:03,True,True,True,False,False,True,False,False,,openedx,5,[],True,"['https://code-annotations.readthedocs.org', 'https://github.com/openedx/.github/blob/master/CONTRIBUTING.md', 'https://github.com/openedx/code-annotations/blob/master/.github/PULL_REQUEST_TEMPLATE.md', 'https://github.com/openedx/code-annotations/blob/master/.github/ISSUE_TEMPLATE.md', 'https://open.edx.org/getting-help']",True,True,True,True,.readthedocs.yml,2,False,,,,True,True,,True,code-annotations,"['3', '3.12']",https://github.com/openedx/code-annotations,True,True,True,False
openedx/openedx-translations,,,,,,,8,6,1.0,19,True,2026-08-25,True,True,False,False,41,0,0,0,1,0,40,1,1,1,False,,False,True,True,False,False,True,True,True,True,False,True,False,False,True,False,False,False,False,2026-08-25 01:12:38,True,False,False,False,False,True,False,False,,openedx,0,['https://app.transifex.com/open-edx/openedx-translations/dashboard/: 403'],False,"['https://app.transifex.com/open-edx/', 'https://github.com/openedx/open-edx-proposals/pull/367', 'https://github.com/openedx/openedx-atlas', 'https://github.com/openedx/openedx-translations/actions/workflows/sync-translations.yml', 'https://docs.tutor.edly.io/tutorials/nightly.html', 'https://github.com/openedx/openedx-platform', 'https://docs.tutor.edly.io/', 'https://github.com/openedx/openedx-platform/tree/release/ulmo', 'https://github.com/openedx/openedx-translations/tree/main/.github/workflows', 'https://github.com/openedx/openedx-translations/blob/main/Makefile']",True,True,False,False,,,False,,,,False,True,,False,,[],,False,False,False,False
openedx/xqueue-watcher,,,,,,,2,0,1.0,7,False,2026-08-25,False,False,False,False,0,0,0,0,0,0,0,0,0,0,False,,False,False,True,False,False,True,True,True,False,True,False,False,True,False,False,False,False,False,2026-08-15 15:20:16,True,False,False,False,False,True,False,False,,openedx,0,"['http://xqueue-svc: HTTPConnectionPool(host=\'xqueue-svc\', port=80): Max retries exceeded with url: / (Caused by NameResolutionError(""HTTPConnection(host=\'xqueue-svc\', port=80): Failed to resolve \'xqueue-svc\' ([Errno -3] Temporary failure in name resolution)""))']",False,"['https://github.com/openedx/xqueue', 'https://github.com/openedx/codejail']",True,True,False,False,,,False,,,,False,False,,False,,[],,False,False,False,False
openedx/enterprise-access,,,,,,,2,5,0.7857,1243143,True,2026-08-25,True,True,False,False,202,0,0,0,0,117,202,25,35,20,True,,True,False,True,True,False,True,True,True,True,False,False,True,False,True,True,False,True,False,2026-08-24 02:33:05,True,True,True,False,False,True,False,False,,openedx,5,"['https://openedx-slack-invite.herokuapp.com/: 404', 'https://openedx.slack.com/: 403', 'https://github.com/edx/enterprise-access/workflows/Python%20CI/badge.svg?branch=main: 404', 'https://enterprise-access.readthedocs.io/en/latest/: 404']",True,"['https://github.com/edx/devstack', 'https://openedx.atlassian.net/wiki/spaces/DOC/pages/21627535/Publish+Documentation+on+Read+the+Docs', 'https://github.com/openedx/.github/blob/master/CONTRIBUTING.md', 'https://discuss.openedx.org', 'https://openedx.org/getting-help', 'https://img.shields.io/pypi/v/enterprise-access.svg', 'https://pypi.python.org/pypi/enterprise-access/', 'https://github.com/edx/enterprise-access/actions', 'https://codecov.io/github/edx/enterprise-access/coverage.svg?branch=main', 'https://codecov.io/github/edx/enterprise-access?branch=main', 'https://readthedocs.org/projects/enterprise-access/badge/?version=latest', 'https://img.shields.io/pypi/pyversions/enterprise-access.svg', 'https://img.shields.io/github/license/edx/enterprise-access.svg', 'https://github.com/edx/enterprise-access/blob/main/LICENSE.txt']",True,True,True,False,,,True,,,0,True,True,,False,,[],,True,True,True,False
openedx/frontend-plugin-aspects,,,,,,,4,6,0.9762,132,False,2026-08-25,True,True,False,False,21,0,0,2,19,0,0,0,0,0,False,,False,False,True,False,False,True,True,True,True,False,True,False,False,False,False,False,False,False,2026-08-20 18:57:19,True,False,False,False,False,False,False,False,,openedx,0,"['https://openedx.slack.com/: 403', 'https://openedx.slack.com/archives/C04BM6YC7A6: 429', 'https://open-edx-backstage.herokuapp.com/catalog/default/component/frontend-plugin-aspects: 404']",True,"['https://img.shields.io/github/license/openedx/frontend-plugin-aspects.svg', 'https://github.com/openedx/frontend-plugin-aspects/blob/main/LICENSE', 'https://img.shields.io/badge/Status-Maintained-brightgreen', 'https://github.com/openedx/frontend-plugin-aspects/actions/workflows/ci.yml/badge.svg', 'https://github.com/openedx/frontend-plugin-aspects/actions/workflows/ci.yml', 'https://codecov.io/github/openedx/frontend-plugin-aspects/coverage.svg?branch=main', 'https://codecov.io/github/openedx/frontend-plugin-aspects?branch=main', 'https://github.com/openedx/tutor-contrib-aspects', 'https://github.com/openedx/frontend-app-authoring.git', 'https://github.com/openedx/frontend-plugin-aspects.git', 'https://nodemon.io', 'https://discuss.openedx.org', 'https://openedx.org/slack', 'https://openedx.org/getting-help', 'https://openedx.org/r/how-to-contribute', 'https://openedx.org/code-of-conduct/']",True,True,True,False,,,True,2026-08-18,2026-08-18,1,False,False,,False,,[],,False,False,False,False
openedx/frontend-lib-special-exams,,,,,,,0,1,,,False,2026-08-25,False,False,False,False,30,0,0,8,22,0,0,0,0,0,False,,False,False,True,False,False,True,True,True,False,True,True,False,False,False,False,False,False,True,2026-05-20 13:20:43,True,False,False,False,False,False,False,False,@edx/frontend-lib-special-exams,openedx,0,"['https://edx.github.io/frontend-platform/module-Internationalization.html: 404', 'https://openedx.slack.com/: 403', 'https://openedx.slack.com/archives/C04BM6YC7A6: 403']",False,"['https://github.com/edx/frontend-lib-special-exams.git', 'https://github.com/nvm-sh/nvm', 'https://github.com/edx/frontend-i18n/blob/master/docs/how_tos/i18n.rst', 'https://github.com/openedx/frontend-plugin-framework', 'https://openedx.org/r/how-to-contribute', 'https://discuss.openedx.org', 'https://github.com/openedx/frontend-lib-special-exams/issues', 'https://openedx.org/slack', 'https://openedx.org/community/connect', 'https://openedx.org/code-of-conduct/']",True,True,True,False,,,True,,,0,False,False,,False,,[],,False,False,False,False
openedx/codejail-includes,,,,,,,3,0,0.6667,1269338,True,2026-08-25,True,True,False,False,93,0,0,0,0,0,93,2,2,1,False,,True,False,True,False,True,True,True,True,True,True,False,True,False,True,True,True,True,False,2026-08-10 20:07:56,True,True,True,False,False,False,False,False,,openedx,0,"['https://openedx-slack-invite.herokuapp.com/: 404', 'https://openedx.slack.com/: 403', 'https://github.com/openedx/sandboxcodejail-includes/workflows/Python%20CI/badge.svg?branch=main: 404']",True,"['https://openedx.atlassian.net/browse/BOM-2579', 'https://openedx.atlassian.net/wiki/spaces/DOC/pages/21627535/Publish+Documentation+on+Read+the+Docs', 'https://github.com/openedx/.github/blob/master/CONTRIBUTING.md', 'https://discuss.openedx.org', 'https://openedx.org/getting-help', 'https://img.shields.io/pypi/v/codejail-includes.svg', 'https://pypi.python.org/pypi/codejail-includes/', 'https://github.com/openedx/codejail-includes/actions', 'https://img.shields.io/github/license/openedx/sandbox-packages.svg', 'https://github.com/openedx/codejail-includes/blob/main/LICENSE']",True,True,True,False,,,False,,,,False,True,,True,codejail-includes,"['3', '3.12']",https://github.com/openedx/codejail-includes,True,True,True,False
openedx/frontend-app-authn,,,,,,,4,15,1.0,164,False,2026-08-25,True,True,False,False,41,0,0,30,11,0,0,0,0,0,False,,False,False,True,False,False,True,True,True,True,False,True,False,False,False,False,False,False,False,2026-08-10 21:12:54,True,False,False,False,False,False,False,False,@edx/frontend-app-authn,openedx,0,"['https://support.example.com: HTTPSConnectionPool(host=\'support.example.com\', port=443): Max retries exceeded with url: / (Caused by NameResolutionError(""HTTPSConnection(host=\'support.example.com\', port=443): Failed to resolve \'support.example.com\' ([Errno -5] No address associated with hostname)""))', 'https://openedx.slack.com/: 403', 'https://openedx.slack.com/archives/C04BM6YC7A6: 403', 'https://travis-ci.com/edx/frontend-app-authn: 404']",False,"['https://github.com/overhangio/tutor', 'https://github.com/overhangio/tutor-mfe?tab=readme-ov-file', 'https://github.com/edx/frontend-app-authn.git', 'https://github.com/nvm-sh/nvm', 'https://docs.openedx.org/en/latest/developers/references/developer_guide/process/index.html', 'https://github.com/openedx/frontend-app-authn/blob/master/.github/pull_request_template.md', 'https://discuss.openedx.org', 'https://github.com/openedx/frontend-app-authn/issues', 'https://openedx.org/slack', 'https://openedx.org/community/connect', 'https://openedx.org/code-of-conduct/', 'https://backstage.openedx.org/catalog/default/group/2u-infinity', 'https://github.com/openedx/frontend-app-authn/blob/master/LICENSE', 'https://api.travis-ci.com/edx/frontend-app-authn.svg?branch=master', 'https://img.shields.io/codecov/c/github/edx/frontend-app-authn', 'https://codecov.io/gh/edx/frontend-app-authn', 'https://github.com/openedx/edx-developer-docs/actions/workflows/ci.yml/badge.svg', 'https://github.com/openedx/edx-developer-docs/actions/workflows/ci.yml', 'https://img.shields.io/badge/%20%20%F0%9F%93%A6%F0%9F%9A%80-semantic--release-e10079.svg', 'https://github.com/semantic-release/semantic-release']",True,True,True,False,,,True,2026-03-27,2025-03-14,4,False,False,,False,,[],,False,False,False,False
openedx/frontend-template-site,,,,,,,2,1,1.0,433511,False,2026-08-25,False,False,False,False,8,0,0,6,2,0,0,0,0,0,False,,False,False,True,False,False,True,True,True,False,False,True,False,False,False,False,False,False,False,2026-08-14 14:32:12,True,False,False,False,False,False,False,False,,openedx,0,"['http://apps.local.openedx.io: HTTPConnectionPool(host=\'apps.local.openedx.io\', port=80): Max retries exceeded with url: / (Caused by NewConnectionError(""HTTPConnection(host=\'apps.local.openedx.io\', port=80): Failed to establish a new connection: [Errno 111] Connection refused""))', 'https://open-edx-backstage.herokuapp.com/catalog/default/component/frontend-template-site: 404', 'https://github.com/openedx/frontend-template-application/blob/main/LICENSE: 404']",False,"['https://github.com/nvm-sh/nvm', 'https://bindfs.org/', 'https://docs.npmjs.com/cli/using-npm/workspaces', 'https://github.com/semantic-release/semantic-release', 'https://turbo.build/', 'https://github.com/openedx/frontend-base/blob/master/docs/how_tos/i18n.rst', 'https://github.com/openedx/openedx-translations', 'https://openedx.org/r/how-to-contribute', 'https://openedx.org/code-of-conduct/', 'https://img.shields.io/github/license/openedx/frontend-template-application.svg', 'https://img.shields.io/badge/Status-Maintained-brightgreen', 'https://github.com/openedx/frontend-template-application/actions/workflows/ci.yml/badge.svg', 'https://github.com/openedx/frontend-template-application/actions/workflows/ci.yml', 'https://codecov.io/github/openedx/frontend-template-application/coverage.svg?branch=main', 'https://codecov.io/github/openedx/frontend-template-application?branch=main']",True,True,True,False,,,False,,,,False,False,,False,,[],,False,False,False,False
openedx/edx-ora2,,,,,,,4,4,0.4286,271,True,2026-08-25,True,True,False,False,208,0,0,14,27,67,167,14,18,10,False,,True,False,True,False,False,True,True,True,True,True,True,True,False,True,True,True,True,True,2026-08-17 21:34:20,True,False,True,False,False,True,True,True,,openedx,7,"['https://open.edx.org/getting-help: 403', 'https://coveralls.io/r/edx/edx-ora2?branch=master: 403']",True,"['https://github.com/openedx/edx-platform', 'https://docs.openedx.org/en/latest/educators/concepts/exercise_tools/about_OpenResponseAssessments.html', 'https://openedx.atlassian.net/wiki/spaces/EDUCATOR/pages/9765004/ORA+Developer+Guide', 'https://github.com/openedx/devstack', 'https://github.com/openedx/edx-ora2/workflows/Python%20CI/badge.svg?branch=master', 'https://github.com/openedx/edx-ora2/actions?query=workflow%3A%22Python+CI%22', 'https://coveralls.io/repos/edx/edx-ora2/badge.png?branch=master']",True,True,True,True,.readthedocs.yaml,2,True,,,0,True,True,,True,ora2,"['3', '3.12']",http://github.com/openedx/edx-ora2,True,True,True,False
openedx/openedx-proposals,,,,,,,7,0,0.9,48222,True,2026-08-25,True,True,False,False,45,0,0,0,0,30,45,0,0,0,True,,False,False,True,False,False,True,True,True,True,True,False,False,False,True,False,False,False,False,2026-08-17 12:44:13,True,False,False,False,False,False,False,False,,openedx,4,"['https://openedx.slack.com/archives/C1L370YTZ: 403', 'https://github.com/openedx/openedx-proposals/blob/main/LICENSE.txt: 404']",False,"['https://docs.openedx.org/projects/openedx-proposals/', 'https://openedx.org/r/how-to-contribute', 'https://discuss.openedx.org/c/announcements/17', 'https://www.sphinx-doc.org/en/master/usage/restructuredtext/basics.html', 'https://docs.openedx.org/en/latest/developers/quickstarts/first_openedx_pr.html', 'http://graphviz.org/', 'https://discuss.openedx.org/', 'https://openedx.org/code-of-conduct/', 'https://backstage.openedx.org/catalog/default/component/openedx-proposals', 'https://img.shields.io/badge/License-CC_BY--SA_4.0-lightgrey.svg', 'https://readthedocs.org/projects/openedx-proposals/badge/?version=latest', 'https://img.shields.io/badge/Status-Maintained-brightgreen', 'https://img.shields.io/github/contributors/openedx/openedx-proposals.svg']",True,True,True,True,.readthedocs.yaml,2,False,,,,False,False,,False,,[],,False,False,False,False
openedx/xblocks-extra,,,,,,,5,18,0.9655,58,True,2026-08-25,True,True,False,False,0,0,0,0,0,0,0,0,0,0,False,,False,False,True,False,False,True,True,True,True,False,False,False,True,False,False,False,True,False,2026-08-24 14:13:22,True,False,False,False,False,True,False,False,,openedx,0,[],False,"['https://github.com/openedx-unsupported/AudioXBlock', 'https://github.com/openedx/FeedbackXBlock', 'https://github.com/openedx/xblock-free-text-response', 'https://github.com/openedx-unsupported/xblock-image-modal', 'https://github.com/openedx-unsupported/xblock-qualtrics-survey', 'https://github.com/openedx/xblock-sql-grader', 'https://github.com/openedx-unsupported/xblock-submit-and-compare', 'https://github.com/openedx/xblocks-extra.git', 'https://docs.openedx.org/en/latest/developers/concepts/oep58.html', 'https://github.com/openedx/openedx-translations', 'https://openedx.org/contributor-guidelines']",True,True,False,True,.readthedocs.yaml,2,False,,,,False,False,,False,,[],,True,False,True,False
openedx/sample-plugin,,,,,,,2,24,1.0,64,False,2026-08-25,False,False,False,False,0,0,0,0,0,0,0,0,0,0,False,,False,False,True,False,False,False,True,True,False,False,False,False,False,False,False,False,False,False,2026-08-04 13:54:10,True,False,False,False,False,False,False,False,,openedx,0,[],False,"['https://docs.openedx.org/projects/edx-django-utils/en/latest/plugins/how_tos/how_to_create_a_plugin_app.html', 'https://docs.openedx.org/projects/openedx-events/en/latest/', 'https://docs.openedx.org/projects/openedx-filters/en/latest/', 'https://docs.openedx.org/en/latest/site_ops/how-tos/use-frontend-plugin-slots.html', 'https://github.com/openedx/paragon', 'https://docs.tutor.edly.io/', 'https://docs.tutor.edly.io/install.html', 'https://github.com/overhangio/tutor-mfe', 'https://github.com/openedx/openedx-tutor-plugins/tree/main/plugins/tutor-contrib-paragon', 'https://cdn.jsdelivr.net/gh/openedx/sample-plugin@main/brand-sample/dist/light.min.css', 'https://openedx.org/slack', 'https://discuss.openedx.org', 'https://github.com/openedx/sample-plugin/issues']",True,True,False,False,,,False,,,,False,False,,False,,[],,False,False,False,False
openedx/codejail-service,,,,,,,0,5,0.0,,True,2026-08-25,False,False,False,False,138,0,0,0,0,58,138,7,8,4,True,,True,True,True,False,True,True,True,True,False,False,False,True,False,True,True,False,True,True,2026-07-30 14:21:53,True,False,True,False,False,True,False,False,,openedx,0,"['https://openedx.slack.com/: 403', 'https://docs.openedx.org/projects/codejail-service: 404']",True,"['https://github.com/openedx/codejail', 'https://docs.openedx.org/en/latest/developers/how-tos/get-ready-for-python-dev.html', 'https://github.com/openedx/codejail-service/issues/3', 'https://discuss.openedx.org', 'https://github.com/openedx/codejail-service/issues', 'https://openedx.org/getting-help', 'https://openedx.org/slack', 'https://openedx.org/r/how-to-contribute', 'https://openedx.org/code-of-conduct/', 'https://backstage.openedx.org/catalog/default/component/codejail-service', 'https://github.com/openedx/codejail-service/workflows/Python%20CI/badge.svg', 'https://github.com/openedx/codejail-service/actions', 'https://codecov.io/github/openedx/codejail-service/coverage.svg?branch=main', 'https://codecov.io/github/openedx/codejail-service?branch=main', 'https://readthedocs.org/projects/codejail-service/badge/?version=latest', 'https://img.shields.io/github/license/openedx/codejail-service.svg', 'https://github.com/openedx/codejail-service/blob/main/LICENSE.txt', 'https://img.shields.io/badge/Status-Maintained-brightgreen']",True,True,True,True,.readthedocs.yaml,2,True,,,0,True,True,,False,,[],,True,True,True,False
openedx/openedx-aspects,,,,,,,4,5,1.0,56644,True,2026-08-25,True,True,False,False,0,0,0,0,0,0,0,0,0,0,False,,False,False,True,False,False,True,True,True,True,False,False,False,True,False,False,False,False,False,2026-08-24 15:17:15,True,False,False,False,False,False,False,False,,openedx,0,[],False,"['https://docs.astral.sh/uv/', 'https://astral.sh/uv/install.sh', 'https://github.com/orgs/openedx/projects/5/views/1', 'https://docs.openedx.org/projects/openedx-aspects', 'https://github.com/openedx/tutor-contrib-aspects']",True,True,False,True,.readthedocs.yaml,2,False,,,,False,False,,False,,[],,False,False,False,False
openedx/training-courses,,,,,,,0,0,,,False,2026-08-25,False,False,False,False,0,0,0,0,0,0,0,0,0,0,False,,False,False,False,False,False,True,True,True,False,False,False,False,False,False,False,False,False,False,2026-05-19 13:23:02,True,False,False,False,False,False,False,False,,openedx,0,[],False,"['https://creativecommons.org/licenses/by-sa/4.0/', 'http://creativecommons.org/licenses/by-nc-sa/3.0/us/']",True,True,False,False,,,False,,,,False,False,,False,,[],,False,False,False,False
openedx/frontend-app-communications,,,,,,,1,5,1.0,1743,False,2026-08-25,False,False,False,False,39,0,0,29,10,0,0,0,0,0,False,,False,False,True,False,False,True,True,True,False,False,True,False,False,False,False,False,False,False,2026-08-24 00:08:05,True,False,False,False,False,False,False,False,@edx/frontend-app-communications,openedx,0,"['https://openedx.slack.com/: 403', 'https://openedx.slack.com/archives/C04BM6YC7A6: 403', 'https://open-edx-backstage.herokuapp.com/catalog/default/component/frontend-app-communications: 404']",False,"['https://github.com/overhangio/tutor', 'https://github.com/overhangio/tutor-mfe?tab=readme-ov-file', 'https://github.com/edx/frontend-app-communications.git', 'https://github.com/nvm-sh/nvm', 'https://github.com/openedx/frontend-plugin-framework', 'https://github.com/openedx/frontend-platform/blob/master/docs/how_tos/i18n.rst', 'https://discuss.openedx.org', 'https://github.com/openedx/frontend-app-communications/issues', 'https://openedx.org/slack', 'https://openedx.org/community/connect', 'https://openedx.org/r/how-to-contribute', 'https://openedx.org/code-of-conduct/', 'https://img.shields.io/github/license/openedx/frontend-app-communications.svg', 'https://github.com/openedx/frontend-app-communications/blob/master/LICENSE', 'https://img.shields.io/badge/Status-Maintained-brightgreen', 'https://github.com/openedx/frontend-app-communications/actions/workflows/ci.yml/badge.svg', 'https://github.com/openedx/frontend-app-communications/actions/workflows/ci.yml', 'https://codecov.io/github/openedx/frontend-app-communications/coverage.svg?branch=master', 'https://codecov.io/github/openedx/frontend-app-communications?branch=master']",True,True,True,False,,,True,2022-12-12,,0,False,False,,False,,[],,False,False,False,False
openedx/edx-bootstrap,,,,,,,1,1,,,False,2026-08-25,False,False,False,False,19,0,0,1,18,0,0,0,0,0,False,,False,False,True,False,False,False,True,True,False,False,True,False,False,False,False,False,False,False,2026-08-11 23:41:11,True,False,False,False,False,False,False,False,@edx/edx-bootstrap,openedx,0,"['https://badge.fury.io/js/%40edx%2Fedx-bootstrap: 403', 'https://openedx.slack.com/messages/C0EUBSV7D: 403', 'https://openedx.slack.com/messages/C02BMP2RD5Y: 403']",False,"['https://badge.fury.io/js/%40edx%2Fedx-bootstrap.svg', 'http://getbootstrap.com', 'https://github.com/openedx/edx-bootstrap.git', 'https://github.com/nvm-sh/nvm', 'https://github.com/openedx/edx-bootstrap/blob/master/LICENSE', 'https://open.edx.org/wp-content/uploads/2019/01/individual-contributor-agreement.pdf', 'https://github.com/openedx/.github/blob/master/CONTRIBUTING.md']",True,True,True,False,,,True,2026-04-06,2023-05-15,5,False,False,,False,,[],,False,False,False,False
openedx/edx-search,,,,,,,2,5,0.8333,7,True,2026-08-25,False,False,False,False,97,0,0,0,0,61,97,6,7,5,False,,True,False,True,False,False,True,True,True,False,True,False,True,False,True,False,True,True,False,2026-08-24 00:17:50,True,False,True,False,True,True,False,False,,openedx,2,['https://coveralls.io/github/edx/edx-search?branch=master: 403'],False,"['https://github.com/openedx/edx-search/workflows/Python%20CI/badge.svg?branch=master', 'https://github.com/openedx/edx-search/actions?query=workflow%3A%22Python+CI%22', 'https://coveralls.io/repos/edx/edx-search/badge.svg?branch=master&service=github', 'https://docs.openedx.org/en/latest/site_ops/how-tos/use_typesense_search_backend.html', 'https://github.com/typesense/typesense-python']",True,True,False,False,,,False,,,,False,True,,True,edx-search,"['3', '3.12']",https://github.com/openedx/edx-search,True,True,True,False
openedx/event-routing-backends,,,,,,,3,4,0.8889,283327,True,2026-08-25,True,True,False,False,147,0,0,0,0,64,147,12,15,8,True,,True,True,True,True,True,True,True,True,True,True,False,True,False,True,True,True,True,False,2026-08-12 05:32:12,True,True,True,False,False,True,False,False,,openedx,0,['https://openedx.slack.com/: 403'],True,"['https://github.com/openedx/event-tracking', 'https://open-edx-proposals.readthedocs.io/en/latest/oep-0026-arch-realtime-events.html', 'https://event-routing-backends.readthedocs.io/en/latest/', 'https://github.com/openedx/.github/blob/master/CONTRIBUTING.md', 'https://discuss.openedx.org', 'https://openedx.org/getting-help', 'https://openedx.org/slack', 'https://img.shields.io/pypi/v/event-routing-backends.svg', 'https://pypi.python.org/pypi/event-routing-backends/', 'https://github.com/openedx/event-routing-backends/workflows/Python%20CI/badge.svg?branch=master', 'https://github.com/openedx/event-routing-backends/actions?query=workflow%3A%22Python+CI%22', 'https://codecov.io/github/edx/event-routing-backends/coverage.svg?branch=master', 'https://codecov.io/github/edx/event-routing-backends?branch=master', 'https://readthedocs.org/projects/event-routing-backends/badge/?version=latest', 'https://img.shields.io/pypi/pyversions/event-routing-backends.svg', 'https://img.shields.io/github/license/edx/event-routing-backends.svg', 'https://github.com/openedx/event-routing-backends/blob/master/LICENSE.txt']",True,True,True,True,.readthedocs.yaml,2,False,,,,True,True,,True,edx-event-routing-backends,"['3', '3.12']",https://github.com/openedx/event-routing-backends,True,True,True,False
openedx/frontend-app-learner-record,,,,,,,4,5,0.5714,6,False,2026-08-25,True,True,False,False,38,0,0,29,9,0,0,0,0,0,False,,False,False,True,False,False,True,True,True,True,False,True,False,False,False,False,False,False,False,2026-08-10 17:18:02,True,False,False,False,False,True,False,False,@edx/frontend-app-learner-record,openedx,0,"['https://en.wikipedia.org/wiki/Verifiable_credentials: 403', 'https://openedx.slack.com/: 403', 'https://open-edx-backstage.herokuapp.com/catalog/default/component/: 404', 'https://travis-ci.com/edx/frontend-app-learner-record: 404']",True,"['https://www.edx.org', 'https://github.com/openedx/frontend-plugin-framework', 'https://edx-credentials.readthedocs.io/en/latest/learner_records.html', 'https://github.com/edx/frontend-template-application/blob/master/docs/decisions/0002-feature-based-application-organization.rst', 'https://openedx.atlassian.net/wiki/spaces/FEDX/pages/2629829454/Micro+Frontend+MFE+Onboarding', 'https://discuss.openedx.org', 'https://github.com/openedx/frontend-app-learner-record/issues', 'https://openedx.org/slack', 'https://openedx.org/getting-help', 'https://openedx.org/r/how-to-contribute', 'https://openedx.org/code-of-conduct/', 'https://api.travis-ci.com/edx/frontend-app-learner-record.svg?branch=master', 'https://codecov.io/gh/edx/frontend-app-learner-record/branch/master/graph/badge.svg', 'https://codecov.io/gh/edx/frontend-app-learner-record', 'https://img.shields.io/npm/l/@edx/frontend-app-learner-record.svg', 'https://github.com/openedx/frontend-app-learner-record/blob/master/LICENSE']",True,True,True,False,,,True,2026-04-06,2024-10-28,3,False,False,,False,,[],,False,False,False,False
openedx/staff-graded-xblock,,,,,,,3,2,0.7826,1265275,True,2026-08-25,True,True,False,False,99,0,0,0,0,56,99,12,16,10,False,,False,False,True,False,True,True,True,True,True,True,False,True,False,True,False,True,True,False,2026-08-24 00:11:01,True,False,True,False,True,True,True,True,,openedx,3,"['https://django-statici18n.readthedocs.io/en/latest/: 404', 'https://www.gnu.org/software/gettext/manual/html_node/PO-Files.html: HTTPSConnectionPool(host=\'www.gnu.org\', port=443): Max retries exceeded with url: /software/gettext/manual/html_node/PO-Files.html (Caused by NewConnectionError(""HTTPSConnection(host=\'www.gnu.org\', port=443): Failed to establish a new connection: [Errno 101] Network is unreachable""))']",False,"['https://docs.openedx.org/projects/xblock/en/latest/xblock-tutorial/edx_platform/edx_lms.html', 'https://docs.openedx.org/en/latest/developers/references/developer_guide/internationalization/i18n.html', 'https://github.com/openedx/i18n-tools', 'https://docs.djangoproject.com/en/1.11/topics/i18n/translation/', 'https://docs.transifex.com/integrations/django']",True,True,False,False,,,False,,,,True,True,,True,staff-graded-xblock,"['3', '3.12']",https://github.com/openedx/staff_graded-xblock,True,True,True,False
openedx/xblock-free-text-response,,,,,,,0,0,0.0,6,True,2026-08-25,True,True,False,False,81,0,0,0,3,16,78,5,5,4,False,,True,False,True,False,False,True,True,True,True,True,True,True,False,True,False,True,True,False,2026-05-15 04:57:19,True,False,True,False,False,True,False,False,,openedx,7,['https://coveralls.io/github/Stanford-Online/xblock-free-text-response?branch=master: 403'],False,"['https://coveralls.io/repos/github/Stanford-Online/xblock-free-text-response/badge.svg?branch=master', 'https://github.com/openedx/xblock-free-text-response/workflows/Python%20CI/badge.svg?branch=master', 'https://github.com/openedx/xblock-free-text-response/actions?query=workflow%3A%22Python+CI%22']",True,True,False,False,,,True,,,0,True,False,,True,xblock-free-text-response,"['3', '3.11', '3.12']",https://github.com/Stanford-Online/xblock-free-text-response,True,True,True,False
openedx/acid-block,,,,,,,3,0,0.5714,1540996,True,2026-08-25,True,True,False,False,45,0,0,0,0,14,45,4,4,3,False,,False,False,True,False,False,True,True,True,True,True,False,True,False,True,False,True,False,False,2026-08-25 02:47:18,True,False,True,False,True,True,False,True,,openedx,2,[],False,[],True,True,False,False,,,False,,,,False,True,,True,acid-xblock,"['3', '3.11', '3.12']",https://github.com/openedx/acid-block,False,False,False,False
openedx/tutor-contrib-aspects,,,,,,,11,10,0.9583,53763,True,2026-08-25,True,True,False,False,83,0,0,0,0,46,83,0,0,0,False,,False,False,True,False,False,True,True,True,True,False,False,False,True,True,True,True,False,False,2026-08-24 17:31:33,True,False,False,False,False,True,False,False,,openedx,5,[],False,"['https://docs.tutor.overhang.io', 'https://clickhouse.com', 'https://superset.apache.org', 'https://openfun.github.io/ralph/', 'https://vector.dev', 'https://event-routing-backends.readthedocs.io/en/latest/', 'https://www.getdbt.com', 'https://github.com/openedx/aspects-dbt', 'https://docs.openedx.org/projects/openedx-aspects/en/latest/technical_documentation/concepts/aspects_overview.html', 'https://docs.openedx.org/projects/openedx-aspects/en/latest/technical_documentation/how-tos/02_upgrade.html', 'https://docs.tutor.overhang.io/install.html', 'https://docs.tutor.edly.io/gettingstarted/whatsnext.html', 'https://github.com/eduNEXT/tutor-contrib-pod-autoscaling', 'https://pypi.org', 'https://openedx.atlassian.net/wiki/spaces/COMM/pages/3861512203/Aspects+Beta', 'https://superset.apache.org/docs', 'https://www.getdbt.com/docs/', 'https://vector.dev/docs/', 'https://github.com/openedx/frontend-plugin-aspects', 'https://docs.openedx.org/projects/openedx-aspects/en/latest/technical_documentation/how-tos/aspects_production_configuration.html', 'https://docs.openedx.org/projects/openedx-aspects/en/latest/reference/in_context_dashboards.html']",True,True,False,False,,,False,,,,False,False,"{
        ""Code"": ""https://github.com/openedx/tutor-contrib-aspects"",
        ""Issue tracker"": ""https://github.com/openedx/tutor-contrib-aspects/issues"",
    }",True,tutor-contrib-aspects,"['3.11', '3.12']",https://github.com/openedx/tutor-contrib-aspects,False,False,False,False
openedx/openedx-app-firebase-analytics-ios,,,,,,,1,0,,,False,2026-08-25,False,False,False,False,0,0,0,0,0,0,0,0,0,0,False,,False,False,True,False,False,False,True,True,False,False,False,False,False,False,False,False,False,False,2026-07-30 14:21:50,True,False,False,False,False,False,False,False,,openedx,0,"['https://github.com/user-attachments/assets/fdd60f8b-bd61-4c3d-b97f-4b28323ec369: 403', 'https://github.com/user-attachments/assets/ef7b07a5-9fdf-4bbe-b47f-ba328a6faafb: 403']",False,"['https://github.com/openedx/openedx-app-firebase-analytics-ios', 'https://firebase.google.com/docs/ios/setup']",True,True,False,False,,,False,,,,False,False,,False,,[],,False,False,False,False
openedx/django-require,,,,,,,1,0,,,False,2026-08-25,True,True,False,False,0,0,0,0,0,0,0,0,0,0,False,,True,False,True,False,False,False,True,True,True,False,False,False,False,False,False,True,True,False,2026-05-30 14:54:07,True,False,False,False,False,False,False,False,,openedx,0,"['http://twitter.com/etianen: 520', 'http://www.google.com/profiles/david.etianen: 404']",False,"['https://img.shields.io/pypi/v/openedx-django-require.svg', 'https://pypi.python.org/project/openedx-django-require/', 'https://github.com/openedx/django-require/workflows/Python%20CI/badge.svg?branch=main', 'https://github.com/openedx/django-require/actions', 'https://codecov.io/github/openedx/django-require/coverage.svg?branch=main', 'https://codecov.io/github/openedx/django-require?branch=main', 'http://requirejs.org/', 'https://github.com/openedx/edx-platform', 'https://github.com/edx/django-require', 'https://github.com/vtemian/django-require', 'https://github.com/etianen/django-require', 'https://github.com/openedx/django-require/releases/tag/final-bsd-3c-contribution', 'https://openedx.org/r/how-to-contribute', 'https://openedx.org/code-of-conduct/', 'https://backstage.openedx.org/catalog/default/component/django-require', 'https://github.com/requirejs/almond', 'http://django-storages.readthedocs.org/en/latest/', 'https://github.com/etianen/django-require-s3', 'https://github.com/collab-project/django-require-license', 'http://github.com/etianen/django-require', 'http://groups.google.com/group/django-require', 'http://www.etianen.com/']",True,True,True,False,,,False,,,,False,False,,True,openedx-django-require,"['3.11', '3.12']",https://github.com/etianen/django-require,True,False,True,False
openedx/xblocks-core,,,,,,,8,30,0.7742,8,True,2026-08-25,True,True,False,False,0,0,0,0,0,0,0,0,0,0,False,,False,True,True,False,False,True,True,True,True,False,True,False,True,False,False,False,True,False,2026-08-24 13:24:29,True,False,False,False,False,True,False,False,,openedx,0,"['https://www.gnu.org/software/gettext/manual/html_node/PO-Files.html: HTTPSConnectionPool(host=\'www.gnu.org\', port=443): Max retries exceeded with url: /software/gettext/manual/html_node/PO-Files.html (Caused by NewConnectionError(""HTTPSConnection(host=\'www.gnu.org\', port=443): Failed to establish a new connection: [Errno 101] Network is unreachable""))']",False,"['https://github.com/openedx/xblocks-extra', 'https://github.com/openedx/edx-ora2', 'https://docs.astral.sh/uv/', 'https://docs.astral.sh/uv/getting-started/installation/', 'https://docs.openedx.org/projects/xblock/en/latest/xblock-tutorial/edx_platform/edx_lms.html', 'https://github.com/openedx/i18n-tools', 'https://docs.openedx.org/en/latest/developers/references/developer_guide/internationalization/i18n.html', 'https://github.com/openedx/openedx-translations', 'https://docs.openedx.org/en/latest/developers/concepts/oep58.html', 'https://developers.transifex.com/docs/cli', 'https://docs.djangoproject.com/en/5.2/topics/i18n/translation/']",True,True,False,True,.readthedocs.yaml,2,True,2026-04-01,,0,False,False,,False,,[],,True,True,True,False
openedx/enterprise-subsidy,,,,,,,2,0,0.75,1530584,True,2026-08-25,True,True,False,False,178,0,0,0,0,92,178,20,28,15,False,,True,True,True,True,True,True,True,True,True,True,False,True,False,True,True,False,True,True,2026-08-24 10:49:47,True,True,True,False,False,True,False,False,,openedx,3,"['https://openedx.slack.com/: 403', ""https://open-edx-backstage.herokuapp.com/catalog/default/component/enterprise-subsidy: HTTPSConnectionPool(host='open-edx-backstage.herokuapp.com', port=443): Max retries exceeded with url: /catalog/default/component/enterprise-subsidy (Caused by SSLError(SSLError(1, '[SSL: TLSV1_UNRECOGNIZED_NAME] tlsv1 unrecognized name (_ssl.c:1010)')))""]",True,"['https://github.com/openedx/enterprise-subsidy/tree/main/docs/decisions', 'https://github.com/openedx/enterprise-subsidy/tree/main/docs/caching.rst', 'https://discuss.openedx.org', 'https://github.com/openedx/enterprise-subsidy/issues', 'https://openedx.org/slack', 'https://openedx.org/getting-help', 'https://openedx.org/r/how-to-contribute', 'https://openedx.org/code-of-conduct/', 'https://github.com/openedx/enterprise-subsidy/workflows/Python%20CI/badge.svg?branch=main', 'https://github.com/openedx/enterprise-subsidy/actions', 'https://codecov.io/github/openedx/enterprise-subsidy/coverage.svg?branch=main', 'https://codecov.io/github/openedx/enterprise-subsidy?branch=main', 'https://img.shields.io/github/license/openedx/enterprise-subsidy.svg', 'https://github.com/openedx/enterprise-subsidy/blob/main/LICENSE.txt', 'https://img.shields.io/badge/Status-Maintained-brightgreen']",True,True,True,True,.readthedocs.yaml,2,True,,,0,True,True,,False,,[],,True,True,True,False
openedx/ccx-keys,,,,,,,1,0,0.0,7,True,2026-08-25,True,True,False,False,49,0,0,0,0,6,49,3,3,2,False,,True,False,True,False,False,True,True,True,True,True,False,True,False,True,False,True,True,False,2026-05-30 13:49:33,True,True,True,False,False,True,False,False,,openedx,2,"['https://github.com/openedx/ccx-keys/actions/workflows/ci.yaml/badge.svg: 404', 'https://coveralls.io/r/edx/ccx-keys: 403']",False,"['http://code.edx.org/', 'https://github.com/edx/jenkins-job-dsl/actions/workflows/ci.yml', 'https://coveralls.io/repos/edx/ccx-keys/badge.svg', 'https://github.com/openedx/opaque-keys', 'http://opaque-keys.readthedocs.org/en/latest/', 'https://github.com/openedx/edx-platform/wiki/Opaque-Keys']",True,True,False,False,,,False,,,,False,True,,True,edx-ccx-keys,"['3', '3.12']",https://github.com/openedx/ccx-keys,False,True,True,False
openedx/openedx-app-firebase-analytics-android,,,,,,,1,0,,,False,2026-08-25,False,False,False,False,0,0,0,0,0,0,0,0,0,0,False,,False,False,True,False,False,False,True,True,False,False,False,False,False,False,False,False,False,False,2026-07-30 14:21:51,True,False,False,False,False,False,False,False,,openedx,0,[],False,['https://jitpack.io'],True,True,False,False,,,False,,,,False,False,,False,,[],,False,False,False,False
openedx/edx-django-utils,,,,,,,3,1,0.7,643834,True,2026-08-25,True,True,False,False,122,0,0,0,0,11,122,6,8,3,True,,True,False,True,False,True,True,True,True,True,True,False,True,False,True,True,True,True,True,2026-08-10 20:56:35,True,True,True,False,False,True,False,False,,openedx,3,['https://openedx.slack.com/: 403'],True,"['https://edx-django-utils.readthedocs.org', 'https://docs.openedx.org/en/latest/developers/how-tos/get-ready-for-python-dev.html', 'https://discuss.openedx.org', 'https://github.com/openedx/django-config-models/issues', 'https://openedx.org/slack', 'https://openedx.org/getting-help', 'https://github.com/openedx/.github/blob/master/CONTRIBUTING.md', 'https://github.com/openedx/edx-django-utils/blob/master/.github/PULL_REQUEST_TEMPLATE.md', 'https://github.com/openedx/edx-django-utils/blob/master/.github/ISSUE_TEMPLATE.md', 'https://openedx.org/code-of-conduct/', 'https://backstage.openedx.org/catalog/default/component/edx-django-utils', 'https://img.shields.io/pypi/v/edx-django-utils.svg', 'https://pypi.python.org/pypi/edx-django-utils/', 'https://github.com/openedx/edx-django-utils/workflows/Python%20CI/badge.svg?branch=master', 'https://github.com/openedx/edx-django-utils/actions?query=workflow%3A%22Python+CI%22', 'http://codecov.io/github/edx/edx-django-utils/coverage.svg?branch=master', 'http://codecov.io/github/edx/edx-django-utils?branch=master', 'https://readthedocs.org/projects/edx-django-utils/badge/?version=latest', 'http://edx-django-utils.readthedocs.io/en/latest/', 'https://img.shields.io/pypi/pyversions/edx-django-utils.svg', 'https://img.shields.io/github/license/edx/edx-django-utils.svg', 'https://github.com/openedx/edx-django-utils/blob/master/LICENSE.txt', 'https://img.shields.io/badge/Status-Maintained-brightgreen']",True,True,True,True,.readthedocs.yaml,2,False,,,,True,True,,True,edx-django-utils,"['3', '3.12']",https://github.com/openedx/edx-django-utils,True,True,True,False
openedx/frontend-components-tinymce-advanced-plugins,,,,,,,0,0,,,False,2026-08-25,False,False,False,False,7,0,0,1,6,0,0,0,0,0,False,,False,False,True,False,False,True,True,True,False,False,True,False,False,False,False,False,False,False,2026-05-19 11:22:23,True,False,False,False,False,True,False,False,,openedx,0,"['https://www.npmjs.com/package/frontend-components-tinymce-advanced-plugins: 403', 'https://github.com/frontend-components-tinymce-advanced-plugins/blob/master/LICENSE: 404']",False,"['https://img.shields.io/npm/v/frontend-components-tinymce-advanced-plugins.svg', 'https://img.shields.io/npm/dt/frontend-components-tinymce-advanced-plugins.svg', 'https://img.shields.io/npm/l/frontend-components-tinymce-advanced-plugins.svg']",True,True,False,False,,,True,2026-03-30,,0,False,False,,False,,[],,False,False,False,False
openedx/frontend-build,,,,,,,2,15,1.0,86,False,2026-08-25,False,False,False,False,73,0,0,70,3,0,0,0,0,0,False,,False,False,True,False,False,False,True,True,False,True,True,False,False,False,False,False,False,False,2026-08-18 17:01:21,True,False,False,False,False,False,False,False,,openedx,0,"['https://travis-ci.com/edx/frontend-build: 404', 'https://openedx.slack.com/: 403', 'https://openedx.slack.com/archives/C04BM6YC7A6: 403']",False,"['https://api.travis-ci.com/edx/frontend-build.svg?branch=master', 'https://img.shields.io/npm/v/@openedx/frontend-build.svg', 'https://img.shields.io/codecov/c/github/edx/frontend-build', 'https://codecov.io/gh/edx/frontend-build', 'https://img.shields.io/npm/l/@openedx/frontend-build.svg', 'https://github.com/edx-unsupported/frontend-base/blob/master/LICENSE', 'https://github.com/openedx/frontend-build.git', 'https://github.com/nvm-sh/nvm', 'https://github.com/openedx/devstack/tree/master/docs/decisions/0005-frontend-package-mounts.rst', 'https://webpack.js.org/configuration/resolve/', 'https://openedx.org/r/how-to-contribute', 'https://discuss.openedx.org', 'https://openedx.org/slack', 'https://github.com/openedx/frontend-build/issues', 'https://openedx.org/community/connect', 'https://developer.chrome.com/docs/lighthouse/overview/', 'https://github.com/openedx/wg-frontend/issues/138']",True,True,True,False,,,True,2026-03-27,2026-01-31,1,False,False,,False,,[],,False,False,False,False
openedx/i18n-tools,,,,,,,2,1,0.75,99,True,2026-08-25,True,True,False,False,54,0,0,0,0,8,54,2,2,1,False,,True,False,True,False,False,True,True,True,True,True,False,True,False,True,True,True,True,False,2026-08-17 21:35:47,True,False,True,False,True,True,False,True,,openedx,3,"['https://travis-ci.com/edx/i18n-tools: 404', 'https://coveralls.io/r/edx/i18n-tools: 403']",False,"['https://www.transifex.com/', 'https://www.transifex.com', 'https://github.com/openedx/edx-platform/blob/master/conf/locale/config.yaml', 'https://travis-ci.com/edx/i18n-tools.svg?branch=master', 'https://coveralls.io/repos/edx/i18n-tools/badge.png']",True,True,False,False,,,False,,,,False,True,,True,edx-i18n-tools,['3.12'],https://github.com/openedx/i18n-tools,True,True,True,False
openedx/frontend-base,,,,,,,3,45,0.4444,1284,False,2026-08-25,False,False,False,False,97,0,0,81,16,0,0,0,0,0,False,,False,False,True,False,False,True,True,True,False,False,True,False,False,False,False,False,False,False,2026-08-21 21:15:37,True,False,False,False,False,False,False,False,,openedx,0,"['http://apps.local.openedx.io: HTTPConnectionPool(host=\'apps.local.openedx.io\', port=80): Max retries exceeded with url: / (Caused by NewConnectionError(""HTTPConnection(host=\'apps.local.openedx.io\', port=80): Failed to establish a new connection: [Errno 111] Connection refused""))', 'https://open-edx-proposals.readthedocs.io/en/latest/processes/oep-0010/decisions/0002-frontend-release-branches.html: 404', 'https://openedx.slack.com/archives/C04BM6YC7A6: 403']",False,"['https://open-edx-proposals.readthedocs.io/en/latest/architectural-decisions/oep-0065-arch-frontend-composability.html', 'https://github.com/openedx/frontend-build', 'https://github.com/openedx/frontend-platform', 'https://github.com/openedx/frontend-plugin-framework', 'https://github.com/openedx/frontend-component-header', 'https://github.com/openedx/frontend-component-footer', 'https://github.com/openedx/frontend-template-site/blob/main/package.json', 'https://docs.npmjs.com/cli/using-npm/workspaces', 'https://github.com/openedx/frontend-template-site', 'https://open-edx-proposals.readthedocs.io/en/latest/architectural-decisions/oep-0065/decisions/0001-unified-platform-repository.html', 'https://github.com/orgs/openedx/projects/65/views/1']",True,True,False,False,,,True,2026-04-21,2025-04-25,1,False,False,,False,,[],,False,False,False,False
openedx/edx-ace,,,,,,,1,0,,,True,2026-08-25,False,False,False,False,146,0,0,0,0,107,146,6,8,4,True,,True,False,True,False,True,True,True,True,False,True,False,True,False,True,True,True,True,True,2026-05-30 15:07:05,True,True,True,False,False,True,False,False,,openedx,0,"['https://openedx.slack.com/: 403', 'https://open-edx-backstage.herokuapp.com/catalog/default/component/edx-ace: 404', 'https://travis-ci.com/edx/edx-ace: 404', 'https://www.gnu.org/licenses/agpl-3.0: HTTPSConnectionPool(host=\'www.gnu.org\', port=443): Max retries exceeded with url: /licenses/agpl-3.0 (Caused by NewConnectionError(""HTTPSConnection(host=\'www.gnu.org\', port=443): Failed to establish a new connection: [Errno 101] Network is unreachable""))']",True,"['https://edx-ace.readthedocs.io/en/latest/', 'https://github.com/openedx/edx-ace/blob/master/docs/getting_started.rst', 'https://discuss.openedx.org', 'https://github.com/openedx/edx-ace/issues', 'https://openedx.org/slack', 'https://openedx.org/getting-help', 'https://openedx.org/r/how-to-contribute', 'https://github.com/openedx/edx-ace/blob/master/.github/PULL_REQUEST_TEMPLATE.md', 'https://github.com/openedx/edx-ace/blob/master/.github/ISSUE_TEMPLATE.md', 'https://openedx.org/code-of-conduct/', 'https://img.shields.io/pypi/v/edx-ace.svg', 'https://pypi.python.org/pypi/edx-ace/', 'https://travis-ci.com/edx/edx-ace.svg?branch=master', 'http://codecov.io/github/edx/edx-ace/coverage.svg?branch=master', 'http://codecov.io/github/edx/edx-ace?branch=master', 'https://readthedocs.org/projects/edx-ace/badge/?version=latest', 'http://edx-ace.readthedocs.io/en/latest/', 'https://img.shields.io/pypi/pyversions/edx-ace.svg', 'https://img.shields.io/github/license/edx/edx-ace.svg', 'https://github.com/openedx/edx-ace/blob/master/LICENSE.txt', 'https://img.shields.io/badge/License-AGPL_v3-blue.svg', 'https://github.com/openedx/edx-ace/actions/workflows/ci.yml/badge.svg', 'https://github.com/openedx/edx-ace/actions/workflows/ci.yml', 'https://github.com/openedx/edx-ace/actions/workflows/pypi-publish.yml/badge.svg', 'https://github.com/openedx/edx-ace/actions/workflows/pypi-release.yml', 'https://img.shields.io/badge/Status-Maintained-brightgreen']",True,True,True,False,,,False,,,,True,True,,True,edx-ace,"['3', '3.12']",https://github.com/openedx/edx-ace,True,True,True,False
openedx/pytest-repo-health,,,,,,,3,2,0.8889,1727584,True,2026-08-25,True,True,False,False,88,0,0,0,0,21,88,2,2,1,False,,False,False,True,False,True,True,True,True,True,True,False,True,False,True,False,True,True,False,2026-08-10 20:09:28,True,True,True,False,False,True,False,False,,openedx,0,"['https://ci.appveyor.com/api/projects/status/github/edx/pytest-repo-health?branch=master: 405', 'https://github.com/openedx/pytest-repo-health/blob/master/.github/PULL_REQUEST_TEMPLATE.md: 404', 'https://github.com/openedx/pytest-repo-health/blob/master/.github/ISSUE_TEMPLATE.md: 404', 'http://www.gnu.org/licenses/gpl-3.0.txt: HTTPConnectionPool(host=\'www.gnu.org\', port=80): Max retries exceeded with url: /licenses/gpl-3.0.txt (Caused by NewConnectionError(""HTTPConnection(host=\'www.gnu.org\', port=80): Failed to establish a new connection: [Errno 101] Network is unreachable""))', 'https://pypi.org/project: 404']",True,"['https://img.shields.io/pypi/v/pytest-repo-health.svg', 'https://pypi.org/project/pytest-repo-health', 'https://img.shields.io/pypi/pyversions/pytest-repo-health.svg', 'https://github.com/openedx/pytest-repo-health/workflows/Python%20CI/badge.svg?branch=master', 'https://github.com/openedx/pytest-repo-health/actions?query=workflow%3A%22Python+CI%22', 'https://ci.appveyor.com/project/edx/pytest-repo-health/branch/master', 'https://github.com/openedx/.github/blob/master/CONTRIBUTING.md', 'https://open.edx.org/getting-help', 'https://github.com/openedx/edx-repo-health', 'https://github.com/audreyr/cookiecutter', 'https://github.com/hackebrot', 'http://opensource.org/licenses/BSD-3-Clause', 'http://www.apache.org/licenses/LICENSE-2.0', 'https://github.com/pytest-dev/cookiecutter-pytest-plugin', 'https://github.com/openedx/pytest-repo-health/issues', 'https://github.com/pytest-dev/pytest', 'https://tox.readthedocs.io/en/latest/', 'https://pypi.org/project/pip/']",True,True,True,False,,,False,,,,False,True,,True,pytest-repo-health,"['3', '3.12']",https://github.com/edX/pytest-repo-health,True,True,True,False
openedx/tinymce-language-selector,,,,,,,2,0,1.0,,False,2026-08-25,True,True,False,False,0,0,0,0,0,0,0,0,0,0,False,,False,False,True,False,False,False,True,True,True,False,True,False,False,False,False,False,False,False,2026-07-27 14:41:00,True,False,False,False,False,False,False,False,@edx/tinymce-language-selector,openedx,0,[],False,['https://github.com/semantic-release/semantic-release'],True,True,False,False,,,True,,,0,False,False,,False,,[],,False,False,False,False
openedx/credentials-themes,,,,,,,4,4,0.9091,37775,True,2026-08-25,True,True,False,False,16,0,0,0,16,0,0,0,0,0,False,,False,False,True,False,False,True,True,True,True,True,True,False,True,False,False,False,True,True,2026-08-24 14:15:23,True,False,False,False,False,True,False,False,,openedx,0,[],False,['https://docs.Djangoproject.com/en/1.11/topics/i18n/translation/'],True,True,False,False,,,True,2026-04-10,2026-01-19,2,False,False,,False,,[],,True,False,True,False
openedx/frontend-dev-utils,,,,,,,1,1,,,False,2026-08-25,False,False,False,False,3,0,0,3,0,0,0,0,0,0,False,,False,False,True,False,False,False,True,True,False,False,True,False,False,False,False,False,False,False,2026-05-30 15:25:12,True,False,False,False,False,False,False,False,,openedx,0,[],False,['https://github.com/openedx/frontend-base/'],True,True,False,False,,,False,,,,False,False,,False,,[],,False,False,False,False
openedx/edx-proctoring,,,,,,,1,1,0.8182,7,True,2026-08-25,False,False,False,False,158,0,0,0,17,73,141,16,23,11,False,,True,False,True,True,True,True,True,True,False,True,True,True,False,True,True,True,True,True,2026-07-28 15:57:04,True,True,True,True,True,True,True,True,@edx/edx-proctoring,openedx,6,"['https://open.edx.org/getting-help: 403', 'https://docs.openedx.org/en/latest/educators/concepts/proctored_exams/proctored_exams_overview.html: 404']",True,"['https://img.shields.io/pypi/v/edx-proctoring.svg', 'https://pypi.python.org/pypi/edx-proctoring/', 'https://github.com/openedx/edx-proctoring/workflows/Python%20CI/badge.svg', 'https://github.com/openedx/edx-proctoring/actions?query=workflow%3A%22Python+CI%22', 'https://codecov.io/gh/edx/edx-proctoring/branch/master/graph/badge.svg', 'https://codecov.io/gh/edx/edx-proctoring', 'https://img.shields.io/pypi/pyversions/edx-proctoring.svg', 'https://img.shields.io/github/license/edx/django-component-views.svg', 'https://github.com/openedx/edx-proctoring/blob/master/LICENSE.txt', 'https://github.com/openedx/.github/blob/master/CONTRIBUTING.md']",True,True,True,False,,,True,,,0,True,True,,True,edx-proctoring,['3.12'],https://github.com/openedx/edx-proctoring,True,True,True,False
openedx/course-discovery,,,,,,,1,5,0.9091,7,True,2026-08-25,False,False,False,False,289,0,354,16,1,186,272,37,57,28,False,,True,False,True,False,False,True,True,True,False,False,True,True,False,True,False,False,True,True,2026-08-21 00:44:34,True,False,True,False,False,True,False,False,,openedx,20,"['https://github.com/openedx/course-discovery/blob/master/pytest=no-xdist.ini: 404', 'https://openedx.slack.com/: 403', 'https://github.com/openedx/course-discovery/workflows/Python%20CI/badge.svg?branch=master: 404']",True,"['https://django-elasticsearch-dsl.readthedocs.io/en/latest/management.html', 'https://github.com/pytest-dev/pytest-xdist', 'https://docs.python.org/3/library/pdb.html', 'https://github.com/openedx/course-discovery/blob/master/pytest.ini', 'https://github.com/pytest-dev/pytest/issues/390', 'https://edx-discovery.readthedocs.io/en/latest/', 'https://github.com/openedx/course-discovery/tree/master/docs', 'https://github.com/openedx/course-discovery/blob/master/LICENSE', 'https://openedx.org/r/how-to-contribute', 'https://openedx.org/code-of-conduct/', 'https://discuss.openedx.org', 'https://github.com/openedx/course-discovery/issues', 'https://openedx.org/slack', 'https://openedx.org/getting-help', 'https://github.com/openedx/devstack', 'https://github.com/openedx/course-discovery/actions?query=workflow%3A%22Python+CI%22', 'https://codecov.io/github/openedx/course-discovery/coverage.svg?branch=master', 'https://codecov.io/github/openedx/course-discovery?branch=master', 'https://img.shields.io/badge/Status-Maintained-brightgreen', 'https://img.shields.io/github/license/openedx/course-discovery.svg']",True,True,True,False,,,True,2026-04-08,2024-09-09,7,True,True,,False,,[],,True,False,True,False
openedx/xblock-skill-tagging,,,,,,,2,2,0.8571,2433585,True,2026-08-25,True,True,False,False,133,0,0,0,0,34,133,10,12,7,True,,True,True,True,True,True,True,True,True,True,False,False,True,False,True,True,True,True,False,2026-08-10 20:09:11,True,True,True,False,False,True,False,False,,openedx,0,"['http://edx.devstack.discovery: HTTPConnectionPool(host=\'edx.devstack.discovery\', port=80): Max retries exceeded with url: / (Caused by NameResolutionError(""HTTPConnection(host=\'edx.devstack.discovery\', port=80): Failed to resolve \'edx.devstack.discovery\' ([Errno -2] Name or service not known)""))', 'https://openedx.slack.com/: 403', ""https://open-edx-backstage.herokuapp.com/catalog/default/component/xblock-skill-tagging: HTTPSConnectionPool(host='open-edx-backstage.herokuapp.com', port=443): Max retries exceeded with url: /catalog/default/component/xblock-skill-tagging (Caused by SSLError(SSLError(1, '[SSL: TLSV1_UNRECOGNIZED_NAME] tlsv1 unrecognized name (_ssl.c:1010)')))"", 'https://xblock-skill-tagging.readthedocs.io/en/latest/: 404']",True,"['https://user-images.githubusercontent.com/10894099/210078679-3cbac3d1-55a7-4fba-b841-7fb4468f32c5.png', 'https://user-images.githubusercontent.com/10894099/212285572-efa5cfd5-e9c5-411d-8d15-541c43445ec0.png', 'https://github.com/openedx/taxonomy-connector/blob/master/docs/decisions/0001-xblock-skill-tagging-design.rst', 'https://github.com/openedx/edx-platform', 'https://github.com/openedx/taxonomy-connector', 'https://github.com/openedx/course-discovery', 'https://github.com/openedx/xblock-skill-tagging/blob/main/skill_tagging/handlers.py', 'https://github.com/openedx/event-bus-kafka', 'https://github.com/openedx/event-bus-redis', 'https://openedx.atlassian.net/wiki/spaces/AC/pages/3508699151/How+to+start+using+the+Event+Bus', 'https://discuss.openedx.org', 'https://github.com/openedx/xblock-skill-tagging/issues', 'https://openedx.org/slack', 'https://openedx.org/getting-help', 'https://openedx.org/r/how-to-contribute', 'https://openedx.org/code-of-conduct/', 'https://img.shields.io/pypi/v/skill_tagging.svg', 'https://pypi.python.org/pypi/skill_tagging/', 'https://github.com/openedx/xblock-skill-tagging/workflows/Python%20CI/badge.svg?branch=main', 'https://github.com/openedx/xblock-skill-tagging/actions', 'https://codecov.io/github/openedx/xblock-skill-tagging/coverage.svg?branch=main', 'https://codecov.io/github/openedx/xblock-skill-tagging?branch=main', 'https://readthedocs.org/projects/xblock-skill-tagging/badge/?version=latest', 'https://img.shields.io/pypi/pyversions/skill_tagging.svg', 'https://img.shields.io/github/license/openedx/xblock-skill-tagging.svg', 'https://github.com/openedx/xblock-skill-tagging/blob/main/LICENSE.txt', 'https://img.shields.io/badge/Status-Experimental-yellow', 'https://img.shields.io/badge/Status-Maintained-brightgreen', 'https://img.shields.io/badge/Status-Deprecated-orange', 'https://img.shields.io/badge/Status-Unsupported-red']",True,True,True,True,.readthedocs.yaml,2,False,,,,True,True,,True,skill_tagging,"['3', '3.12']",https://github.com/openedx/xblock-skill-tagging,True,True,True,False
openedx/api-doc-tools,,,,,,,3,3,0.5909,1269730,True,2026-08-25,True,True,False,False,107,0,0,0,0,11,107,5,6,2,True,,True,True,True,False,True,True,True,True,True,True,False,True,False,True,True,True,True,True,2026-08-20 04:26:08,True,True,True,False,False,True,False,False,,openedx,3,[],True,"['https://www.django-rest-framework.org/', 'https://github.com/axnsan12/drf-yasg', 'https://swagger.io/docs/specification/about/', 'https://open.edx.org/', 'https://github.com/openedx/.github/blob/master/CONTRIBUTING.md', 'https://open.edx.org/getting-help', 'https://img.shields.io/pypi/v/edx-api-doc-tools.svg', 'https://pypi.python.org/pypi/edx-api-doc-tools/', 'https://github.com/openedx/api-doc-tools/workflows/Python%20CI/badge.svg?branch=master', 'https://github.com/openedx/api-doc-tools/actions?query=workflow%3A%22Python+CI%22', 'http://codecov.io/github/edx/api-doc-tools/coverage.svg?branch=master', 'http://codecov.io/github/edx/api-doc-tools?branch=master', 'https://readthedocs.org/projects/edx-api-doc-tools/badge/?version=latest', 'http://edx-api-doc-tools.readthedocs.io/en/latest/', 'https://img.shields.io/pypi/pyversions/edx-api-doc-tools.svg', 'https://img.shields.io/github/license/edx/api-doc-tools.svg', 'https://github.com/openedx/api-doc-tools/blob/master/LICENSE.txt']",True,True,True,False,,,False,,,,True,True,,True,edx-api-doc-tools,"['3', '3.12']",https://github.com/openedx/api-doc-tools,True,True,True,False
openedx/edx-enterprise,,,,,,,13,73,0.7636,875,True,2026-08-25,True,True,False,True,259,0,0,2,10,211,247,22,32,16,True,,True,False,True,True,True,True,True,True,True,False,True,True,False,True,True,True,True,True,2026-08-24 21:18:04,True,True,True,False,False,True,False,False,,openedx,4,"['https://github.com/openedx/edx-enterprise/blob/master/LICENSE.txt: 404', 'https://github.com/openedx/edx-enterprise/blob/master/.github/PULL_REQUEST_TEMPLATE_TEMPLATE.md: 404']",True,"['https://img.shields.io/pypi/v/edx-enterprise.svg', 'https://pypi.python.org/pypi/edx-enterprise/', 'http://codecov.io/github/edx/edx-enterprise/coverage.svg?branch=master', 'http://codecov.io/github/edx/edx-enterprise?branch=master', 'https://readthedocs.org/projects/open-edx-enterprise-service-documentation/badge/?version=latest', 'http://open-edx-enterprise-service-documentation.readthedocs.io/en/latest/', 'https://img.shields.io/pypi/pyversions/edx-enterprise.svg', 'https://img.shields.io/github/license/edx/edx-enterprise.svg', 'https://github.com/openedx/.github/blob/master/CONTRIBUTING.md', 'https://openedx.org/getting-help']",True,True,True,True,.readthedocs.yaml,2,True,,,0,True,True,,True,edx-enterprise,"['3', '3.12']",https://github.com/openedx/edx-enterprise,True,True,True,False
openedx/forum,,,,,,,2,12,0.625,49511,True,2026-08-25,False,False,False,False,0,0,0,0,0,0,0,0,0,0,False,,False,True,True,True,False,True,True,True,False,False,False,True,True,False,False,False,True,False,2026-08-13 19:07:30,True,False,False,False,False,True,False,False,,openedx,0,"['https://docs.openedx.org/projects/forum/how-tos/how-to-deploy-this-component.html: 404', 'https://docs.openedx.org/projects/forum: 404', 'https://openedx.slack.com/: 403']",True,"['https://openedx.org', 'https://github.com/openedx/frontend-app-discussions', 'https://github.com/openedx/cs_comments_service', 'https://discuss.openedx.org/t/axim-funded-contribution-proposal-forum-rewrite-from-ruby-mongodb-to-python-mysql/12788', 'https://github.com/overhangio/tutor-forum', 'https://docs.tutor.edly.io/', 'https://docs.tutor.edly.io/tutorials/main.html', 'https://openedx.atlassian.net/wiki/spaces/DOC/pages/21627535/Publish+Documentation+on+Read+the+Docs', 'https://discuss.openedx.org', 'https://github.com/openedx/forum/issues', 'https://openedx.org/getting-help', 'https://openedx.org/slack', 'https://openedx.org/r/how-to-contribute', 'https://openedx.org/code-of-conduct/', 'https://backstage.openedx.org/catalog/default/component/forum', 'https://github.com/openedx/forum/actions/workflows/ci.yml/badge.svg', 'https://github.com/openedx/forum/actions/workflows/ci.yml', 'https://img.shields.io/github/license/openedx/forum.svg', 'https://github.com/openedx/forum/blob/master/LICENSE.txt', 'https://img.shields.io/badge/Status-Maintained-brightgreen']",True,True,True,True,.readthedocs.yaml,2,False,,,,False,False,,False,,[],,True,True,True,False
openedx/end-to-end-tests,,,,,,,4,0,0.8333,147429,False,2026-08-25,False,False,False,False,13,0,0,3,10,0,0,0,0,0,False,,False,True,True,False,False,False,True,True,False,False,True,False,False,False,False,False,False,False,2026-08-24 23:08:41,True,False,False,False,False,False,False,False,,openedx,0,"['http://local.openedx.io: HTTPConnectionPool(host=\'local.openedx.io\', port=80): Max retries exceeded with url: / (Caused by NewConnectionError(""HTTPConnection(host=\'local.openedx.io\', port=80): Failed to establish a new connection: [Errno 111] Connection refused""))', 'http://apps.local.openedx.io: HTTPConnectionPool(host=\'apps.local.openedx.io\', port=80): Max retries exceeded with url: / (Caused by NewConnectionError(""HTTPConnection(host=\'apps.local.openedx.io\', port=80): Failed to establish a new connection: [Errno 111] Connection refused""))']",False,"['https://playwright.dev/', 'https://github.com/nvm-sh/nvm', 'https://github.com/openedx/end-to-end-tests/issues/10']",True,True,False,False,,,False,,,,False,False,,False,,[],,False,False,False,False
openedx/frontend-app-ora-grading,,,,,,,1,5,1.0,98340,False,2026-08-25,False,False,False,False,60,0,0,47,13,0,0,0,0,0,False,,False,False,True,False,False,True,True,True,False,False,True,False,False,False,False,False,False,False,2026-08-18 16:15:42,True,False,False,False,False,True,False,False,@edx/frontend-app-ora-grading,openedx,0,"['https://openedx.slack.com/: 403', 'https://openedx.slack.com/archives/C04BM6YC7A6: 403', 'https://open-edx-backstage.herokuapp.com/catalog/default/component/frontend-app-ora-grading: 404']",False,"['https://github.com/openedx/edx-platform/tree/master/lms/djangoapps/ora_staff_grader', 'https://github.com/overhangio/tutor', 'https://github.com/overhangio/tutor-mfe?tab=readme-ov-file', 'https://github.com/openedx/frontend-plugin-framework', 'https://github.com/nvm-sh/nvm', 'https://openedx.github.io/frontend-platform/', 'https://github.com/openedx/frontend-platform/blob/master/docs/how_tos/i18n.rst', 'https://discuss.openedx.org', 'https://github.com/openedx/frontend-app-ora-grading/issues', 'https://openedx.org/slack', 'https://openedx.org/community/connect', 'https://openedx.org/r/how-to-contribute', 'https://openedx.org/code-of-conduct/', 'https://img.shields.io/github/license/openedx/frontend-app-ora-grading.svg', 'https://github.com/openedx/frontend-app-ora-grading/blob/master/LICENSE', 'https://img.shields.io/badge/Status-Maintained-brightgreen', 'https://github.com/openedx/frontend-app-ora-grading/actions/workflows/ci.yml/badge.svg', 'https://github.com/openedx/frontend-app-ora-grading/actions/workflows/ci.yml', 'https://codecov.io/github/openedx/frontend-app-ora-grading/coverage.svg?branch=master', 'https://codecov.io/github/openedx/frontend-app-ora-grading?branch=master']",True,True,True,False,,,True,2026-04-02,2025-04-09,5,False,False,,False,,[],,False,False,False,False
openedx/openedx-demo-course,,,,,,,1,1,1.0,26355,False,2026-08-25,True,True,False,False,0,0,0,0,0,0,0,0,0,0,False,,False,False,True,False,False,True,True,True,True,False,False,False,False,False,False,False,False,False,2026-07-30 14:21:15,True,False,False,False,False,False,False,False,,openedx,0,[],False,"['https://apps.training.openedx.io/catalog/courses/course-v1', 'https://training.openedx.io', 'http://creativecommons.org/licenses/by-nc-sa/3.0/us/']",True,True,False,False,,,False,,,,False,False,,False,,[],,False,False,False,False
openedx/xblock-sdk,,,,,,,5,3,1.0,110865,True,2026-08-25,True,True,False,False,0,0,0,0,0,0,0,0,0,0,True,,False,False,True,False,True,True,True,True,True,True,False,True,True,False,False,False,True,False,2026-08-24 14:35:57,True,False,True,False,False,True,False,False,,openedx,0,"['http://docs.seleniumhq.org/: HTTPConnectionPool(host=\'docs.seleniumhq.org\', port=80): Max retries exceeded with url: / (Caused by NameResolutionError(""HTTPConnection(host=\'docs.seleniumhq.org\', port=80): Failed to resolve \'docs.seleniumhq.org\' ([Errno -2] Name or service not known)""))', 'https://openedx.org/slack: 403', 'https://openedx.slack.com/: 403', 'https://openedx.org/getting-help: 403', 'https://openedx.org/r/how-to-contribute: 403', 'https://openedx.org/code-of-conduct/: 403', 'https://docs.openedx.org/projects/xblock-sdk: 404', 'https://github.com/openedx/xblock-sdk/blob/main/LICENSE.txt: 404', 'https://github.com/openedx/xblock-sdk/blob/master/sample_xblocks/README.rst: 404']",True,"['https://docs.djangoproject.com/en/1.11/topics/testing/tools/', 'http://coverage.readthedocs.org/', 'https://docs.openedx.org/projects/xblock/en/latest/xblock-tutorial/sdk/get_started_sdk.html', 'https://discuss.openedx.org', 'https://github.com/openedx/xblock-sdk/issues', 'https://backstage.openedx.org/catalog/default/component/xblock-sdk', 'https://img.shields.io/pypi/v/xblock-sdk.svg', 'https://pypi.python.org/pypi/xblock-sdk/', 'https://github.com/openedx/xblock-sdk/workflows/Python%20CI/badge.svg?branch=main', 'https://github.com/openedx/xblock-sdk/actions', 'https://codecov.io/github/openedx/xblock-sdk/coverage.svg?branch=main', 'https://codecov.io/github/openedx/xblock-sdk?branch=main', 'https://readthedocs.org/projects/xblock-sdk/badge/?version=latest', 'https://img.shields.io/pypi/pyversions/xblock-sdk.svg', 'https://img.shields.io/github/license/openedx/xblock-sdk.svg', 'https://img.shields.io/badge/Status-Maintained-brightgreen', 'https://docs.openedx.org/projects/xblock/en/latest/xblock-tutorial/index.html', 'https://openedx.atlassian.net/wiki/display/OPEN/XBlock+review+guidelines', 'https://openedx.atlassian.net/wiki/spaces/COMM/pages/43385346/XBlocks+Directory']",True,True,True,False,,,False,,,,False,False,,False,,[],,True,True,True,False
openedx/enterprise-integrated-channels,,,,,,,11,51,0.7812,6296,True,2026-08-25,False,False,False,False,172,0,0,0,0,70,172,16,21,11,True,,True,True,True,True,True,True,True,True,False,False,False,True,False,True,True,True,True,False,2026-08-24 10:59:37,True,True,True,False,False,True,False,False,,openedx,4,"['https://openedx.slack.com/: 403', 'https://docs.openedx.org/projects/enterprise-integrated-channels: 404']",True,"['https://docs.openedx.org/en/latest/developers/how-tos/get-ready-for-python-dev.html', 'https://github.com/openedx/enterprise-integrated-channels/blob/main/channel_integrations/README.md', 'https://discuss.openedx.org', 'https://github.com/openedx/enterprise-integrated-channels/issues', 'https://openedx.org/getting-help', 'https://openedx.org/slack', 'https://openedx.org/r/how-to-contribute', 'https://openedx.org/code-of-conduct/', 'https://backstage.openedx.org/catalog/default/component/enterprise-integrated-channels', 'https://img.shields.io/pypi/v/enterprise-integrated-channels.svg', 'https://pypi.python.org/pypi/enterprise-integrated-channels/', 'https://github.com/openedx/enterprise-integrated-channels/workflows/Python%20CI/badge.svg?branch=main', 'https://github.com/openedx/enterprise-integrated-channels/actions', 'https://codecov.io/github/openedx/enterprise-integrated-channels/coverage.svg?branch=main', 'https://codecov.io/github/openedx/enterprise-integrated-channels?branch=main', 'https://readthedocs.org/projects/enterprise-integrated-channels/badge/?version=latest', 'https://img.shields.io/pypi/pyversions/enterprise-integrated-channels.svg', 'https://img.shields.io/github/license/openedx/enterprise-integrated-channels.svg', 'https://github.com/openedx/enterprise-integrated-channels/blob/main/LICENSE.txt', 'https://img.shields.io/badge/Status-Experimental-yellow', 'https://img.shields.io/badge/Status-Maintained-brightgreen', 'https://img.shields.io/badge/Status-Deprecated-orange', 'https://img.shields.io/badge/Status-Unsupported-red']",True,True,True,True,.readthedocs.yaml,2,False,,,,True,True,,False,enterprise-integrated-channels,"['3', '3.11']",https://github.com/openedx/enterprise-integrated-channels,True,True,True,False
openedx/edx-bulk-grades,,,,,,,1,1,,,True,2026-08-25,False,False,False,False,132,0,0,0,0,43,132,10,13,7,True,,True,False,True,True,True,True,True,True,False,True,False,True,False,True,True,True,True,True,2026-05-30 15:07:20,True,True,True,False,False,True,False,False,,openedx,2,"['https://travis-ci.com/edx/edx-bulk-grades: 404', 'http://edx-bulk-grades.readthedocs.io/en/latest/: 404']",True,"['https://github.com/openedx/devstack', 'https://github.com/openedx/.github/blob/master/CONTRIBUTING.md', 'https://github.com/openedx/edx-bulk-grades/blob/master/.github/PULL_REQUEST_TEMPLATE.md', 'https://github.com/openedx/edx-bulk-grades/blob/master/.github/ISSUE_TEMPLATE.md', 'https://open.edx.org/getting-help', 'https://img.shields.io/pypi/v/edx-bulk-grades.svg', 'https://pypi.python.org/pypi/edx-bulk-grades/', 'https://travis-ci.com/edx/edx-bulk-grades.svg?branch=master', 'http://codecov.io/github/edx/edx-bulk-grades/coverage.svg?branch=master', 'http://codecov.io/github/edx/edx-bulk-grades?branch=master', 'https://readthedocs.org/projects/edx-bulk-grades/badge/?version=latest', 'https://img.shields.io/pypi/pyversions/edx-bulk-grades.svg', 'https://img.shields.io/github/license/edx/edx-bulk-grades.svg', 'https://github.com/openedx/edx-bulk-grades/blob/master/LICENSE.txt']",True,True,True,False,,,False,,,,True,True,,True,edx-bulk-grades,"['3', '3.12']",https://github.com/openedx/edx-bulk-grades,True,True,True,False
openedx/openedx-app-foundation-ios,,,,,,,1,6,,,False,2026-08-25,False,False,False,False,0,0,0,0,0,0,0,0,0,0,False,,False,False,True,False,False,False,True,True,False,False,False,False,False,False,False,False,False,False,2026-07-30 14:21:48,True,False,False,False,False,False,False,False,,openedx,0,[],False,['https://github.com/openedx/openedx-app-foundation-ios.git'],True,True,False,False,,,False,,,,False,False,,False,,[],,False,False,False,False
openedx/openedx-platform,,,,,,,55,6,0.56,71,True,2026-08-25,True,True,False,False,599,0,0,64,24,316,511,63,81,53,False,,False,True,True,True,True,True,True,True,True,False,True,True,True,True,False,False,True,False,2026-08-25 02:30:26,True,False,False,False,False,False,False,False,,openedx,0,"['https://www.gnu.org/licenses/agpl-3.0: 403', 'https://openedx.org/get-started/: 403', 'https://openedx.org/slack: 403', 'http://openedx.slack.com/: 403', 'https://openedx.org/getting-help: 403', 'https://openedx.org/cla: 403', 'https://openedx.org/code-of-conduct/: 403']",True,"['https://img.shields.io/badge/License-AGPL_v3-blue.svg', 'https://github.com/openedx/openedx-platform/actions/workflows/unit-tests.yml/badge.svg', 'https://github.com/openedx/openedx-platform/actions/workflows/unit-tests.yml', 'https://img.shields.io/badge/status-maintained-31c653', 'https://openedx.org', 'https://docs.openedx.org/projects/edx-platform', 'https://github.com/openedx/codejail?tab=readme-ov-file', 'https://github.com/overhangio/tutor', 'https://docs.openedx.org/en/latest/site_ops/index.html', 'https://docs.tutor.edly.io/dev.html', 'https://github.com/openedx/frontend-app-learner-dashboard', 'https://github.com/openedx/frontend-app-learning/', 'https://github.com/openedx/frontend-app-authoring/', 'https://github.com/openedx/openedx-platform/blob/master/LICENSE', 'https://discuss.openedx.org', 'https://github.com/openedx/openedx-platform/issues', 'https://github.com/openedx/openedx-platform/issues/new/choose', 'https://github.com/openedx/.github/blob/master/CONTRIBUTING.md', 'https://github.com/openedx/.github/blob/master/AI_POLICY.md', 'https://backstage.openedx.org/catalog/default/component/openedx-platform']",True,True,True,True,.readthedocs.yaml,2,True,2026-05-07,2026-05-04,11,False,False,,False,,[],,True,False,True,False
openedx/frontend-app-authoring,,,,,,,23,6,0.79,7,False,2026-08-25,True,True,False,False,89,0,0,71,18,0,0,0,0,0,False,,False,False,True,False,False,True,True,True,True,False,True,False,False,False,False,False,False,False,2026-08-24 23:57:25,True,False,False,False,False,False,False,False,@edx/frontend-app-authoring,openedx,0,"['http://apps.local.openedx.io: HTTPConnectionPool(host=\'apps.local.openedx.io\', port=80): Max retries exceeded with url: / (Caused by NewConnectionError(""HTTPConnection(host=\'apps.local.openedx.io\', port=80): Failed to establish a new connection: [Errno 111] Connection refused""))', 'https://travis-ci.com/edx/frontend-app-course-authoring: 404', 'https://openedx.slack.com/: 403', 'https://openedx.slack.com/archives/C04BM6YC7A6: 403', 'https://open-edx-backstage.herokuapp.com/catalog/default/component/frontend-app-course-authoring: 404']",False,"['https://github.com/openedx/edx-platform/tree/master/cms', 'https://github.com/overhangio/tutor', 'https://github.com/overhangio/tutor-mfe', 'https://github.com/openedx/frontend-app-authoring.git', 'https://github.com/nvm-sh/nvm', 'https://discuss.openedx.org/t/repo-rename-frontend-app-course-authoring-frontend-app-authoring/13930/2', 'https://github.com/openedx/frontend-app-learning', 'https://github.com/openedx/frontend-app-discussions/', 'https://github.com/edx/edx-exams', 'https://github.com/open-craft/tutor-contrib-meilisearch', 'https://docs.tutor.edly.io/', 'https://github.com/overhangio/tutor-mfe?tab=readme-ov-file', 'https://github.com/Automattic/node-canvas/issues/1733', 'https://api.travis-ci.com/edx/frontend-app-course-authoring.svg?branch=master', 'https://codecov.io/gh/edx/frontend-app-course-authoring/branch/master/graph/badge.svg', 'https://codecov.io/gh/edx/frontend-app-course-authoring', 'https://img.shields.io/npm/l/@edx/frontend-app-authoring.svg', 'https://github.com/openedx/frontend-platform/blob/master/docs/how_tos/i18n.rst', 'https://discuss.openedx.org', 'https://github.com/openedx/frontend-app-course-authoring/issues', 'https://openedx.org/slack', 'https://openedx.org/community/connect', 'https://openedx.org/r/how-to-contribute', 'https://github.com/openedx/.github/blob/master/AI_POLICY.md', 'https://openedx.org/code-of-conduct/', 'https://img.shields.io/github/license/openedx/frontend-app-course-authoring.svg', 'https://github.com/openedx/frontend-app-course-authoring/blob/master/LICENSE', 'https://img.shields.io/badge/Status-Maintained-brightgreen', 'https://codecov.io/github/openedx/frontend-app-course-authoring/coverage.svg?branch=master', 'https://codecov.io/github/openedx/frontend-app-course-authoring?branch=master']",True,True,True,False,,,True,2026-08-13,2025-04-07,6,False,False,,False,,[],,False,False,False,False
openedx/openedx-core,,,,,,,8,34,0.7778,654,True,2026-08-25,True,True,False,False,155,0,0,0,0,52,155,10,15,7,True,3.12,True,True,True,True,False,True,True,True,True,False,False,True,False,True,True,True,True,False,2026-08-24 09:44:51,True,False,True,False,False,True,False,False,,openedx,0,"['https://open-edx-proposals.readthedocs.io/en/latest/architectural-decisions/oep-0049-django-app-patterns.html: 404', 'https://openedx.slack.com/: 403']",True,"['https://2021.djangocon.us/talks/scaling-django-to-500-apps/', 'https://www.youtube.com/watch?v=yG3ZdxBb1oo', 'https://discuss.openedx.org', 'https://openedx.org/slack', 'https://openedx.org/getting-help', 'https://img.shields.io/pypi/v/openedx-core.svg', 'https://pypi.python.org/pypi/openedx-core/', 'https://github.com/openedx/openedx-core/workflows/Python%20CI/badge.svg?branch=master', 'https://github.com/openedx/openedx-core/actions', 'https://codecov.io/github/edx/openedx-core/coverage.svg?branch=master', 'https://codecov.io/github/edx/openedx-core?branch=master', 'https://readthedocs.org/projects/openedx-core/badge/?version=latest', 'https://openedx-core.readthedocs.io/en/latest/', 'https://img.shields.io/pypi/pyversions/openedx-core.svg', 'https://img.shields.io/github/license/edx/openedx-core.svg', 'https://github.com/openedx/openedx-core/blob/master/LICENSE.txt']",True,True,True,True,.readthedocs.yml,2,False,,,,True,True,,True,openedx-core,"['3', '3.12']",https://github.com/openedx/openedx-core,True,True,True,False
openedx/super-csv,,,,,,,3,1,1.0,413530,True,2026-08-25,True,True,False,False,134,0,0,0,0,32,134,8,11,5,True,,True,False,True,True,True,True,True,True,True,True,False,True,False,True,True,True,True,True,2026-08-17 23:41:57,True,True,True,False,False,True,False,False,,openedx,6,['http://super-csv.readthedocs.io/en/latest/: 404'],True,"['https://github.com/openedx/super-csv/blob/master/super_csv/csv_processor.py', 'https://github.com/openedx/devstack', 'https://github.com/openedx/.github/blob/master/CONTRIBUTING.md', 'https://github.com/openedx/super-csv/blob/master/.github/PULL_REQUEST_TEMPLATE.md', 'https://github.com/openedx/super-csv/blob/master/.github/ISSUE_TEMPLATE.md', 'https://open.edx.org/getting-help', 'https://img.shields.io/pypi/v/super-csv.svg', 'https://pypi.python.org/pypi/super-csv/', 'https://github.com/openedx/super-csv/workflows/Python%20CI/badge.svg?branch=master', 'https://github.com/openedx/super-csv/actions?query=workflow%3A%22Python+CI%22', 'http://codecov.io/github/edx/super-csv/coverage.svg?branch=master', 'http://codecov.io/github/edx/super-csv?branch=master', 'https://readthedocs.org/projects/super-csv/badge/?version=latest', 'https://img.shields.io/pypi/pyversions/super-csv.svg', 'https://img.shields.io/github/license/edx/super-csv.svg', 'https://github.com/openedx/super-csv/blob/master/LICENSE.txt']",True,True,True,False,,,False,,,,True,True,,True,super-csv,"['3', '3.12']",https://github.com/openedx/super-csv,True,True,True,False
openedx/frontend-app-notifications,,,,,,,3,16,1.0,2,False,2026-08-25,False,False,False,False,22,0,0,10,12,0,0,0,0,0,False,,False,False,True,False,False,True,True,True,False,False,True,False,False,False,False,False,False,False,2026-08-12 12:06:15,True,False,False,False,False,False,False,False,,openedx,0,[],False,"['https://img.shields.io/badge/license-AGPL-informational', 'https://github.com/openedx/frontend-app-notifications/blob/main/LICENSE', 'https://img.shields.io/badge/Status-Maintained-brightgreen', 'https://github.com/openedx/frontend-app-notifications/actions/workflows/ci.yml/badge.svg', 'https://github.com/openedx/frontend-app-notifications/actions/workflows/ci.yml', 'https://codecov.io/github/openedx/frontend-app-notifications/coverage.svg?branch=main', 'https://codecov.io/github/openedx/frontend-app-notifications?branch=main', 'https://github.com/openedx/frontend-base']",True,True,True,False,,,True,2026-04-10,,0,False,False,,False,,[],,False,False,False,False
openedx/openedx-tutor-plugins,,,,,,,3,0,1.0,1562398,False,2026-08-25,True,True,False,False,0,0,0,0,0,0,0,0,0,0,False,,False,False,True,False,False,False,True,True,True,False,False,False,False,False,False,False,False,False,2026-08-10 20:13:31,True,False,False,False,False,False,False,False,,openedx,0,"['https://openedx.slack.com/: 403', 'https://openedx.slack.com/archives/CGE253B7V: 403', 'https://open-edx-backstage.herokuapp.com/catalog/default/component/openedx-tutor-plugins: 404']",True,"['https://img.shields.io/github/license/openedx/openedx-tutor-plugins.svg', 'https://github.com/openedx/openedx-tutor-plugins/blob/main/LICENSE', 'https://img.shields.io/badge/Status-Maintained-brightgreen', 'https://docs.tutor.overhang.io/install.html', 'https://github.com/overhangio/cookiecutter-tutor-plugin', 'https://discuss.openedx.org', 'https://github.com/openedx/openedx-tutor-plugins/issues', 'https://openedx.org/slack', 'https://openedx.org/getting-help', 'https://openedx.org/r/how-to-contribute', 'https://openedx.org/code-of-conduct/']",True,True,True,False,,,False,,,,False,False,,False,,[],,False,False,False,False
openedx/license-manager,,,,,,,4,5,0.6923,17792,True,2026-08-25,True,True,False,False,173,0,0,0,0,106,173,22,32,18,True,,True,True,True,True,False,True,True,True,True,False,False,True,False,True,True,False,False,True,2026-08-11 11:34:17,True,True,True,False,False,True,False,False,,openedx,6,"['http://license-manager.readthedocs.io/en/latest/: 404', 'https://license-manager.readthedocs.io/en/latest/: 404', 'https://github.com/openedx/license-manager/blob/master/LICENSE: 404', 'https://openedx.slack.com/messages/general/: 403']",False,"['http://codecov.io/github/edx/license-manager/coverage.svg?branch=master', 'http://codecov.io/github/edx/license-manager?branch=master', 'https://github.com/openedx/devstack', 'https://github.com/openedx/license-manager/blob/master/docs/getting_started.rst', 'https://readthedocs.org/projects/license-manager/badge/?version=latest', 'https://github.com/openedx/license-manager/tree/master/docs', 'https://github.com/openedx/.github/blob/master/CONTRIBUTING.md', 'https://groups.google.com/forum/']",True,False,True,False,,,False,,,,True,True,,False,,[],,False,False,False,False
openedx/edx-rbac,,,,,,,3,2,0.7037,1828676,True,2026-08-25,True,True,False,False,107,0,0,0,0,30,107,10,13,7,True,,False,False,True,True,True,True,True,True,True,True,False,True,False,True,True,True,True,False,2026-08-17 21:36:58,True,True,True,False,False,True,False,False,,openedx,4,"['https://github.com/openedx/edx-rbac/blob/master/.github/PULL_REQUEST_TEMPLATE.md: 404', 'https://github.com/openedx/edx-rbac/blob/master/.github/ISSUE_TEMPLATE.md: 404', 'http://edx-rbac.readthedocs.io/en/latest/: 404']",True,"['https://github.com/openedx/edx-rbac/blob/master/docs/getting_started.rst', 'https://github.com/openedx/edx-rbac/blob/master/docs/how_to_guide.rst', 'https://github.com/openedx/.github/blob/master/CONTRIBUTING.md', 'https://open.edx.org/getting-help', 'https://img.shields.io/pypi/v/edx-rbac.svg', 'https://pypi.python.org/pypi/edx-rbac/', 'https://github.com/openedx/edx-rbac/workflows/Python%20CI/badge.svg?branch=master', 'https://github.com/openedx/edx-rbac/actions?query=workflow%3A%22Python+CI%22', 'http://codecov.io/github/edx/edx-rbac/coverage.svg?branch=master', 'http://codecov.io/github/edx/edx-rbac?branch=master', 'https://readthedocs.org/projects/edx-rbac/badge/?version=latest', 'https://img.shields.io/pypi/pyversions/edx-rbac.svg', 'https://img.shields.io/github/license/edx/edx-rbac.svg', 'https://github.com/openedx/edx-rbac/blob/master/LICENSE.txt']",True,True,True,False,,,False,,,,True,True,,True,edx-rbac,"['3', '3.12']",https://github.com/openedx/edx-rbac,True,True,True,False
openedx/brand-openedx,,,,,,,2,7,1.0,1822495,False,2026-08-25,True,True,False,False,2,0,0,0,2,0,0,0,0,0,False,,False,False,True,False,False,True,True,True,True,False,True,False,False,False,False,False,False,False,2026-08-17 12:46:20,True,False,False,False,False,False,False,False,,openedx,0,[],False,"['https://github.com/edx/brand', 'https://docs.openedx.org/projects/openedx-proposals/en/latest/architectural-decisions/oep-0048-brand-customization.html', 'https://styledictionary.com/']",True,True,False,False,,,True,,,0,False,False,,False,,[],,False,False,False,False
openedx/repo-tools,,,,,,,7,7,0.8205,292907,True,2026-08-25,True,True,False,True,0,0,0,0,0,0,0,0,0,0,False,,False,True,True,False,False,True,True,True,True,False,False,True,True,True,False,False,False,False,2026-08-24 14:13:28,True,False,False,False,False,True,False,False,,openedx,4,[],False,"['https://github.com/settings/tokens', 'https://docs.astral.sh/uv/', 'https://astral.sh/uv/install.sh', 'https://github.com/openedx/repo-tools/blob/7aa8bda466d1925c56d4ad6e3b2bdd87b1f83148/README.md']",True,True,False,False,,,False,,,,False,False,,False,,[],,False,False,False,False
openedx/platform-roadmap,,,,,,,0,0,,,False,2026-08-25,True,True,False,False,0,0,0,0,0,0,0,0,0,0,False,,False,False,False,False,False,False,True,True,True,False,False,False,False,False,False,False,False,False,2025-10-30 15:11:06,True,False,False,False,False,False,False,False,,openedx,0,[],False,['https://github.com/orgs/openedx/projects/4/views/1'],True,True,False,False,,,False,,,,False,False,,False,,[],,False,False,False,False
openedx/edx-notes-api,,,,,,,5,5,0.8148,27717,True,2026-08-25,True,True,False,False,103,0,0,0,0,57,103,11,16,7,False,,True,False,True,True,False,True,True,True,True,False,False,True,False,True,False,False,True,False,2026-08-24 14:13:51,True,False,True,False,False,True,False,False,,openedx,5,[],False,"['http://annotatorjs.org/', 'https://www.elastic.co/downloads/past-releases/elasticsearch-7-13-4', 'https://django-elasticsearch-dsl.readthedocs.io/', 'https://django-elasticsearch-dsl.readthedocs.io/en/latest/management.html', 'https://openedx.atlassian.net/wiki/spaces/COMM/pages/941457737/How+to+Start+Contributing+Code', 'https://groups.google.com/g/edx-code', 'https://github.com/openedx/edx-notes-api/actions/workflows/ci.yml/badge.svg', 'https://github.com/openedx/edx-notes-api/actions/workflows/ci.yml']",True,True,True,False,,,False,,,,True,True,,False,,[],,True,True,True,False
openedx/edx-milestones,,,,,,,3,1,1.0,118,True,2026-08-25,True,True,False,False,55,0,0,0,0,11,55,4,5,2,False,,True,False,True,False,False,True,True,True,True,True,False,True,False,True,True,True,True,False,2026-08-17 12:40:24,True,True,True,False,False,True,False,False,,openedx,0,"['https://coveralls.io/r/edx/edx-milestones?branch=master: 403', 'https://github.com/openedx/edx-platform/blob/master/requirements/edx/base.in: 404', 'https://openedx.org/slack: 403', 'http://openedx.slack.com/: 403', 'https://openedx.org/getting-help: 403']",True,"['https://github.com/openedx/edx-milestones/workflows/Python%20CI/badge.svg?branch=master', 'https://github.com/openedx/edx-milestones/actions?query=workflow%3A%22Python+CI%22', 'https://img.shields.io/coveralls/edx/edx-milestones.svg', 'https://github.com/openedx/edx-platform/', 'https://docs.openedx.org/en/latest/site_ops/install_configure_run_guide/configuration/enable_prerequisites.html', 'https://docs.openedx.org/en/latest/educators/references/controlling_content_visibility.html', 'https://github.com/openedx/.github/blob/master/CONTRIBUTING.md', 'https://discuss.openedx.org']",True,True,True,False,,,False,,,,True,True,,True,edx-milestones,"['3', '3.12']",https://github.com/openedx/edx-milestones,True,True,True,False
openedx/typescript-config,,,,,,,0,0,0.0,6,False,2026-08-25,False,False,False,False,0,0,0,0,0,0,0,0,0,0,False,,False,False,True,False,False,False,True,True,False,False,True,False,False,False,False,False,False,False,2026-08-04 20:06:07,True,False,False,False,False,False,False,False,@edx/typescript-config,openedx,0,"['https://www.npmjs.com/package/@edx/typescript-config: 403', 'https://www.npmjs.com/package/@edx/tpyescript-config: 403']",False,"['https://github.com/openedx/typescript-config/actions/workflows/release.yml/badge.svg', 'https://github.com/openedx/typescript-config/actions/workflows/release.yml/', 'https://img.shields.io/npm/v/@edx/typescript-config.svg', 'https://img.shields.io/npm/dt/@edx/typescript-config.svg', 'https://img.shields.io/npm/l/@edx/typescript-config.svg', 'https://github.com/openedx/typescript-config/blob/main/LICENSE', 'https://img.shields.io/badge/%20%20%F0%9F%93%A6%F0%9F%9A%80-semantic--release-e10079.svg', 'https://github.com/semantic-release/semantic-release', 'https://www.typescriptlang.org/docs/handbook/tsconfig-json.html']",True,True,False,False,,,True,,,0,False,False,,False,,[],,False,False,False,False
openedx/edx-ui-toolkit,,,,,,,0,0,,,False,2026-08-25,False,False,False,False,50,0,0,13,37,0,0,0,0,0,False,,False,False,True,False,False,False,True,True,False,True,True,False,False,False,False,False,False,False,2026-08-12 01:08:31,True,False,False,False,False,False,False,False,,openedx,0,"['https://badge.fury.io/js/edx-ui-toolkit: 403', 'https://coveralls.io/r/edx/edx-ui-toolkit?branch=master: 403', 'http://ux.edx.org/: HTTPConnectionPool(host=\'ux.edx.org\', port=80): Max retries exceeded with url: / (Caused by NameResolutionError(""HTTPConnection(host=\'ux.edx.org\', port=80): Failed to resolve \'ux.edx.org\' ([Errno -2] Name or service not known)""))', 'https://github.com/openedx/edx-ui-toolkit/blob/master/CONTRIBUTING.md: 404']",False,"['https://badge.fury.io/gh/edx%2Fedx-ui-toolkit.svg', 'https://badge.fury.io/gh/edx%2Fedx-ui-toolkit', 'https://badge.fury.io/js/edx-ui-toolkit.svg', 'https://badge.fury.io/bo/edx-ui-toolkit.svg', 'https://badge.fury.io/bo/edx-ui-toolkit', 'https://img.shields.io/coveralls/edx/edx-ui-toolkit.svg', 'https://github.com/openedx/edx-ui-toolkit/blob/master/LICENSE', 'https://github.com/tj/n', 'http://ui-toolkit.edx.org/']",True,True,False,False,,,True,2026-04-06,2023-09-04,7,False,False,,False,,[],,False,False,False,False
openedx/stylelint-config-edx,,,,,,,0,0,,,False,2026-08-25,False,False,False,False,12,0,0,4,8,0,0,0,0,0,False,,False,False,True,False,False,False,True,True,False,False,True,False,False,False,False,False,False,False,2026-05-20 13:18:41,True,False,False,False,False,False,False,False,@edx/stylelint-config-edx,openedx,0,"['https://stylelint.io/user-guide/configuration/: 404', 'https://www.npmjs.com/package/stylelint-config-recommended-scss: 403', 'https://stylelint.io/user-guide/rules/function-comma-newline-after/: 404', 'https://stylelint.io/user-guide/rules/function-parentheses-newline-inside/: 404', 'https://stylelint.io/user-guide/rules/max-empty-lines/: 404']",False,"['https://github.com/openedx/stylelint-config-edx/workflows/Node%20CI/badge.svg?branch=master', 'https://github.com/openedx/stylelint-config-edx/actions?query=workflow%3A%22Node+CI%22', 'https://github.com/openedx/stylelint-config-edx/blob/master/LICENSE']",True,True,False,False,,,True,,,0,False,False,,False,,[],,False,False,False,False
openedx/edx-when,,,,,,,2,3,1.0,1892428,True,2026-08-25,False,False,False,False,133,0,0,0,0,40,133,10,13,7,True,,True,False,True,True,True,True,True,True,False,False,False,True,False,True,True,True,True,True,2026-08-19 15:20:08,True,True,True,False,False,True,False,False,,openedx,7,['http://edx-when.readthedocs.io/en/latest/: 404'],True,"['https://github.com/openedx/edx-platform/blob/master/openedx/core/djangoapps/course_date_signals/handlers.py', 'https://github.com/openedx/.github/blob/master/CONTRIBUTING.md', 'https://github.com/openedx/edx-when/blob/master/.github/PULL_REQUEST_TEMPLATE.md', 'https://github.com/openedx/edx-when/blob/master/.github/ISSUE_TEMPLATE.md', 'https://open.edx.org/getting-help', 'https://img.shields.io/pypi/v/edx-when.svg', 'https://pypi.python.org/pypi/edx-when/', 'https://github.com/openedx/edx-when/workflows/Python%20CI/badge.svg?branch=master', 'https://github.com/openedx/edx-when/actions?query=workflow%3A%22Python+CI%22', 'http://codecov.io/github/edx/edx-when/coverage.svg?branch=master', 'http://codecov.io/github/edx/edx-when?branch=master', 'https://readthedocs.org/projects/edx-when/badge/?version=latest', 'https://img.shields.io/pypi/pyversions/edx-when.svg', 'https://img.shields.io/github/license/edx/edx-when.svg', 'https://github.com/openedx/edx-when/blob/master/LICENSE.txt']",True,True,True,False,,,False,,,,True,True,,True,edx-when,"['3', '3.12']",https://github.com/openedx/edx-when,True,True,True,False
openedx/frontend-app-admin-console,,,,,,,8,5,0.7917,6,False,2026-08-25,True,True,False,False,22,0,0,12,10,0,0,0,0,0,False,,False,False,True,False,False,True,True,True,True,False,True,False,False,False,False,False,False,False,2026-08-10 17:41:19,True,False,False,False,False,False,False,False,,openedx,0,"['https://github.com/openedx/frontend-app-admin-console/blob/main/LICENSE: 404', 'https://openedx.slack.com/: 403', 'https://openedx.slack.com/archives/C04BM6YC7A6: 403']",True,"['https://img.shields.io/github/license/openedx/frontend-app-admin-console.svg', 'https://img.shields.io/badge/Status-Maintained-brightgreen', 'https://github.com/openedx/frontend-app-admin-console/actions/workflows/ci.yml/badge.svg', 'https://github.com/openedx/frontend-app-admin-console/actions/workflows/ci.yml', 'https://codecov.io/github/openedx/frontend-app-admin-console/coverage.svg?branch=main', 'https://codecov.io/github/openedx/frontend-app-admin-console?branch=main', 'https://github.com/overhangio/tutor-mfe?tab=readme-ov-file', 'https://github.com/openedx/openedx-authz', 'https://github.com/openedx/frontend-plugin-framework', 'https://openedx.atlassian.net/wiki/x/M4B4MgE', 'https://openedx.atlassian.net/wiki/x/AgAwMQE', 'https://discuss.openedx.org', 'https://openedx.org/slack', 'https://openedx.org/getting-help', 'https://openedx.org/r/how-to-contribute', 'https://openedx.org/code-of-conduct/']",True,True,True,False,,,True,2026-07-01,2026-03-30,3,False,False,,False,,[],,False,False,False,False
openedx/frontend-template-application,,,,,,,2,0,0.2308,141,False,2026-08-25,True,True,False,False,28,0,0,19,9,0,0,0,0,0,False,,False,False,True,False,False,True,True,True,True,False,True,False,False,False,False,False,False,False,2026-08-24 00:04:30,True,False,False,False,False,False,False,False,@edx/frontend-template-application,openedx,0,"['https://openedx.slack.com/: 403', 'https://openedx.slack.com/archives/C04BM6YC7A6: 403', 'https://open-edx-backstage.herokuapp.com/catalog/default/component/frontend-template-application: 404', 'https://github.com/openedx/frontend-template-application/blob/main/LICENSE: 404']",True,"['https://github.com/openedx/paragon/?tab=readme-ov-file', 'https://github.com/openedx/brand-openedx/issues/23', 'https://github.com/openedx/frontend-template-application/tree/release/teak', 'https://github.com/overhangio/tutor', 'https://github.com/overhangio/tutor-mfe', 'https://github.com/nvm-sh/nvm', 'https://github.com/openedx/frontend-template-application/blob/master/docs/decisions/0002-feature-based-application-organization.rst', 'https://github.com/openedx/frontend-platform/blob/master/docs/how_tos/i18n.rst', 'https://discuss.openedx.org', 'https://github.com/openedx/frontend-template-application/issues', 'https://openedx.org/slack', 'https://openedx.org/getting-help', 'https://openedx.org/r/how-to-contribute', 'https://openedx.org/code-of-conduct/', 'https://img.shields.io/github/license/openedx/frontend-template-application.svg', 'https://img.shields.io/badge/Status-Maintained-brightgreen', 'https://github.com/openedx/frontend-template-application/actions/workflows/ci.yml/badge.svg', 'https://github.com/openedx/frontend-template-application/actions/workflows/ci.yml', 'https://codecov.io/github/openedx/frontend-template-application/coverage.svg?branch=main', 'https://codecov.io/github/openedx/frontend-template-application?branch=main']",True,True,True,False,,,True,2026-04-06,2025-12-29,3,False,False,,False,,[],,False,False,False,False
openedx/platform-plugin-aspects,,,,,,,5,7,0.96,3919,True,2026-08-25,True,True,False,False,148,0,0,0,0,60,148,10,11,7,False,,True,True,True,True,False,True,True,True,True,False,False,True,False,True,True,True,True,False,2026-08-24 15:19:41,True,True,True,False,False,True,False,False,,openedx,1,"['https://openedx.slack.com/: 403', 'https://www.npmjs.com/package/@superset-ui/embedded-sdk: 403']",True,"['https://docs.openedx.org/en/latest/developers/how-tos/get-ready-for-python-dev.html', 'https://docs.openedx.org/projects/platform-plugin-aspects', 'https://discuss.openedx.org', 'https://github.com/openedx/platform-plugin-aspects/issues', 'https://openedx.org/getting-help', 'https://openedx.org/slack', 'https://openedx.org/r/how-to-contribute', 'https://openedx.org/code-of-conduct/', 'https://backstage.openedx.org/catalog/default/component/platform-plugin-aspects', 'https://github.com/openedx/openedx-events', 'https://github.com/openedx/edx-platform', 'https://clickhouse.com', 'https://docs.openedx.org/projects/openedx-aspects/en/latest/index.html', 'https://docs.openedx.org/projects/openedx-filters/en/latest/', 'https://docs.openedx.org/projects/openedx-aspects/en/latest/technical_documentation/how-tos/backfill.html']",True,True,True,True,.readthedocs.yaml,2,False,,,,True,True,,True,platform-plugin-aspects,"['3', '3.12']",https://github.com/openedx/platform-plugin-aspects,True,True,True,False
openedx/mockprock,,,,,,,3,0,0.8,91,True,2026-08-25,False,False,False,False,1,0,0,1,0,0,0,0,0,0,False,,False,False,True,False,False,True,True,True,False,True,True,True,True,False,False,False,True,False,2026-07-29 15:32:37,True,False,True,False,True,True,False,True,@edx/mockprock,openedx,0,[],False,['https://github.com/openedx/edx-proctoring/'],True,True,False,False,,,True,,,0,False,False,,False,,[],,True,True,True,False
openedx/frontend-app-learner-dashboard,,,,,,,3,18,0.875,7,False,2026-08-25,True,True,False,False,42,0,0,28,14,0,0,0,0,0,False,,False,False,True,False,False,True,True,True,True,False,True,False,False,False,False,False,False,False,2026-08-23 05:51:41,True,False,False,False,False,True,False,False,@edx/frontend-app-learner-dashboard,openedx,0,"['https://openedx.slack.com/: 403', 'https://openedx.slack.com/archives/C04BM6YC7A6: 403']",False,"['https://img.shields.io/github/license/openedx/frontend-app-learner-dashboard.svg', 'https://github.com/openedx/frontend-app-learner-dashboard/blob/master/LICENSE', 'https://img.shields.io/badge/Status-Maintained-brightgreen', 'https://github.com/openedx/frontend-app-learner-dashboard/actions/workflows/ci.yml/badge.svg', 'https://github.com/openedx/frontend-app-learner-dashboard/actions/workflows/ci.yml', 'https://codecov.io/github/openedx/frontend-app-learner-dashboard/coverage.svg?branch=master', 'https://app.codecov.io/github/openedx/frontend-app-learner-dashboard?branch=master', 'https://github.com/openedx/frontend-plugin-framework', 'https://docs.openedx.org/en/latest/developers/quickstarts/so_you_want_to_contribute.html', 'https://openedx.atlassian.net/wiki/spaces/COMM/pages/3875962884/How+to+submit+an+open+source+contribution+for+Product+Review', 'https://discuss.openedx.org', 'https://github.com/openedx/frontend-app-learner-dashboard/issues', 'https://openedx.org/slack', 'https://openedx.org/community/connect', 'https://openedx.atlassian.net/wiki/spaces/OEPM/pages/3575906333/Learner+Home', 'https://openedx.org/code-of-conduct/']",True,True,True,False,,,True,2026-04-06,2025-02-17,4,False,False,,False,,[],,False,False,False,False
openedx/openedx-app-ios,,,,,,,4,7,0.7,6,False,2026-08-25,False,False,False,False,0,0,0,0,0,0,0,0,0,0,False,,False,False,True,False,False,True,True,True,False,False,False,False,False,False,False,False,False,False,2026-08-13 15:10:29,True,False,False,False,False,False,False,False,,openedx,0,"['https://app.transifex.com/open-edx/openedx-translations/dashboard/: 403', 'https://app.transifex.com/open-edx/openedx-translations/openedx-app-ios/: 404']",False,"['https://github.com/openedx/openedx-app-ios.git', 'https://docs.openedx.org/en/latest/developers/concepts/oep58.html', 'https://github.com/openedx/openedx-atlas', 'https://github.com/openedx/openedx-translations', 'https://github.com/openedx/openedx-translations/blob/6448167e9695a921f003ff6bd8f40f006a2d6743/translations/openedx-app-ios/I18N/I18N/uk.lproj/Localizable.strings', 'https://github.com/openedx/openedx-atlas/issues/20', 'https://github.com/apps/transifex-integration', 'https://github.com/openedx/openedx-app-ios/blob/main/LICENSE']",True,True,False,False,,,False,,,,False,False,,False,,[],,False,False,False,False
openedx/frontend-enterprise,,,,,,,0,0,0.0,16913,False,2026-08-25,False,False,False,False,4,0,0,0,4,0,0,0,0,0,False,,False,False,True,False,False,True,True,True,False,True,True,False,False,False,False,False,False,False,2026-06-10 14:02:29,True,False,False,False,False,False,False,False,@edx/frontend-enterprise,openedx,0,[],False,"['https://github.com/openedx/frontend-build', 'https://github.com/conventional-changelog/commitlint', 'https://github.com/openedx/frontend-enterprise/actions/workflows/publish-from-package.yml', 'https://github.com/openedx/frontend-enterprise/actions/workflows/release.yml/badge.svg', 'https://github.com/openedx/frontend-enterprise/actions', 'https://codecov.io/gh/edx/frontend-enterprise/branch/master/graph/badge.svg?token=lBHoe5P4Q3', 'https://codecov.io/gh/edx/frontend-enterprise']",True,True,False,False,,,True,2025-12-15,,0,False,False,,False,,[],,False,False,False,False
openedx/openedx-app-test,,,,,,,0,0,,,False,2026-08-25,False,False,False,False,1,0,399,1,0,0,0,0,0,0,False,,False,False,True,False,False,False,True,True,False,False,True,True,True,False,False,False,False,False,2025-08-29 14:34:13,True,False,False,False,False,False,False,False,,openedx,0,['https://stackoverflow.com/questions/6587507/how-to-install-pip-with-python-3: 403'],False,"['https://nodejs.org/en/', 'https://appium.io/docs/en/latest/quickstart/', 'https://www.oracle.com/europe/java/technologies/downloads/', 'https://developer.android.com/tools', 'https://github.com/openedx/openedx-app-test', 'https://www.python.org/downloads/', 'https://www.browserstack.com/list-of-browsers-and-platforms/automate']",True,True,False,False,,,False,,,,False,False,,False,,[],,False,False,False,False
openedx/edx-enterprise-data,,,,,,,11,28,0.9677,256023,True,2026-08-25,True,True,False,False,154,0,0,0,0,81,154,13,18,9,False,,False,False,True,False,True,True,True,True,True,True,False,True,False,True,False,True,True,False,2026-08-24 10:54:47,True,False,False,False,False,True,False,False,,openedx,7,[],False,"['https://github.com/openedx/edx-analytics-data-api/', 'https://github.com/openedx/edx-drf-extensions/blob/4569b9bf7e54a917d4acdd545b10c058c960dd1a/edx_rest_framework_extensions/auth/jwt/authentication.py', 'https://github.com/openedx/devstack', 'https://github.com/openedx/frontend-app-admin-portal/']",True,True,False,False,,,False,,,,True,True,,True,edx-enterprise-data,"['3', '3.12']",https://github.com/openedx/edx-enterprise-data,True,True,True,False
openedx/axim-engineering,,,,,,,2,0,1.0,1841272,False,2026-08-25,True,True,False,False,0,0,0,0,0,0,0,0,0,0,False,,False,False,True,False,False,False,True,True,True,False,False,False,False,False,False,False,False,False,2026-08-10 20:11:24,True,False,False,False,False,False,False,False,,openedx,0,[],False,"['https://openedx.atlassian.net/wiki/spaces/COMM/pages/3241640370/Axim+Collaborative+Engineering+Team', 'https://github.com/openedx/axim-engineering/issues/new/choose']",True,True,False,False,,,False,,,,False,False,,False,,[],,False,False,False,False
openedx/frontend-plugin-framework,,,,,,,2,6,1.0,183,False,2026-08-25,True,True,False,False,21,0,0,5,16,0,0,0,0,0,False,,False,False,True,False,False,True,True,True,True,False,True,False,False,False,False,False,False,True,2026-08-18 21:10:04,True,False,False,False,False,False,False,False,,openedx,0,"['https://github.com/openedx/frontend-platform/blob/master/src/config.js: 404', 'https://openedx.slack.com/: 403', 'https://openedx.slack.com/archives/C04BM6YC7A6: 403', 'https://open-edx-backstage.herokuapp.com/catalog/default/component/frontend-plugin-framework: 404']",True,"['https://img.shields.io/github/license/openedx/frontend-plugin-framework.svg', 'https://github.com/openedx/frontend-plugin-framework/blob/master/LICENSE', 'https://img.shields.io/badge/Status-Maintained-brightgreen', 'https://github.com/openedx/frontend-plugin-framework/actions/workflows/ci.yml/badge.svg', 'https://github.com/openedx/frontend-plugin-framework/actions/workflows/ci.yml', 'https://codecov.io/github/openedx/frontend-plugin-framework/coverage.svg?branch=master', 'https://codecov.io/github/openedx/frontend-plugin-framework?branch=master', 'https://github.com/openedx/frontend-platform/blob/master/docs/decisions/0007-javascript-file-configuration.rst', 'https://github.com/openedx/frontend-platform/blob/master/src/react/ErrorBoundary.jsx', 'https://discuss.openedx.org', 'https://github.com/openedx/frontend-plugin-framework/issues', 'https://openedx.org/slack', 'https://openedx.org/getting-help', 'https://openedx.org/r/how-to-contribute', 'https://openedx.org/code-of-conduct/']",True,True,True,False,,,True,2025-11-24,2024-05-20,9,False,False,,False,,[],,False,False,False,False
openedx/frontend-app-learning,,,,,,,6,5,0.6,323,False,2026-08-25,True,True,False,False,50,0,0,39,11,0,0,0,0,0,False,,False,False,True,False,False,True,True,True,True,False,True,False,False,False,False,False,False,False,2026-08-24 23:01:23,True,False,False,False,False,False,False,False,@edx/frontend-app-learning,openedx,0,"['http://local.openedx.io: HTTPConnectionPool(host=\'local.openedx.io\', port=80): Max retries exceeded with url: / (Caused by NewConnectionError(""HTTPConnection(host=\'local.openedx.io\', port=80): Failed to establish a new connection: [Errno 111] Connection refused""))', 'https://support.edx.org/hc/en-us/articles/360000038428-Entering-math-expressions-in-assignments-or-the-calculator: 404', 'https://openedx.slack.com/: 403', 'https://openedx.slack.com/archives/C04BM6YC7A6: 403']",False,"['https://codecov.io/gh/edx/frontend-app-learning/branch/master/graph/badge.svg?token=3z7XvuzTq3', 'https://codecov.io/gh/edx/frontend-app-learning', 'https://img.shields.io/badge/license-AGPL-informational', 'https://github.com/openedx/frontend-app-account/blob/master/LICENSE', 'https://github.com/overhangio/tutor', 'https://github.com/overhangio/tutor-mfe', 'https://github.com/openedx/frontend-app-learning.git', 'https://github.com/nvm-sh/nvm', 'https://github.com/openedx/frontend-build', 'https://openedx.github.io/frontend-platform/', 'https://github.com/openedx/frontend-plugin-framework', 'https://openedx.atlassian.net/browse/TNL-8678', 'https://support.edx.org/hc/en-us/articles/206503858-How-do-I-verify-my-identity', 'https://support.edx.org/hc/en-us/articles/206502008-What-is-a-verified-certificate', 'https://twitter.com/openedx', 'https://github.com/openedx/frontend-app-learning/issues', 'https://openedx.org/slack', 'https://openedx.org/community/connect', 'https://discuss.openedx.org', 'https://openedx.org/r/how-to-contribute', 'https://github.com/openedx/.github/blob/master/AI_POLICY.md', 'https://openedx.org/code-of-conduct/']",True,True,True,False,,,True,2026-04-06,2022-03-29,5,False,False,,False,,[],,False,False,False,False
openedx/openedx-k8s-harmony,,,,,,,5,4,0.7,6,False,2026-08-25,True,True,False,False,0,0,0,0,0,0,0,0,0,0,False,,False,False,True,False,False,False,True,True,True,False,False,False,False,False,False,False,False,False,2026-08-20 07:46:05,True,False,False,False,False,False,False,False,,openedx,0,"['https://github.com/aws/karpenter/blob/main/website/content/en/docs/upgrade-guide.md: 404', 'https://XYZ.eks.amazonaws.com: HTTPSConnectionPool(host=\'xyz.eks.amazonaws.com\', port=443): Max retries exceeded with url: / (Caused by NameResolutionError(""HTTPSConnection(host=\'xyz.eks.amazonaws.com\', port=443): Failed to resolve \'xyz.eks.amazonaws.com\' ([Errno -2] Name or service not known)""))', 'https://karpenter.sh/docs/concepts/provisioners/: 404', 'https://karpenter.sh/docs/concepts/node-templates/: 404', 'https://ms-yourinstanceid.meilisearch.io: HTTPSConnectionPool(host=\'ms-yourinstanceid.meilisearch.io\', port=443): Max retries exceeded with url: / (Caused by NameResolutionError(""HTTPSConnection(host=\'ms-yourinstanceid.meilisearch.io\', port=443): Failed to resolve \'ms-yourinstanceid.meilisearch.io\' ([Errno -2] Name or service not known)""))', 'http://10.1.2.3: HTTPConnectionPool(host=\'10.1.2.3\', port=80): Max retries exceeded with url: / (Caused by NewConnectionError(""HTTPConnection(host=\'10.1.2.3\', port=80): Failed to establish a new connection: [Errno 113] No route to host""))', 'https://meilisearch: HTTPSConnectionPool(host=\'meilisearch\', port=443): Max retries exceeded with url: / (Caused by NameResolutionError(""HTTPSConnection(host=\'meilisearch\', port=443): Failed to resolve \'meilisearch\' ([Errno -3] Temporary failure in name resolution)""))']",False,"['https://www.openedx.org', 'https://docs.tutor.overhang.io/', 'https://traefik.io/traefik/', 'https://cert-manager.io/', 'https://github.com/prometheus-community/helm-charts', 'https://grove.opencraft.com/', 'https://github.com/eduNEXT/tutor-contrib-pod-autoscaling', 'https://cert-manager.io/docs/installation/upgrading/', 'https://kubernetes.io/docs/tasks/run-application/horizontal-pod-autoscale/', 'https://github.com/kubernetes/autoscaler/tree/master/vertical-pod-autoscaler', 'https://github.com/kubernetes/autoscaler/tree/master/cluster-autoscaler', 'https://karpenter.sh/', 'https://karpenter.sh/docs/getting-started/getting-started-with-karpenter/', 'https://doc.traefik.io/traefik/migrate/nginx-to-traefik/', 'https://helm.sh/', 'https://openedx.github.io/openedx-k8s-harmony', 'https://github.com/cert-manager/cert-manager/releases/download/v1.10.1/cert-manager.crds.yaml', 'https://minikube.sigs.k8s.io/docs/start/', 'https://github.com/openedx/openedx-k8s-harmony.git', 'https://www.meilisearch.com/cloud', 'https://www.meilisearch.com/docs/learn/self_hosted/getting_started_with_self_hosted_meilisearch']",True,True,False,False,,,True,2026-04-04,2024-11-07,6,False,False,,False,,[],,False,False,False,False
openedx/frontend-platform,,,,,,,2,9,0.6667,5,False,2026-08-25,False,False,False,False,39,0,0,19,20,0,0,0,0,0,False,,False,False,True,False,False,True,True,True,False,True,True,False,False,False,False,False,False,False,2026-08-23 04:58:23,True,False,False,False,False,False,False,False,@edx/frontend-platform,openedx,0,"['https://www.npmjs.com/package/@edx/frontend-platform: 403', 'http://local.openedx.io: HTTPConnectionPool(host=\'local.openedx.io\', port=80): Max retries exceeded with url: / (Caused by NewConnectionError(""HTTPConnection(host=\'local.openedx.io\', port=80): Failed to establish a new connection: [Errno 111] Connection refused""))', 'https://en.wikipedia.org/wiki/Convention_over_configuration: 403', 'https://edx.github.io/frontend-platform/module-Initialization.html: 404', 'https://edx.github.io/frontend-platform/module-Config.html: 404', 'https://custom.example.com/educators/index.html: HTTPSConnectionPool(host=\'custom.example.com\', port=443): Max retries exceeded with url: /educators/index.html (Caused by NameResolutionError(""HTTPSConnection(host=\'custom.example.com\', port=443): Failed to resolve \'custom.example.com\' ([Errno -5] No address associated with hostname)""))']",False,"['https://github.com/openedx/frontend-platform/actions/workflows/ci.yml/badge.svg', 'https://github.com/openedx/frontend-platform/actions/workflows/ci.yml', 'https://img.shields.io/codecov/c/github/edx/frontend-platform', 'https://codecov.io/gh/edx/frontend-platform', 'https://img.shields.io/npm/v/@edx/frontend-platform.svg', 'https://img.shields.io/npm/dt/@edx/frontend-platform.svg', 'https://img.shields.io/npm/l/@edx/frontend-platform.svg', 'https://github.com/openedx/frontend-platform/blob/master/LICENSE', 'https://img.shields.io/badge/%20%20%F0%9F%93%A6%F0%9F%9A%80-semantic--release-e10079.svg', 'https://github.com/semantic-release/semantic-release', 'https://openedx.github.io/frontend-platform/', 'https://docs.openedx.org/en/latest/educators/index.html', 'https://creativecommons.org/licenses', 'https://www.tldrlegal.com/license/creative-commons-attribution-cc', 'https://github.com/openedx/frontend-build']",True,True,False,False,,,True,2026-07-01,2023-05-29,10,False,False,,False,,[],,False,False,False,False
openedx/edx-lint,,,,,,,7,3,0.7391,6740,True,2026-08-25,True,True,False,False,49,0,0,0,0,20,49,2,2,1,False,,True,True,True,False,True,True,True,True,True,True,False,True,False,True,True,True,True,False,2026-08-24 03:22:59,True,False,False,False,False,True,False,False,,openedx,1,['https://open.edx.org/getting-help: 403'],True,"['https://github.com/openedx/.github/blob/master/CONTRIBUTING.md', 'https://github.com/openedx/edx-lint/workflows/Python%20CI/badge.svg?branch=master', 'https://github.com/openedx/edx-lint/actions?query=workflow%3A%22Python+CI%22']",True,True,False,False,,,False,,,,True,True,,False,edx-lint,[],https://github.com/openedx/edx-lint,True,False,True,False
openedx/frontend-app-gradebook,,,,,,,4,5,0.2759,208,False,2026-08-25,True,True,False,False,47,0,0,35,12,0,0,0,0,0,False,,False,False,True,False,False,True,True,True,True,False,True,False,False,False,False,False,False,False,2026-08-13 14:58:24,True,False,False,False,False,True,False,False,@edx/frontend-app-gradebook,openedx,0,"['http://apps.local.openedx.io/gradebook/course-v1: HTTPConnectionPool(host=\'apps.local.openedx.io\', port=80): Max retries exceeded with url: /gradebook/course-v1 (Caused by NewConnectionError(""HTTPConnection(host=\'apps.local.openedx.io\', port=80): Failed to establish a new connection: [Errno 111] Connection refused""))', 'http://apps.local.openedx.io: HTTPConnectionPool(host=\'apps.local.openedx.io\', port=80): Max retries exceeded with url: / (Caused by NewConnectionError(""HTTPConnection(host=\'apps.local.openedx.io\', port=80): Failed to establish a new connection: [Errno 111] Connection refused""))', 'https://openedx.slack.com/: 403', 'https://openedx.slack.com/archives/C04BM6YC7A6: 403', 'https://travis-ci.com/edx/frontend-app-gradebook: 404']",False,"['https://docs.openedx.org/en/latest/educators/how-tos/data/view_learner_grades.html', 'https://docs.openedx.org/en/latest/educators/how-tos/data/manage_learner_grades.html', 'https://github.com/openedx/frontend-app-gradebook.git', 'https://github.com/overhangio/tutor-mfe?tab=readme-ov-file', 'https://github.com/openedx/frontend-plugin-framework', 'https://webpack.js.org/', 'https://github.com/edx-unsupported/frontend-auth', 'https://openedx.org/r/how-to-contribute', 'https://discuss.openedx.org', 'https://github.com/openedx/frontend-app-gradebook/issues', 'https://openedx.org/slack', 'https://openedx.org/community/connect', 'https://openedx.org/code-of-conduct/', 'https://api.travis-ci.com/edx/frontend-app-gradebook.svg?branch=master', 'https://img.shields.io/codecov/c/gh/openedx/frontend-app-gradebook', 'https://app.codecov.io/gh/openedx/frontend-app-gradebook', 'https://img.shields.io/npm/v/@edx/frontend-app-gradebook.svg', 'https://img.shields.io/npm/dt/@edx/frontend-app-gradebook.svg', 'https://img.shields.io/npm/l/@edx/frontend-app-gradebook.svg', 'https://img.shields.io/badge/%20%20%F0%9F%93%A6%F0%9F%9A%80-semantic--release-e10079.svg', 'https://github.com/semantic-release/semantic-release']",True,True,True,False,,,True,,,0,False,False,,False,,[],,False,False,False,False
openedx/frontend-app-catalog,,,,,,,4,5,0.7692,171,False,2026-08-25,True,True,False,False,34,0,0,25,9,0,0,0,0,0,False,,False,False,True,False,False,True,True,True,True,False,True,False,False,False,False,False,False,False,2026-08-17 00:27:43,True,False,False,False,False,False,False,False,@edx/frontend-app-catalog,openedx,0,"['http://apps.local.openedx.io: HTTPConnectionPool(host=\'apps.local.openedx.io\', port=80): Max retries exceeded with url: / (Caused by NewConnectionError(""HTTPConnection(host=\'apps.local.openedx.io\', port=80): Failed to establish a new connection: [Errno 111] Connection refused""))', 'https://openedx.slack.com/archives/C04BM6YC7A6: 403', 'https://open-edx-backstage.herokuapp.com/catalog/default/component/frontend-app-catalog: 404']",True,"['https://img.shields.io/github/license/openedx/frontend-app-catalog.svg', 'https://github.com/openedx/frontend-app-catalog/blob/master/LICENSE', 'https://img.shields.io/badge/Status-Maintained-brightgreen', 'https://codecov.io/github/openedx/frontend-app-catalog/coverage.svg?branch=master', 'https://codecov.io/github/openedx/frontend-app-catalog?branch=master', 'https://docs.openedx.org/en/latest/community/release_notes/ulmo/ulmo_catalog.html', 'https://github.com/openedx/frontend-app-catalog.git', 'https://github.com/openedx/edx-search/releases/tag/v4.4.0', 'https://github.com/openedx/openedx-platform/pull/37948', 'https://github.com/openedx/openedx-platform/pull/37949', 'https://github.com/overhangio/tutor', 'https://github.com/overhangio/tutor-mfe', 'https://github.com/nvm-sh/nvm', 'https://github.com/openedx/frontend-platform/blob/master/docs/how_tos/i18n.rst', 'https://github.com/openedx/frontend-plugin-framework', 'https://discuss.openedx.org', 'https://openedx.org/slack', 'https://github.com/openedx/frontend-app-catalog/issues', 'https://openedx.org/getting-help', 'https://openedx.org/r/how-to-contribute', 'https://openedx.org/code-of-conduct/']",True,True,True,False,,,True,2026-04-06,2025-12-19,3,False,False,,False,,[],,False,False,False,False
openedx/frontend-app-aspects,,,,,,,5,4,1.0,126,False,2026-08-25,True,True,False,False,14,0,0,3,11,0,0,0,0,0,False,,False,False,True,False,False,True,True,True,True,False,True,False,False,False,False,False,False,False,2026-08-21 18:19:21,True,False,False,False,False,False,False,False,,openedx,0,"['https://openedx.slack.com/archives/C04BM6YC7A6: 403', 'https://open-edx-backstage.herokuapp.com/catalog/default/component/frontend-app-aspects: 404']",True,"['https://github.com/openedx/frontend-app-aspects.git', 'https://discuss.openedx.org', 'https://github.com/openedx/frontend-app-aspects/issues', 'https://github.com/openedx/frontend-base', 'https://github.com/overhangio/tutor-mfe', 'https://github.com/openedx/frontend-base/blob/main/docs/how_tos/i18n.rst', 'https://openedx.org/slack', 'https://openedx.org/getting-help', 'https://openedx.org/r/how-to-contribute', 'https://openedx.org/code-of-conduct/', 'https://img.shields.io/github/license/openedx/frontend-app-aspects.svg', 'https://github.com/openedx/frontend-app-aspects/blob/main/LICENSE', 'https://img.shields.io/badge/Status-Maintained-brightgreen', 'https://github.com/openedx/frontend-app-aspects/actions/workflows/ci.yml/badge.svg', 'https://github.com/openedx/frontend-app-aspects/actions/workflows/ci.yml', 'https://codecov.io/github/openedx/frontend-app-aspects/coverage.svg?branch=main', 'https://codecov.io/github/openedx/frontend-app-aspects?branch=main']",True,True,True,False,,,True,,,0,False,False,,False,,[],,False,False,False,False
openedx/sample-aspects-dbt,,,,,,,0,0,0.0,,False,2026-08-25,False,False,False,False,0,0,0,0,0,0,0,0,0,0,False,,False,False,True,False,False,False,True,False,False,False,False,False,False,False,False,False,False,False,2026-08-03 14:34:22,True,False,False,False,False,False,False,False,,openedx,0,[],False,"['https://docs.getdbt.com/reference/resource-properties/unit-tests', 'https://discuss.openedx.org', 'https://docs.getdbt.com/docs/introduction', 'https://discourse.getdbt.com/', 'https://community.getdbt.com/', 'https://events.getdbt.com', 'https://blog.getdbt.com/']",True,True,False,False,,,False,,,,False,False,,False,,[],,False,False,False,False
openedx/browserslist-config,,,,,,,0,1,,,False,2026-08-25,False,False,False,False,1,0,0,0,1,0,0,0,0,0,False,,False,False,True,False,False,False,True,True,False,False,True,False,False,False,False,False,False,False,2026-05-20 13:27:14,True,False,False,False,False,False,False,False,@edx/browserslist-config,openedx,0,['https://www.npmjs.com/package/@edx/browserslist-config: 403'],False,"['https://img.shields.io/npm/l/@edx/browserslist-config', 'https://img.shields.io/npm/v/@edx/browserslist-config', 'https://github.com/browserslist/browserslist', 'https://support.edx.org/hc/en-us/articles/206211848-What-are-the-system-requirements-and-supported-browsers-on-edX']",True,True,False,False,,,True,,,0,False,False,,False,,[],,False,False,False,False
openedx/help-tokens,,,,,,,5,1,0.9286,63212,True,2026-08-25,True,True,False,False,93,0,0,0,0,5,93,5,5,3,False,,True,False,True,False,True,True,True,True,True,True,False,True,False,True,True,True,True,False,2026-08-19 04:16:41,True,True,True,False,False,True,False,False,,openedx,4,[],True,"['https://docs.openedx.org/en/latest/learners', 'https://docs.openedx.org/en/latest/educators', 'https://github.com/openedx/.github/blob/master/CONTRIBUTING.md', 'https://github.com/openedx/help-tokens/blob/master/.github/PULL_REQUEST_TEMPLATE.md', 'https://github.com/openedx/help-tokens/blob/master/.github/ISSUE_TEMPLATE.md', 'https://open.edx.org/getting-help', 'https://img.shields.io/pypi/v/help-tokens.svg', 'https://pypi.python.org/pypi/help-tokens/', 'https://github.com/openedx/help-tokens/workflows/Python%20CI/badge.svg?branch=master', 'https://github.com/openedx/help-tokens/actions?query=workflow%3A%22Python+CI%22', 'http://codecov.io/github/edx/help-tokens/coverage.svg?branch=master', 'http://codecov.io/github/edx/help-tokens?branch=master', 'https://img.shields.io/pypi/pyversions/help-tokens.svg', 'https://img.shields.io/github/license/edx/help-tokens.svg', 'https://github.com/openedx/help-tokens/blob/master/LICENSE.txt']",True,True,True,False,,,False,,,,True,True,,True,help-tokens,"['3', '3.11', '3.12']",https://github.com/openedx/help-tokens,True,True,True,False
openedx/frontend-app-admin-portal,,,,,,,3,0,0.4474,351,False,2026-08-25,True,True,False,False,73,0,0,53,20,0,0,0,0,0,False,,False,False,True,False,False,True,True,True,True,False,True,False,False,False,False,False,False,False,2026-08-22 05:00:08,True,False,False,False,False,False,False,False,,openedx,0,"['https://openedx.slack.com/: 403', 'https://openedx.slack.com/archives/C04BM6YC7A6: 403']",False,"['https://github.com/openedx/frontend-app-admin-portal/actions/workflows/ci.yml/badge.svg', 'https://codecov.io/gh/edx/frontend-app-admin-portal/branch/master/graph/badge.svg', 'https://github.com/openedx/devstack', 'https://github.com/openedx/edx-analytics-data-api', 'https://discuss.openedx.org', 'https://github.com/openedx/frontend-app-admin-portal/issues', 'https://openedx.org/slack', 'https://openedx.org/community/connect', 'https://openedx.org/r/how-to-contribute', 'https://openedx.org/code-of-conduct/']",True,True,True,False,,,True,2026-02-07,2024-05-22,6,False,False,,False,,[],,False,False,False,False
openedx/xblock-google-drive,,,,,,,3,1,0.8667,52091,True,2026-08-25,True,True,False,False,99,0,0,0,0,85,99,7,7,5,False,,False,False,True,False,False,True,True,True,True,True,False,False,False,True,True,True,True,False,2026-08-10 20:13:26,True,True,True,False,False,True,False,False,,openedx,0,['https://openedx.atlassian.net/wiki/display/OpenOPS/Running+Fullstack: 404'],False,"['https://docs.openedx.org/en/latest/developers/references/developer_guide/internationalization/i18n.html', 'https://xblock-tutorial.readthedocs.io/en/latest/', 'https://travis-ci.org/edx-solutions/xblock-google-drive.svg?branch=master', 'https://travis-ci.org/edx-solutions/xblock-google-drive']",True,True,False,False,,,False,,,,True,True,,True,xblock-google-drive,['3.12'],https://github.com/openedx/xblock-google-drive,True,True,True,False
openedx/pr_watcher_notifier,,,,,,,1,0,,,False,2026-08-25,False,False,False,False,0,0,0,0,0,0,0,0,0,0,False,,False,False,True,False,False,True,True,True,False,False,False,False,False,False,True,False,False,False,2026-05-30 15:32:44,True,False,False,False,False,True,False,False,,openedx,0,['https://pythonhosted.org/Flask-Mail/: 404'],False,"['https://developer.github.com/webhooks/creating/', 'https://github.com/settings/tokens', 'https://github.com/lgp171188/custom_templates']",True,True,False,False,,,False,,,,False,False,,False,,[],,False,False,False,False
openedx/DoneXBlock,,,,,,,3,2,0.9535,94,True,2026-08-25,True,True,False,False,127,0,0,0,0,20,127,7,7,6,False,,True,False,True,False,False,True,True,True,True,True,False,True,False,True,False,True,True,False,2026-08-24 13:45:30,True,True,True,False,False,True,False,False,,openedx,0,"['https://www.gnu.org/licenses/agpl-3.0: HTTPSConnectionPool(host=\'www.gnu.org\', port=443): Max retries exceeded with url: /licenses/agpl-3.0 (Caused by NewConnectionError(""HTTPSConnection(host=\'www.gnu.org\', port=443): Failed to establish a new connection: [Errno 101] Network is unreachable""))', 'https://openedx.slack.com/: 403', ""https://open-edx-backstage.herokuapp.com/catalog/default/component/DoneXBlock: HTTPSConnectionPool(host='open-edx-backstage.herokuapp.com', port=443): Max retries exceeded with url: /catalog/default/component/DoneXBlock (Caused by SSLError(SSLError(1, '[SSL: TLSV1_UNRECOGNIZED_NAME] tlsv1 unrecognized name (_ssl.c:1010)')))""]",True,"['https://img.shields.io/badge/License-AGPL_v3-blue.svg', 'https://github.com/openedx/DoneXBlock/actions/workflows/ci.yml/badge.svg', 'https://github.com/openedx/DoneXBlock/actions/workflows/ci.yml', 'https://github.com/openedx/DoneXBlock/actions/workflows/pypi-release.yml/badge.svg', 'https://github.com/openedx/DoneXBlock/actions/workflows/pypi-release.yml', 'https://img.shields.io/badge/status-maintained-31c653', 'https://openedx.org/r/xblock', 'https://docs.tutor.edly.io/configuration.html', 'https://discuss.openedx.org', 'https://github.com/openedx/DoneXBlock/issues', 'https://openedx.org/slack', 'https://openedx.org/getting-help', 'https://openedx.org/r/how-to-contribute', 'https://openedx.org/code-of-conduct/']",True,True,True,True,.readthedocs.yaml,2,False,,,,True,True,,True,done-xblock,"['3', '3.12']",https://github.com/openedx/DoneXBlock,True,True,True,False
openedx/event-bus-redis,,,,,,,2,6,0.9444,16610,True,2026-08-25,True,True,False,False,115,0,0,0,0,30,115,7,8,5,True,,True,True,True,True,False,True,True,True,True,False,False,True,False,True,True,True,True,False,2026-08-24 09:44:47,True,True,True,False,False,True,False,False,,openedx,0,"['https://docs.openedx.org/projects/event-bus-redis: 404', 'https://openedx.slack.com/: 403', 'https://open-edx-backstage.herokuapp.com/catalog/default/component/event-bus-redis: 404', 'https://event-bus-redis.readthedocs.io/en/latest/: 404']",True,"['https://redis.readthedocs.io/en/stable/examples/ssl_connection_examples.html', 'https://github.com/openedx/openedx-events/blob/06635f3642cee4020d6787df68bba694bd1233fe/openedx_events/event_bus/__init__.py', 'https://redis.io/commands/xread/', 'https://openedx.atlassian.net/wiki/spaces/AC/pages/3508699151/How+to+start+using+the+Event+Bus', 'https://openedx.atlassian.net/wiki/spaces/DOC/pages/21627535/Publish+Documentation+on+Read+the+Docs', 'https://discuss.openedx.org', 'https://github.com/openedx/event-bus-redis/issues', 'https://openedx.org/slack', 'https://openedx.org/getting-help', 'https://openedx.org/r/how-to-contribute', 'https://openedx.org/code-of-conduct/', 'https://img.shields.io/pypi/v/edx-event-bus-redis.svg', 'https://pypi.python.org/pypi/edx-event-bus-redis/', 'https://github.com/openedx/event-bus-redis/workflows/Python%20CI/badge.svg?branch=main', 'https://github.com/openedx/event-bus-redis/actions', 'https://codecov.io/github/openedx/event-bus-redis/coverage.svg?branch=main', 'https://codecov.io/github/openedx/event-bus-redis?branch=main', 'https://readthedocs.org/projects/edx-event-bus-redis/badge/?version=latest', 'https://img.shields.io/pypi/pyversions/edx-event-bus-redis.svg', 'https://pypi.python.org/pypi/event-bus-redis/', 'https://img.shields.io/github/license/openedx/event-bus-redis.svg', 'https://github.com/openedx/event-bus-redis/blob/main/LICENSE.txt', 'https://img.shields.io/badge/Status-Experimental-yellow']",True,True,True,True,.readthedocs.yaml,2,False,,,,True,True,,True,edx_event_bus_redis,"['3', '3.12']",https://github.com/openedx/event-bus-redis,True,True,True,False
openedx/openedx-events,,,,,,,6,4,0.8095,138803,True,2026-08-25,True,True,False,False,121,0,0,0,0,20,121,5,6,3,True,,True,True,True,False,True,True,True,True,True,True,False,True,False,True,True,True,True,False,2026-08-24 15:17:39,True,True,True,False,False,True,False,False,,openedx,0,['https://openedx.slack.com/: 403'],True,"['https://open-edx-proposals.readthedocs.io/en/latest/oep-0050-hooks-extension-framework.html', 'https://docs.openedx.org/en/latest/developers/how-tos/get-ready-for-python-dev.html', 'https://openedx-events.readthedocs.io/en/latest/', 'https://discuss.openedx.org', 'https://github.com/openedx/openedx-events/issues', 'https://openedx.org/slack', 'https://openedx.org/getting-help', 'https://openedx.org/r/how-to-contribute', 'https://openedx.org/code-of-conduct/', 'https://backstage.openedx.org/catalog/default/component/openedx-events', 'https://img.shields.io/pypi/v/openedx-events.svg', 'https://pypi.python.org/pypi/openedx-events/', 'https://github.com/openedx/openedx-events/actions/workflows/ci.yml/badge.svg?branch=main', 'https://github.com/openedx/openedx-events/actions/workflows/ci.yml', 'https://codecov.io/github/openedx/openedx-events/coverage.svg?branch=main', 'https://codecov.io/github/openedx/openedx-events?branch=main', 'https://readthedocs.org/projects/openedx-events/badge/?version=latest', 'https://img.shields.io/pypi/pyversions/openedx-events.svg', 'https://img.shields.io/github/license/openedx/openedx-events.svg', 'https://github.com/openedx/openedx-events/blob/main/LICENSE.txt', 'https://img.shields.io/badge/Status-Maintained-brightgreen']",True,True,True,True,.readthedocs.yaml,2,False,,,,True,True,,True,openedx-events,"['3', '3.12']",https://github.com/openedx/openedx-events,True,True,True,False
openedx/edx-submissions,,,,,,,4,6,0.6667,125,True,2026-08-25,True,True,False,False,106,0,0,0,0,10,106,8,11,4,True,,True,False,True,False,False,True,True,True,True,True,False,True,False,True,True,True,True,False,2026-08-17 21:33:38,True,False,False,False,False,True,False,False,,openedx,4,"['https://docs.openedx.org/projects/edx-submissions: 404', 'https://openedx.org/getting-help: 403', 'https://openedx.org/slack: 403', 'https://openedx.slack.com/: 403', 'https://openedx.org/r/how-to-contribute: 403', 'https://openedx.org/code-of-conduct/: 403']",True,"['https://discuss.openedx.org', 'https://github.com/openedx/edx-submissions/issues', 'https://backstage.openedx.org/catalog/default/component/edx-submissions', 'https://img.shields.io/pypi/v/edx-submissions.svg', 'https://pypi.python.org/pypi/edx-submissions/', 'https://github.com/openedx/edx-submissions/actions/workflows/ci.yml/badge.svg?branch=master', 'https://github.com/openedx/edx-submissions/actions/workflows/ci.yml?branch=master', 'https://codecov.io/github/openedx/edx-submissions/coverage.svg?branch=master', 'https://codecov.io/github/openedx/edx-submissions?branch=master', 'https://readthedocs.org/projects/edx-submissions/badge/?version=latest', 'https://img.shields.io/pypi/pyversions/edx-submissions.svg', 'https://img.shields.io/github/license/openedx/edx-submissions.svg', 'https://github.com/openedx/edx-submissions/blob/master/LICENSE.txt', 'https://img.shields.io/badge/Status-Experimental-yellow', 'https://img.shields.io/badge/Status-Maintained-brightgreen', 'https://img.shields.io/badge/Status-Deprecated-orange', 'https://img.shields.io/badge/Status-Unsupported-red']",True,True,True,True,.readthedocs.yaml,2,False,,,,True,True,,True,edx-submissions,"['3', '3.12']",http://github.com/openedx/edx-submissions.git,True,True,True,False
openedx/xqueue,,,,,,,0,1,0.0,,True,2026-08-25,False,False,False,False,59,0,0,0,0,57,59,5,7,3,False,,True,False,True,False,False,True,True,True,False,False,False,False,False,True,False,False,True,False,2026-07-30 14:21:13,True,True,True,False,False,True,False,False,,openedx,2,['https://open.edx.org/getting-help: 403'],True,['https://github.com/openedx/public-engineering/issues/286'],True,True,True,False,,,False,,,,True,True,,False,,[],,True,False,True,False
openedx/openedx-chem,,,,,,,1,0,0.0,6,True,2026-08-25,False,False,False,False,39,0,0,0,0,9,39,0,0,0,False,,True,False,True,False,False,True,True,True,False,True,False,False,False,True,False,True,True,False,2026-05-30 15:29:42,True,False,False,False,False,False,False,False,,openedx,2,[],False,"['https://github.com/openedx/edx-platform', 'https://github.com/openedx/openedx-chem/blob/master/LICENSE']",True,True,False,False,,,False,,,,False,True,,True,chem,"['3', '3.12']",https://github.com/openedx/openedx-chem,True,True,True,False
openedx/eslint-config,,,,,,,0,0,,,False,2026-08-25,False,False,False,False,9,0,0,0,9,0,0,0,0,0,False,,False,False,True,False,False,False,True,True,False,False,True,False,False,False,False,False,False,False,2026-08-21 14:09:01,True,False,False,False,False,False,False,False,@edx/eslint-config,openedx,0,"['https://www.npmjs.com/package/@edx/eslint-config: 403', 'https://www.npmjs.com/package/eslint-config-airbnb-typescript: 403']",False,"['https://github.com/openedx/eslint-config/actions/workflows/release.yml/badge.svg', 'https://github.com/openedx/eslint-config/actions/workflows/release.yml/', 'https://img.shields.io/npm/v/@edx/eslint-config.svg', 'https://img.shields.io/npm/dt/@edx/eslint-config.svg', 'https://img.shields.io/npm/l/@edx/eslint-config.svg', 'https://github.com/openedx/eslint-config/blob/master/LICENSE', 'https://img.shields.io/badge/%20%20%F0%9F%93%A6%F0%9F%9A%80-semantic--release-e10079.svg', 'https://github.com/semantic-release/semantic-release']",True,True,False,False,,,True,2025-12-08,2024-04-29,9,False,False,,False,,[],,False,False,False,False
openedx/cc2olx,,,,,,,3,1,0.9333,1020470,True,2026-08-25,True,True,False,False,67,0,0,0,0,11,67,1,1,0,False,,True,True,True,False,True,True,True,True,True,True,False,False,False,True,True,True,True,False,2026-08-10 20:02:13,True,True,False,False,False,True,False,False,,openedx,2,[],False,"['https://github.com/openedx/cc2olx/workflows/Python%20CI/badge.svg?branch=master', 'https://github.com/openedx/cc2olx/actions?query=workflow%3A%22Python+CI%22', 'https://www.imsglobal.org/activity/common-cartridge', 'https://github.com/raccoongang/xblock-pdf', 'https://github.com/openedx/xblock-google-drive', 'https://s3.amazonaws.com/public-imscc/c075c6df1f674a7b9d9192307e812f74.imscc', 'https://lor.instructure.com/resources/c075c6df1f674a7b9d9192307e812f74', 'https://s3.amazonaws.com/public-imscc/faa3332ffd834070ad81d97bdb236649.imscc', 'https://lor.instructure.com/resources/faa3332ffd834070ad81d97bdb236649', 'https://s3.amazonaws.com/public-imscc/d933c048da6d4fd5a9cb552148d628cb.imscc', 'https://lor.instructure.com/resources/d933c048da6d4fd5a9cb552148d628cb']",True,True,False,False,,,False,,,,True,True,,True,cc2olx,"['3', '3.12']",https://github.com/openedx/cc2olx,True,True,True,False
openedx/openedx-app-foundation-android,,,,,,,0,9,,,False,2026-08-25,False,False,False,False,0,0,0,0,0,0,0,0,0,0,False,,False,False,True,False,False,False,True,True,False,False,False,False,False,False,False,False,False,False,2026-07-30 14:21:49,True,False,False,False,False,False,False,False,,openedx,0,[],False,['https://jitpack.io'],True,True,False,False,,,False,,,,False,False,,False,,[],,False,False,False,False
openedx/aspects-dbt,,,,,,,2,10,1.0,33570,False,2026-08-25,True,True,False,False,0,0,0,0,0,0,0,0,0,0,False,,False,False,True,False,False,True,True,True,True,False,False,False,True,False,False,False,False,False,2026-07-30 14:21:43,True,False,False,False,False,False,False,False,,openedx,0,"['https://openedx.slack.com/: 403', 'https://open-edx-backstage.herokuapp.com/catalog/default/component/openedx-event-sink-clickhouse: 404']",True,"['https://openedx.github.io/aspects-dbt/', 'https://clickhouse.com', 'https://docs.openedx.org/projects/openedx-aspects/en/latest/index.html', 'https://docs.getdbt.com/reference/resource-properties/unit-tests', 'https://discuss.openedx.org', 'https://github.com/openedx/aspects-dbt/issues', 'https://openedx.org/slack', 'https://openedx.org/getting-help', 'https://openedx.org/r/how-to-contribute', 'https://openedx.org/code-of-conduct/']",True,True,True,False,,,False,,,,False,False,,False,,[],,False,False,False,False
openedx/edx-enterprise-subsidy-client,,,,,,,6,10,0.9333,477716,True,2026-08-25,True,True,False,False,103,0,0,0,0,19,103,5,6,4,True,,True,True,True,False,True,True,True,True,True,True,False,True,False,True,True,True,True,False,2026-08-24 10:43:36,True,False,True,False,False,True,False,False,,openedx,0,"['https://docs.openedx.org/projects/edx-enterprise-subsidy-client/how-tos/how-to-deploy-this-component.html: 404', 'https://docs.openedx.org/projects/edx-enterprise-subsidy-client: 404', 'https://openedx.slack.com/: 403', ""https://open-edx-backstage.herokuapp.com/catalog/default/component/edx-enterprise-subsidy-client: HTTPSConnectionPool(host='open-edx-backstage.herokuapp.com', port=443): Max retries exceeded with url: /catalog/default/component/edx-enterprise-subsidy-client (Caused by SSLError(SSLError(1, '[SSL: TLSV1_UNRECOGNIZED_NAME] tlsv1 unrecognized name (_ssl.c:1010)')))"", 'https://edx-enterprise-subsidy-client.readthedocs.io/en/latest/: 404']",True,"['https://openedx.atlassian.net/wiki/spaces/DOC/pages/21627535/Publish+Documentation+on+Read+the+Docs', 'https://discuss.openedx.org', 'https://github.com/openedx/edx-enterprise-subsidy-client/issues', 'https://openedx.org/slack', 'https://openedx.org/getting-help', 'https://openedx.org/r/how-to-contribute', 'https://openedx.org/code-of-conduct/', 'https://img.shields.io/pypi/v/edx-enterprise-subsidy-client.svg', 'https://pypi.python.org/pypi/edx-enterprise-subsidy-client/', 'https://github.com/openedx/edx-enterprise-subsidy-client/workflows/Python%20CI/badge.svg?branch=main', 'https://github.com/openedx/edx-enterprise-subsidy-client/actions', 'https://codecov.io/github/openedx/edx-enterprise-subsidy-client/coverage.svg?branch=main', 'https://codecov.io/github/openedx/edx-enterprise-subsidy-client?branch=main', 'https://readthedocs.org/projects/edx-enterprise-subsidy-client/badge/?version=latest', 'https://img.shields.io/pypi/pyversions/edx-enterprise-subsidy-client.svg', 'https://img.shields.io/github/license/openedx/edx-enterprise-subsidy-client.svg', 'https://github.com/openedx/edx-enterprise-subsidy-client/blob/main/LICENSE.txt', 'https://img.shields.io/badge/Status-Experimental-yellow', 'https://img.shields.io/badge/Status-Maintained-brightgreen', 'https://img.shields.io/badge/Status-Deprecated-orange', 'https://img.shields.io/badge/Status-Unsupported-red']",True,True,True,True,.readthedocs.yaml,2,False,,,,False,True,,True,edx-enterprise-subsidy-client,"['3', '3.12']",https://github.com/openedx/edx-enterprise-subsidy-client,False,True,True,False
openedx/frontend-app-profile,,,,,,,3,5,0.439,223,False,2026-08-25,True,True,False,False,44,0,0,35,9,0,0,0,0,0,False,,False,False,True,False,False,True,True,True,True,False,True,False,False,False,False,False,False,False,2026-08-17 12:31:56,True,False,False,False,False,True,False,False,@edx/frontend-app-profile,openedx,0,"['https://github.com/openedx/frontend-app-profile/blob/main/LICENSE: 404', 'https://openedx.slack.com/: 403', 'https://openedx.slack.com/archives/C04BM6YC7A6: 403', 'https://backstage.herokuapp.com/catalog/default/component/frontend-app-profile: 502']",True,"['https://img.shields.io/github/license/openedx/frontend-app-profile.svg', 'https://img.shields.io/badge/Status-Maintained-brightgreen', 'https://github.com/openedx/frontend-app-profile/actions/workflows/ci.yml/badge.svg', 'https://github.com/openedx/frontend-app-profile/actions/workflows/ci.yml', 'https://codecov.io/github/openedx/frontend-app-profile/coverage.svg?branch=main', 'https://codecov.io/github/openedx/frontend-app-profile?branch=main', 'https://github.com/overhangio/tutor', 'https://github.com/overhangio/tutor-mfe', 'https://github.com/openedx/frontend-app-profile.git', 'https://github.com/nvm-sh/nvm', 'https://github.com/openedx/frontend-plugin-framework', 'https://discuss.openedx.org', 'https://github.com/openedx/frontend-app-profile/issues', 'https://openedx.org/slack', 'https://openedx.org/getting-help', 'https://openedx.org/r/how-to-contribute', 'https://openedx.org/code-of-conduct/']",True,True,True,False,,,True,2026-04-06,2025-07-21,5,False,False,,False,,[],,False,False,False,False
openedx/xblock-drag-and-drop-v2,,,,,,,4,4,0.8824,49877,True,2026-08-25,True,True,False,False,95,0,0,0,0,33,95,8,9,6,False,,False,False,True,False,False,True,True,True,True,True,False,True,False,True,False,True,True,False,2026-08-17 12:48:54,True,True,False,False,False,True,False,False,,openedx,0,[],False,"['https://docs.openedx.org/en/latest/educators/references/course_development/problem_settings.html', 'https://github.com/open-craft/demo-courses/archive/drag-and-drop-v2.tar.gz', 'https://docs.openedx.org/projects/xblock/en/latest/xblock-tutorial/edx_platform/edx_lms.html', 'https://github.com/openedx/i18n-tools', 'https://github.com/openedx/openedx-translations']",True,True,False,False,,,False,,,,True,True,,True,xblock-drag-and-drop-v2,['3.12'],https://github.com/openedx/xblock-drag-and-drop-v2,True,True,True,False
openedx/openedx-app-android,,,,,,,2,6,0.6842,7,False,2026-08-25,True,True,False,False,0,0,0,0,0,0,0,0,0,0,False,,False,False,True,False,False,True,True,True,True,False,False,False,False,False,False,False,False,False,2026-08-24 23:54:45,True,False,False,False,False,False,False,False,,openedx,0,"['https://app.transifex.com/open-edx/openedx-translations/dashboard/: 403', 'https://app.transifex.com/open-edx/openedx-translations/openedx-app-android/: 404']",False,"['https://github.com/openedx/openedx-app-android.git', 'https://docs.openedx.org/en/latest/developers/concepts/oep58.html', 'https://github.com/openedx/openedx-atlas', 'https://github.com/openedx/openedx-translations', 'https://github.com/openedx/openedx-translations/blob/04ccea36b8e6a9889646dfb5a5acb99686fa9ae0/translations/openedx-app-android/i18n/src/main/res/values-uk/strings.xml', 'https://github.com/openedx/openedx-atlas/issues/20', 'https://github.com/apps/transifex-integration', 'https://github.com/openedx/openedx-app-android/blob/main/LICENSE']",True,True,False,False,,,False,,,,False,False,,False,,[],,False,False,False,False
openedx/event-tracking,,,,,,,4,4,0.9545,34256,True,2026-08-25,True,True,False,False,0,0,0,0,0,0,0,0,0,0,False,,True,False,True,False,True,True,True,True,True,True,False,True,True,False,False,False,True,False,2026-08-25 03:31:49,True,False,False,False,False,True,False,False,,openedx,0,"['http://www.edx.org/some/path/1: 404', 'http://www.edx.org/some/path/2: 404']",False,"['http://code.edx.org/', 'http://event-tracking.readthedocs.org/en/latest/', 'https://github.com/openedx/edx-platform/wiki/How-To-Contribute', 'https://groups.google.com/forum/', 'https://github.com/openedx/event-tracking/workflows/Python%20CI/badge.svg?branch=master', 'https://github.com/openedx/event-tracking/actions?query=workflow%3A%22Python+CI%22']",True,False,True,False,,,False,,,,False,False,,False,,[],,True,False,True,False
openedx/xblock-image-explorer,,,,,,,3,2,0.8667,46639,True,2026-08-25,True,True,False,False,84,0,0,0,0,28,84,6,6,4,False,,False,False,True,False,False,True,True,True,True,False,False,True,False,True,False,True,True,False,2026-08-10 20:12:58,True,True,False,False,False,False,False,False,,openedx,0,"['http://link/to/image.jpg: HTTPConnectionPool(host=\'link\', port=80): Max retries exceeded with url: /to/image.jpg (Caused by NameResolutionError(""HTTPConnection(host=\'link\', port=80): Failed to resolve \'link\' ([Errno -3] Temporary failure in name resolution)""))']",False,"['https://github.com/openedx/xblock-image-explorer/actions/workflows/ci.yml/badge.svg', 'https://github.com/openedx/xblock-image-explorer/actions/workflows/ci.yml', 'https://raw.githubusercontent.com/openedx/xblock-image-explorer/3b67392a73edcd606f4e3fb30cfa8b3cc20720d3/doc/img/student-view.png', 'https://raw.githubusercontent.com/openedx/xblock-image-explorer/3b67392a73edcd606f4e3fb30cfa8b3cc20720d3/doc/img/edit-view.png']",True,True,False,False,,,False,,,,True,True,,True,xblock-image-explorer,['3.12'],https://github.com/openedx/xblock-image-explorer,True,True,True,False
openedx/edx-organizations,,,,,,,4,3,0.8846,1245907,True,2026-08-25,True,True,False,False,37,0,0,0,0,31,37,5,9,4,False,,True,False,True,False,True,True,True,True,True,True,False,True,False,True,True,True,True,False,2026-08-24 00:19:00,True,False,True,False,False,True,False,False,,openedx,7,['https://coveralls.io/github/edx/edx-organizations?branch=master: 403'],False,"['https://github.com/openedx/edx-organizations/workflows/Python%20CI/badge.svg?branch=master', 'https://github.com/openedx/edx-organizations/actions?query=workflow%3A%22Python+CI%22', 'https://coveralls.io/repos/github/edx/edx-organizations/badge.svg?branch=master', 'https://github.com/openedx/.github/blob/master/CONTRIBUTING.md', 'https://groups.google.com/forum/']",True,False,True,False,,,False,,,,True,True,,True,edx-organizations,"['3', '3.12']",https://github.com/openedx/edx-organizations,True,True,True,False
openedx/openedx-webhooks-data-schema,,,,,,,0,0,0.6667,12513,True,2026-08-25,False,False,False,False,74,0,0,0,0,2,74,2,2,1,False,,False,True,True,False,True,True,True,True,False,True,False,True,False,True,True,True,False,False,2025-07-30 09:30:08,True,True,True,False,False,True,False,False,,openedx,5,['https://openedx.slack.com/: 403'],True,"['https://github.com/openedx/.github/blob/master/CONTRIBUTING.md', 'https://discuss.openedx.org', 'https://openedx.org/slack', 'https://openedx.org/getting-help']",True,True,True,False,,,False,,,,False,True,,True,repo-tools-data-schema,"['3', '3.11', '3.12']",https://github.com/openedx/repo-tools-data-schema,False,False,False,False
openedx/XBlock,,,,,,,6,7,0.9655,112076,True,2026-08-25,True,True,False,False,0,0,0,0,0,0,0,0,0,0,True,,True,False,True,False,True,True,True,True,True,True,False,True,True,False,False,False,True,False,2026-08-24 09:45:23,True,False,True,False,False,True,False,False,,openedx,0,"['http://scorm.com/scorm-explained/: 403', 'https://openedx.org/slack: 403', 'https://openedx.slack.com/: 403', 'https://openedx.org/getting-help: 403', 'https://github.com/openedx/XBlock/blob/master/LICENSE.txt: 404', 'https://openedx.org/r/how-to-contribute: 403', 'https://openedx.org/code-of-conduct/: 403']",True,"['http://www.lon-capa.org/', 'http://www.imsglobal.org/toolsinteroperability2.cfm', 'https://github.com/openedx/XBlock/blob/master/CHANGELOG.rst', 'https://github.com/openedx/XBlock/blob/master/xblock/__init__.py', 'https://github.com/openedx/xblock-sdk', 'https://docs.openedx.org/projects/xblock/en/latest/xblock-tutorial/index.html', 'https://discuss.openedx.org', 'https://github.com/openedx/XBlock/issues', 'https://backstage.openedx.org/catalog/default/component/xblock', 'https://img.shields.io/pypi/v/XBlock.svg', 'https://pypi.python.org/pypi/XBlock/', 'https://github.com/openedx/XBlock/workflows/Python%20CI/badge.svg?branch=master', 'https://github.com/openedx/XBlock/actions', 'https://codecov.io/github/openedx/XBlock/coverage.svg?branch=master', 'https://codecov.io/github/openedx/XBlock?branch=master', 'https://readthedocs.org/projects/XBlock/badge/?version=latest', 'https://docs.openedx.org/projects/xblock/en/latest/', 'https://img.shields.io/pypi/pyversions/XBlock.svg', 'https://img.shields.io/github/license/openedx/XBlock.svg', 'https://img.shields.io/badge/Status-Maintained-brightgreen']",True,True,True,True,.readthedocs.yaml,2,False,,,,False,False,,False,,[],,True,True,True,False
openedx/edx-celeryutils,,,,,,,3,1,0.72,1813542,True,2026-08-25,True,True,False,False,129,0,0,0,0,21,129,4,6,2,False,,True,False,True,False,True,True,True,True,True,True,False,True,False,True,True,True,True,False,2026-08-17 21:39:34,True,True,True,False,False,True,False,False,,openedx,4,"['http://edx-celeryutils.readthedocs.io/en/latest/?badge=latest: 404', 'http://edx-celeryutils.readthedocs.io/en/latest/: 404']",True,"['https://img.shields.io/pypi/v/edx-celeryutils.svg', 'https://pypi.python.org/pypi/edx-celeryutils/', 'https://github.com/openedx/edx-celeryutils/workflows/Python%20CI/badge.svg?branch=master', 'https://github.com/openedx/edx-celeryutils/actions?query=workflow%3A%22Python+CI%22', 'http://codecov.io/github/edx/edx-celeryutils/coverage.svg?branch=master', 'http://codecov.io/github/edx/edx-celeryutils?branch=master', 'https://img.shields.io/pypi/pyversions/edx-celeryutils.svg', 'https://img.shields.io/github/license/edx/edx-celeryutils.svg', 'https://github.com/openedx/edx-celeryutils/blob/master/LICENSE.txt', 'https://openedx.atlassian.net/wiki/spaces/DOC/pages/21627535/Publish+Documentation+on+Read+the+Docs', 'https://github.com/openedx/.github/blob/master/CONTRIBUTING.md', 'https://open.edx.org/getting-help']",True,True,True,False,,,False,,,,True,True,,True,edx-celeryutils,"['3', '3.12']",https://github.com/openedx/edx-celeryutils,True,True,True,False
openedx/openedx-atlas,,,,,,,3,0,0.4286,451347,False,2026-08-25,True,True,False,False,0,0,0,0,0,0,0,0,0,0,False,,True,True,True,False,False,True,True,True,True,False,True,False,False,False,False,True,False,False,2026-08-03 14:50:42,True,False,False,False,False,True,False,False,@edx/openedx-atlas,openedx,0,['https://www.npmjs.com/package/@edx/openedx-atlas: 403'],True,"['https://pypi.org/project/openedx-atlas/', 'https://github.com/openedx/openedx-atlas/releases/latest/', 'https://github.com/openedx/openedx-atlas/blob/main/atlas', 'https://github.com/openedx/openedx-atlas/releases/latest/download/atlas', 'https://github.com/shellspec/shellspec', 'https://github.com/koalaman/shellcheck', 'https://github.com/ko1nksm/getoptions', 'https://semver.org/', 'https://github.com/semantic-release/semantic-release/', 'https://open-edx-proposals.readthedocs.io/en/latest/oep-0051-bp-conventional-commits.html', 'https://openedx.atlassian.net/wiki/spaces/COMM/pages/941457737/How+to+start+contributing+to+the+Open+edX+code+base', 'https://open.edx.org/getting-help']",True,True,False,False,,,True,,,0,False,False,,False,openedx-atlas,[],https://github.com/openedx/openedx-atlas,False,False,False,False
openedx/pr_watcher_configuration,,,,,,,0,0,,,False,2026-08-25,False,False,False,False,0,0,0,0,0,0,0,0,0,0,False,,False,True,False,False,False,False,True,True,False,False,False,False,False,False,False,False,False,False,2024-12-16 20:05:07,True,False,False,False,False,False,False,False,,openedx,0,[],False,['https://github.com/open-craft/pr_watcher_notifier'],True,True,True,False,,,False,,,,False,False,,False,,[],,False,False,False,False
openedx/frontend-component-header,,,,,,,1,7,0.7143,6,False,2026-08-25,False,False,False,False,29,0,0,10,19,0,0,0,0,0,False,,False,False,True,False,False,True,True,True,False,False,True,False,False,False,False,False,False,False,2026-08-10 01:50:13,True,False,False,False,False,False,False,False,@edx/frontend-component-header,openedx,0,"['https://github.com/openedx/frontend-template-application/blob/master/src/index.jsx: 404', 'https://edx.github.io/frontend-platform/module-Internationalization.html: 404', 'https://openedx.slack.com/: 403', 'https://openedx.slack.com/archives/C04BM6YC7A6: 403', 'https://api.travis-ci.com/edx/frontend-component-header.svg?branch=master: 404', 'https://travis-ci.com/edx/frontend-component-header: 404']",False,"['https://github.com/openedx/devstack', 'https://github.com/overhangio/tutor', 'https://github.com/overhangio/tutor-mfe', 'https://github.com/openedx/frontend-component-header.git', 'https://github.com/nvm-sh/nvm', 'https://github.com/openedx/frontend-plugin-framework', 'https://github.com/openedx/frontend-template-application/blob/3355bb3a96232390e9056f35b06ffa8f105ed7ca/src/index.jsx', 'https://github.com/openedx/frontend-template-application/blob/3cd5485bf387b8c479baf6b02bf59e3061dc3465/src/index.scss', 'https://openedx.org/r/how-to-contribute', 'https://discuss.openedx.org', 'https://github.com/openedx/frontend-component-header/issues', 'https://openedx.org/slack', 'https://openedx.org/community/connect', 'https://openedx.org/code-of-conduct/', 'https://img.shields.io/codecov/c/github/edx/frontend-component-header', 'https://img.shields.io/npm/v/@edx/frontend-component-header.svg', 'https://img.shields.io/npm/dt/@edx/frontend-component-header.svg', 'https://img.shields.io/npm/l/@edx/frontend-component-header.svg', 'https://img.shields.io/badge/%20%20%F0%9F%93%A6%F0%9F%9A%80-semantic--release-e10079.svg', 'https://github.com/semantic-release/semantic-release']",True,True,True,False,,,True,2026-04-06,2024-01-01,6,False,False,,False,,[],,False,False,False,False
openedx/frontend-component-cookie-policy-banner,,,,,,,0,1,,,False,2026-08-25,False,False,False,False,55,0,0,8,47,0,0,0,0,0,False,,False,False,True,False,False,False,True,True,False,True,True,False,False,False,False,False,False,False,2026-05-20 13:21:13,True,False,False,False,False,False,False,False,@edx/frontend-component-cookie-policy-banner,openedx,0,"['https://www.npmjs.com/package/@edx/frontend-component-cookie-policy-banner: 403', 'https://github.com/openedx/frontend-component-cookie-policy-banner.svg/blob/master/LICENSE: 404', 'https://imgur.com/mZct2v5.png: 429']",False,"['https://badges.greenkeeper.io/edx/frontend-component-cookie-policy-banner.svg', 'https://greenkeeper.io/', 'https://img.shields.io/npm/v/@edx/frontend-component-cookie-policy-banner.svg', 'https://img.shields.io/npm/dt/@edx/frontend-component-cookie-policy-banner.svg', 'https://img.shields.io/npm/l/@edx/frontend-component-cookie-policy-banner.svg', 'https://github.com/semantic-release/semantic-release', 'https://github.com/openedx/frontend-component-cookie-policy-banner', 'https://github.com/storybooks/storybook', 'https://open.edx.org/code-of-conduct/']",True,True,True,False,,,True,2021-12-07,,0,False,False,,False,,[],,False,False,False,False
openedx/tutor-contrib-aspects-sample,,,,,,,2,0,0.0,,False,2026-08-25,False,False,False,False,0,0,0,0,0,0,0,0,0,0,False,,False,False,True,False,False,True,True,False,False,False,False,False,True,False,False,False,False,False,2026-08-03 14:34:02,True,False,False,False,False,True,False,False,,openedx,0,[],False,"['https://docs.tutor.edly.io', 'https://github.com/saraburns1/tutor-contrib-aspects-sample', 'https://superset.apache.org/docs', 'https://www.getdbt.com/docs/', 'https://clickhouse.com/docs', 'https://docs.tutor.overhang.io', 'https://event-routing-backends.readthedocs.io/en/latest/']",True,True,False,False,,,False,,,,False,False,,False,,[],,False,False,False,False
openedx/credentials,,,,,,,4,5,0.7857,1792217,True,2026-08-25,True,True,False,False,236,0,0,14,21,134,201,27,35,20,False,,True,False,True,True,False,True,True,True,True,False,True,True,True,True,False,False,True,False,2026-08-21 16:09:29,True,False,True,True,False,False,False,False,,openedx,4,['http://openedx.slack.com/: 403'],False,"['https://github.com/openedx/credentials/actions/workflows/ci.yml/badge.svg', 'https://github.com/openedx/credentials/actions?query=workflow%3ACI', 'https://codecov.io/github/openedx/credentials/coverage.svg?branch=master', 'https://codecov.io/github/openedx/credentials?branch=master', 'https://img.shields.io/badge/Status-Maintained-brightgreen', 'https://img.shields.io/github/license/openedx/credentials.svg', 'https://github.com/openedx/credentials/blob/master/LICENSE', 'https://github.com/openedx/openedx-platform/tree/master', 'https://docs.tutor.edly.io/', 'https://github.com/overhangio/tutor-credentials', 'https://github.com/openedx/frontend-app-learner-record', 'https://edx-credentials.readthedocs.io/en/latest/', 'https://github.com/openedx/credentials/tree/master/docs', 'https://github.com/openedx/.github/blob/master/CONTRIBUTING.md', 'https://discuss.openedx.org']",True,True,True,True,.readthedocs.yaml,2,True,2026-04-09,2025-08-21,4,True,True,,False,,[],,True,False,True,False
openedx/django-pyfs,,,,,,,3,1,0.9375,930967,True,2026-08-25,True,True,False,False,92,0,0,0,0,32,92,3,3,1,False,,True,False,True,False,True,True,True,True,True,False,False,True,False,True,True,True,True,False,2026-08-10 20:07:52,True,True,True,False,False,True,False,False,,openedx,5,['https://github.com/openedx/django-pyfs/blob/master/LICENSE.txt: 404'],False,"['https://img.shields.io/pypi/v/openedx-django-pyfs.svg', 'https://pypi.python.org/pypi/openedx-django-pyfs/', 'https://github.com/openedx/django-pyfs/workflows/Python%20CI/badge.svg?branch=master', 'https://github.com/openedx/django-pyfs/actions?query=workflow%3A%22Python+CI%22', 'http://codecov.io/github/openedx/django-pyfs/coverage.svg?branch=master', 'http://codecov.io/github/openedx/django-pyfs?branch=master', 'https://img.shields.io/pypi/pyversions/openedx-django-pyfs.svg', 'https://pypi.python.org/pypi/openedx-django-pyfs', 'https://img.shields.io/github/license/openedx/django-pyfs.svg']",True,True,False,False,,,False,,,,True,True,,True,openedx-django-pyfs,"['3', '3.12']",https://github.com/openedx/django-pyfs,True,True,True,False
openedx/public-engineering,,,,,,,0,0,,,False,2026-08-25,True,True,False,False,0,0,0,0,0,0,0,0,0,0,False,,False,False,False,False,False,False,True,True,True,False,False,False,False,False,False,False,False,False,2025-03-05 16:20:54,True,False,False,False,False,False,False,False,,openedx,0,[],False,[],True,True,False,False,,,False,,,,False,False,,False,,[],,False,False,False,False
openedx/edx-toggles,,,,,,,3,1,0.9333,1418079,True,2026-08-25,True,True,False,False,112,0,0,0,0,18,112,6,7,4,True,,True,False,True,True,True,True,True,True,True,True,False,True,False,True,True,True,True,True,2026-08-10 20:08:32,True,True,True,False,False,True,False,True,,openedx,3,[],True,"['https://docs.openedx.org/projects/edx-toggles/en/latest/readme.html', 'https://github.com/openedx/edx-toggles', 'https://github.com/openedx/edx-toggles/blob/master/scripts/README.rst', 'https://github.com/openedx/.github/blob/master/CONTRIBUTING.md', 'https://github.com/openedx/edx-toggles/blob/master/.github/PULL_REQUEST_TEMPLATE.md', 'https://github.com/openedx/edx-toggles/blob/master/.github/ISSUE_TEMPLATE.md', 'https://open.edx.org/getting-help', 'https://img.shields.io/pypi/v/edx-toggles.svg', 'https://pypi.python.org/pypi/edx-toggles/', 'https://github.com/openedx/edx-toggles/workflows/Python%20CI/badge.svg?branch=master', 'https://github.com/openedx/edx-toggles/actions?query=workflow%3A%22Python+CI%22', 'http://codecov.io/github/edx/edx-toggles/coverage.svg?branch=master', 'http://codecov.io/github/edx/edx-toggles?branch=master', 'https://readthedocs.org/projects/edx-toggles/badge/?version=latest', 'http://edx-toggles.readthedocs.io/en/latest/', 'https://img.shields.io/pypi/pyversions/edx-toggles.svg', 'https://img.shields.io/github/license/edx/edx-toggles.svg', 'https://github.com/openedx/edx-toggles/blob/master/LICENSE.txt']",True,True,True,True,.readthedocs.yaml,2,False,,,,True,True,,True,edx-toggles,"['3', '3.12']",https://github.com/openedx/edx-toggles,True,True,True,False
openedx/completion,,,,,,,3,1,0.6522,1484163,True,2026-08-25,True,True,False,False,149,0,0,0,0,65,149,13,16,9,True,,True,False,True,False,True,True,True,True,True,True,False,True,False,True,True,True,True,True,2026-08-17 21:34:14,True,False,True,False,False,True,False,False,,openedx,3,"['http://your.lms.site/admin/waffle/switch/: HTTPConnectionPool(host=\'your.lms.site\', port=80): Max retries exceeded with url: /admin/waffle/switch/ (Caused by NameResolutionError(""HTTPConnection(host=\'your.lms.site\', port=80): Failed to resolve \'your.lms.site\' ([Errno -2] Name or service not known)""))', 'https://docs.openedx.org/projects/completion: 404', 'https://github.com/openedx/completion/blob/master/LICENSE.txt: 404']",False,"['https://docs.openedx.org/en/latest/educators/references/course_development/exercise_tools/completion.html', 'https://docs.openedx.org/en/latest/developers/how-tos/get-ready-for-python-dev.html', 'https://openedx.org/r/how-to-contribute', 'https://openedx.org/code-of-conduct/', 'https://backstage.openedx.org/catalog/default/component/completion', 'https://img.shields.io/pypi/v/edx-completion.svg', 'https://pypi.python.org/pypi/edx-completion/', 'https://github.com/openedx/completion/actions/workflows/ci.yml/badge.svg?branch=master', 'https://github.com/openedx/completion/actions/workflows/ci.yml?branch=master', 'http://codecov.io/github/edx/completion/coverage.svg?branch=master', 'http://codecov.io/github/edx/completion?branch=master', 'https://readthedocs.org/projects/completion/badge/?version=latest', 'https://img.shields.io/pypi/pyversions/edx-completion.svg', 'https://img.shields.io/github/license/edx/completion.svg', 'https://img.shields.io/badge/Status-Experimental-yellow', 'https://img.shields.io/badge/Status-Maintained-brightgreen', 'https://img.shields.io/badge/Status-Deprecated-orange', 'https://img.shields.io/badge/Status-Unsupported-red']",True,True,True,False,,,False,,,,True,True,,True,edx-completion,"['3', '3.12']",https://github.com/openedx/completion,True,True,True,False
openedx/olxcleaner,,,,,,,1,0,,,True,2026-08-25,False,False,False,False,101,0,0,0,0,5,101,2,2,1,False,,True,False,True,False,False,True,True,True,False,False,False,False,False,True,True,True,False,False,2026-05-30 15:27:43,True,False,True,False,False,True,False,False,,openedx,0,[],False,"['https://github.com/openedx/olxcleaner/actions/workflows/ci.yml/badge.svg', 'https://github.com/openedx/olxcleaner/actions/workflows/ci.yaml', 'https://codecov.io/gh/jolyonb/olxcleaner/branch/master/graphs/badge.svg', 'https://codecov.io/gh/jolyonb/olxcleaner', 'https://github.com/openedx/olxcleaner']",True,True,False,False,,,False,,,,False,True,,True,olxcleaner,"['3.11', '3.12']",https://github.com/openedx/olxcleaner,False,False,False,False
openedx/paragon,,,,,,,5,35,0.97,3,False,2026-08-25,True,True,False,False,93,0,0,43,50,0,0,0,0,0,False,,False,False,True,False,False,True,True,True,True,True,True,False,False,False,False,False,False,False,2026-08-24 14:32:15,True,False,False,False,False,True,False,False,,openedx,0,"['https://www.npmjs.com/package/@openedx/paragon: 403', 'https://openedx.slack.com/archives/C02NR285KV4: 403', 'https://cdn.jsdelivr.net/npm/@my-brand/core.min.css: 404', 'https://cdn.jsdelivr.net/npm/@my-brand/light.min.css: 404', 'https://github.com/openedx/eslint-config-edx/tree/master/packages/eslint-config-edx: 404', 'https://www.npmjs.com/package/eslint-config-airbnb: 403', 'https://facebook.github.io/jest/: 404', 'https://facebook.github.io/jest/docs/en/api.html: 404', 'https://facebook.github.io/jest/docs/en/getting-started.html: 404', 'http://facebook.github.io/jest/docs/en/snapshot-testing.html: 404']",False,"['https://github.com/openedx/paragon/actions/workflows/release.yml/badge.svg', 'https://github.com/openedx/paragon/actions/workflows/release.yml', 'https://img.shields.io/npm/v/@openedx/paragon.svg', 'https://img.shields.io/badge/status-Maintained-brightgreen', 'https://img.shields.io/github/license/openedx/paragon.svg', 'https://codecov.io/gh/edx/paragon/branch/master/graph/badge.svg?token=x1tZmNduy9', 'https://codecov.io/gh/edx/paragon', 'https://img.shields.io/npm/dw/@openedx/paragon', 'https://www.w3.org/WAI/standards-guidelines/aria/', 'https://openedx.org/', 'https://paragon-openedx.netlify.app/', 'https://openedx.org/slack', 'https://github.com/openedx/paragon/issues/new?template=blank-issue.md', 'https://calendar.google.com/calendar/embed?src=c_v86shrnegshsqgp4fj2k94u7bc%40group.calendar.google.com&ctz=America%2FNew_York', 'https://github.com/openedx/brand-openedx', 'https://formatjs.io/docs/react-intl/', 'https://github.com/openedx/paragon/tree/release-22.x', 'https://paragon-openedx-v22.netlify.app/', 'https://github.com/openedx/paragon/tree/release-23.x', 'https://paragon-openedx-v23.netlify.app/', 'https://github.com/openedx/paragon/tree/next', 'https://openedx.org/r/how-to-contribute', 'https://openedx.org/code-of-conduct/', 'https://github.com/openedx/paragon/issues', 'https://github.com/orgs/openedx/projects/43/views/15', 'https://github.com/openedx/frontend-build', 'http://eslint.org/docs/user-guide/integrations', 'http://eslint.org/docs/rules/comma-dangle', 'https://github.com/evcohen/eslint-plugin-jsx-a11y', 'https://github.com/evcohen/eslint-plugin-jsx-a11y/blob/master/docs/rules/no-noninteractive-element-interactions.md', 'https://github.com/airbnb/enzyme', 'http://airbnb.io/enzyme/', 'http://airbnb.io/enzyme/docs/api/index.html', 'https://github.com/openedx/paragon/blob/master/src/Dropdown/deprecated/Dropdown.test.jsx', 'https://github.com/openedx/paragon/blob/master/src/CheckBox/CheckBox.test.jsx', 'https://github.com/semantic-release/semantic-release', 'https://github.com/conventional-changelog/conventional-changelog/tree/master/packages/conventional-changelog-angular', 'https://github.com/conventional-changelog/commitlint/blob/master/%40commitlint/config-angular-type-enum/index.js', 'https://github.com/openedx/frontend-app-payment/pull/48', 'https://backstage.openedx.org/catalog/default/component/paragon', 'https://github.com/amzn/style-dictionary', 'https://github.com/openedx/frontend-platform/pull/440']",True,True,True,False,,,True,2026-04-22,2025-10-10,7,False,False,,False,,[],,False,False,False,False
openedx/openedx-backstage,,,,,,,1,0,1.0,,False,2026-08-25,True,True,False,False,11,0,0,0,11,0,0,0,0,0,False,,False,False,True,False,False,False,True,True,True,False,True,False,False,False,False,False,False,False,2026-08-14 18:51:58,True,False,False,False,False,False,False,False,,openedx,0,[],False,"['https://backstage.io', 'https://github.com/nvm-sh/nvm']",True,True,False,False,,,True,,,0,False,False,,False,,[],,False,False,False,False
openedx/tutor-contrib-platform-notifications,,,,,,,1,2,0.0,7,False,2026-08-25,False,False,False,False,0,0,0,0,0,0,0,0,0,0,False,,False,False,True,False,False,True,True,True,False,False,False,False,True,False,False,False,False,False,2026-05-31 19:03:12,True,False,False,False,False,True,False,False,,openedx,0,[],False,"['https://docs.tutor.edly.io', 'https://docs.openedx.org/en/latest/learners/sfd_notifications/index.html', 'https://github.com/openedx/tutor-contrib-notifications']",True,True,False,False,,,False,,,,False,False,,False,,[],,False,False,False,False
openedx/django-config-models,,,,,,,3,1,0.875,1500174,True,2026-08-25,True,True,False,False,107,0,0,0,0,13,107,8,9,5,True,,True,False,True,False,True,True,True,True,True,True,False,True,False,True,True,True,True,False,2026-08-17 13:28:53,True,False,True,False,False,True,False,False,,openedx,1,['https://openedx.slack.com/: 403'],True,"['https://github.com/openedx/django-config-models/workflows/Python%20CI/badge.svg?branch=master', 'https://github.com/openedx/django-config-models/actions?query=workflow%3A%22Python+CI%22', 'http://codecov.io/github/openedx/django-config-models/coverage.svg?branch=master', 'http://codecov.io/github/openedx/django-config-models?branch=master', 'https://img.shields.io/pypi/v/django-config-models.svg', 'https://pypi.python.org/pypi/django-config-models/', 'https://readthedocs.org/projects/django-config-models/badge/?version=latest', 'http://django-config-models.readthedocs.io/en/latest/', 'https://img.shields.io/pypi/pyversions/django-config-models.svg', 'https://img.shields.io/github/license/edx/django-config-models.svg', 'https://github.com/openedx/django-config-models/blob/master/LICENSE.txt', 'https://img.shields.io/badge/Status-Maintained-brightgreen', 'https://django-config-models.readthedocs.org', 'https://discuss.openedx.org', 'https://github.com/openedx/django-config-models', 'https://openedx.org/slack', 'https://openedx.org/getting-help', 'https://github.com/openedx/.github/blob/master/CONTRIBUTING.md', 'https://openedx.org/code-of-conduct/', 'https://backstage.openedx.org/catalog/default/component/django-config-models']",True,True,True,True,.readthedocs.yaml,2,False,,,,True,True,,True,django-config-models,"['3', '3.12']",https://github.com/openedx/django-config-models,True,True,True,False
openedx/frontend-app-discussions,,,,,,,3,5,0.7778,235,False,2026-08-25,True,True,False,False,41,0,0,29,12,0,0,0,0,0,False,,False,False,True,False,False,True,True,True,True,False,True,False,False,False,False,False,False,False,2026-08-18 19:52:24,True,False,False,False,False,True,False,False,@edx/frontend-app-discussions,openedx,0,"['https://edx.github.io/frontend-platform/module-Internationalization.html: 404', 'https://github.com/openedx/frontend-i18n/blob/master/docs/how_tos/i18n.rst: 404']",True,"['https://codecov.io/gh/openedx/frontend-app-discussions/branch/master/graph/badge.svg?token=3z7XvuzTq3', 'https://codecov.io/gh/openedx/frontend-app-discussions', 'https://img.shields.io/badge/license-AGPL-informational', 'https://github.com/openedx/frontend-app-discussions/blob/master/LICENSE', 'https://github.com/openedx/devstack', 'https://github.com/overhangio/tutor', 'https://github.com/overhangio/tutor-mfe', 'https://github.com/openedx/frontend-app-discussions.git', 'https://github.com/openedx/frontend-plugin-framework', 'https://discuss.openedx.org', 'https://github.com/openedx/frontend-app-discussions/issues', 'https://openedx.org/getting-help', 'https://docs.openedx.org/en/latest/developers/references/developer_guide/process/index.html', 'https://github.com/openedx/frontend-app-discussions/blob/master/.github/pull_request_template.md', 'https://openedx.org/code-of-conduct/', 'https://github.com/openedx/frontend-app-discussions/blob/master/docs/decisions/0002-feature-based-application-organization.rst']",True,True,True,False,,,True,2026-03-30,2024-01-08,6,False,False,,False,,[],,False,False,False,False
openedx/openedx-wordpress-ecommerce,,,,,,,2,7,0.8889,459016,True,2026-08-25,True,True,False,False,46,0,0,0,0,0,46,0,0,0,False,,False,False,True,False,False,True,True,True,True,False,False,False,False,True,False,False,False,False,2026-08-17 21:53:24,True,False,False,False,False,False,False,False,,openedx,0,['https://wordpress.org/plugins/woocommerce: 429'],False,"['https://github.com/openedx/edx-platform', 'https://docs.openedx.org/projects/wordpress-ecommerce-plugin/en/latest/decisions/0002-api-connection.html', 'https://openedx.org/terms-of-use/', 'https://github.com/openedx/openedx-wordpress-ecommerce/releases', 'https://docs.openedx.org/projects/wordpress-ecommerce-plugin/en/latest/plugin_quickstart.html', 'https://github.com/openedx/openedx-wordpress-ecommerce/issues', 'https://docs.openedx.org/projects/wordpress-ecommerce-plugin/en/latest/index.html', 'https://openedx.atlassian.net/wiki/spaces/COMM/pages/941457737/How+to+Start+Contributing+Code']",True,True,False,True,.readthedocs.yaml,2,False,,,,False,False,,False,,[],,False,False,False,False
openedx/FeedbackXBlock,,,,,,,0,2,,,True,2026-08-25,True,True,False,False,129,0,0,0,0,31,129,6,7,4,False,,True,False,True,False,False,True,True,True,True,False,False,True,False,True,False,True,True,False,2026-04-14 15:08:30,True,True,True,False,False,True,False,False,,openedx,0,"['https://www.gnu.org/licenses/agpl-3.0: HTTPSConnectionPool(host=\'www.gnu.org\', port=443): Max retries exceeded with url: /licenses/agpl-3.0 (Caused by NewConnectionError(""HTTPSConnection(host=\'www.gnu.org\', port=443): Failed to establish a new connection: [Errno 101] Network is unreachable""))', 'https://openedx.slack.com/: 403', ""https://open-edx-backstage.herokuapp.com/catalog/default/component/FeedbackXBlock: HTTPSConnectionPool(host='open-edx-backstage.herokuapp.com', port=443): Max retries exceeded with url: /catalog/default/component/FeedbackXBlock (Caused by SSLError(SSLError(1, '[SSL: TLSV1_UNRECOGNIZED_NAME] tlsv1 unrecognized name (_ssl.c:1010)')))""]",True,"['https://img.shields.io/badge/status-deprecated-red', 'https://github.com/openedx/xblocks-extra', 'https://img.shields.io/badge/License-AGPL_v3-blue.svg', 'https://github.com/openedx/FeedbackXBlock/actions/workflows/ci.yml/badge.svg', 'https://github.com/openedx/FeedbackXBlock/actions/workflows/ci.yml', 'https://github.com/openedx/FeedbackXBlock/actions/workflows/pypi-release.yml/badge.svg', 'https://github.com/openedx/FeedbackXBlock/actions/workflows/pypi-release.yml', 'https://img.shields.io/badge/status-maintained-31c653', 'https://openedx.org/r/xblock', 'https://docs.tutor.edly.io/tutorials/plugin.html', 'https://docs.tutor.edly.io/configuration.html', 'https://discuss.openedx.org', 'https://github.com/openedx/FeedbackXBlock/issues', 'https://openedx.org/slack', 'https://openedx.org/getting-help', 'https://openedx.org/r/how-to-contribute', 'https://openedx.org/code-of-conduct/']",True,True,True,False,,,False,,,,True,True,,False,feedback-xblock,[],,True,True,True,False
openedx/crowdsourcehinter,,,,,,,3,2,0.8235,897741,True,2026-08-25,True,True,False,False,35,0,0,0,0,17,35,2,2,2,False,,False,False,True,False,False,True,True,True,True,True,False,False,False,True,False,True,False,False,2026-08-24 00:18:09,True,False,True,False,True,True,False,True,,openedx,2,[],False,['https://github.com/openedx/edx-platform/wiki/Installing-a-new-XBlock'],True,True,False,False,,,False,,,,False,True,,True,crowdsourcehinter-xblock,"['3', '3.12']",https://github.com/openedx/crowdsourcehinter,False,False,False,False
openedx/auth-backends,,,,,,,1,3,0.6,1606393,True,2026-08-31,True,True,False,False,76,0,0,0,0,33,76,8,9,6,False,,False,False,True,False,True,True,True,True,True,True,False,True,False,True,True,True,True,False,2026-08-17 21:36:36,True,True,True,False,False,True,False,False,,openedx,4,"['http://edx.devstack.lms: HTTPConnectionPool(host=\'edx.devstack.lms\', port=80): Max retries exceeded with url: / (Caused by NameResolutionError(""HTTPConnection(host=\'edx.devstack.lms\', port=80): Failed to resolve \'edx.devstack.lms\' ([Errno -2] Name or service not known)""))']",False,"['https://github.com/openedx/auth-backends/workflows/Python%20CI/badge.svg?branch=master', 'https://github.com/openedx/auth-backends/actions?query=workflow%3A%22Python+CI%22', 'http://codecov.io/github/edx/auth-backends/coverage.svg?branch=master', 'http://codecov.io/github/edx/auth-backends?branch=master', 'https://courses.stage.edx.org', 'http://python-social-auth.readthedocs.io/en/latest/strategies.html', 'https://github.com/openedx/auth-backends/releases', 'https://github.com/openedx/.github/blob/master/CONTRIBUTING.md', 'https://groups.google.com/forum/']",True,False,True,False,,,False,,,,True,True,,True,edx-auth-backends,"['3', '3.12']",https://github.com/openedx/auth-backends,True,True,True,True
openedx/openedx-webhooks,,,,,,,5,0,0.9545,86,True,2026-08-31,True,True,False,False,0,0,0,0,0,0,0,0,0,0,True,,False,True,True,False,False,True,True,True,True,True,False,True,True,False,False,False,True,False,2026-08-31 00:20:25,True,False,False,False,False,True,False,False,,openedx,0,"['https://openedx-webhooks.herokuapp.com: 401', 'https://git.heroku.com/openedx-webhooks-staging.git: 405', 'https://github.com/organizations/: 404', 'https://openedx-webhooks.herokuapp.com/github/hook-receiver: 405', 'https://openedx.org/cla: 403']",False,"['https://dashboard.heroku.com/apps/openedx-webhooks-staging/resources', 'https://github.com/openedx/repo-tools-data-schema', 'https://github.com/', 'https://github.com/openedx/openedx-webhooks/issues/277', 'https://github.com/openedx/openedx-webhooks/issues/279', 'https://github.com/openedx/openedx-webhooks/issues/280', 'https://github.com/openedx/openedx-webhooks/issues/227', 'https://github.com/openedx/repo-tools/tree/master/edx_repo_tools/repo_checks', 'http://openedx.org', 'http://heroku.com', 'https://devcenter.heroku.com/articles/heroku-command-line', 'https://devcenter.heroku.com/articles/pipelines', 'https://github.com/openedx/openedx-webhooks/workflows/Python%20CI/badge.svg?branch=master', 'https://github.com/openedx/openedx-webhooks/actions?query=workflow%3A%22Python+CI%22', 'http://codecov.io/github/edx/openedx-webhooks/coverage.svg?branch=master', 'http://codecov.io/github/edx/openedx-webhooks?branch=master', 'https://readthedocs.org/projects/openedx-webhooks/badge/?version=latest', 'http://openedx-webhooks.readthedocs.org/en/latest/']",True,True,False,True,.readthedocs.yaml,2,False,,,,False,False,,False,,[],,True,True,True,False
openedx/xblock-lti-consumer,,,,,,,4,12,0.7308,361,True,2026-08-31,True,True,False,False,128,0,0,0,0,45,128,12,15,10,False,,True,True,True,False,True,True,True,True,True,True,False,True,False,True,True,True,True,False,2026-08-27 22:13:15,True,False,True,False,False,True,False,False,,openedx,6,"['https://openedx.org/slack: 403', 'https://openedx.slack.com/: 403', 'https://openedx.org/getting-help: 403', 'https://openedx.org/r/how-to-contribute: 403', 'https://openedx.org/code-of-conduct/: 403']",True,"['https://docs.tutor.edly.io/configuration.html', 'https://github.com/openedx/xblock-lti-consumer/blob/v9.14.2/README.rst', 'http://lti.tools/saltire/', 'https://docs.openedx.org/en/latest/educators/how-tos/course_development/exercise_tools/set_up_lti_1_1_component.html', 'https://saltire.lti.app/tool', 'https://saltire.lti.app/tool?norefresh', 'https://lti-ri.imsglobal.org/lti/tools/', 'https://lti-ri.imsglobal.org/lti/tools', 'https://lti-ri.imsglobal.org/keygen/index', 'https://docs.openedx.org/en/latest/educators/how-tos/course_development/exercise_tools/set_up_lti_1_3_component.html', 'http://www.imsglobal.org/spec/lti-bo/v1p1/', 'https://github.com/openedx/xblock-lti-consumer/tree/master/docs/basic_outcomes_service.rst', 'https://www.imsglobal.org/lti/model/uml/purl.imsglobal.org/vocab/lis/v2/outcomes/Result/service.html', 'https://github.com/openedx/xblock-lti-consumer/tree/master/docs/result_service.rst', 'https://github.com/open-craft/openedx-ltistore', 'https://discuss.openedx.org', 'https://github.com/openedx/xblock-lti-consumer/issues', 'https://backstage.openedx.org/catalog/default/component/xblock-lti-consumer', 'https://github.com/openedx/xblock-lti-consumer/workflows/Python%20CI/badge.svg?branch=master', 'https://github.com/openedx/xblock-lti-consumer/actions?query=workflow%3A%22Python+CI%22', 'https://codecov.io/github/openedx/xblock-lti-consumer/coverage.svg?branch=master', 'https://codecov.io/github/openedx/xblock-lti-consumer?branch=master', 'https://img.shields.io/badge/Status-Maintained-brightgreen', 'https://img.shields.io/github/license/openedx/xblock-lti-consumer.svg', 'https://github.com/openedx/edx-rest-api-client/blob/master/LICENSE', 'https://img.shields.io/pypi/v/lti-consumer-xblock.svg', 'https://pypi.python.org/pypi/lti-consumer-xblock/']",True,True,True,False,,,False,,,,True,False,,True,lti-consumer-xblock,"['3', '3.12']",https://github.com/openedx/xblock-lti-consumer,True,True,True,False
openedx/django-user-tasks,,,,,,,2,3,0.9231,103,True,2026-08-31,True,True,False,False,144,0,0,0,0,26,144,6,10,2,True,,True,False,True,False,True,True,True,True,True,True,False,True,False,True,True,True,True,True,2026-08-10 20:08:55,True,True,True,False,False,True,False,False,,openedx,1,['https://open-edx-proposals.readthedocs.io/en/latest/oeps/oep-0003.html: 404'],True,"['https://img.shields.io/pypi/v/django-user-tasks.svg', 'https://pypi.python.org/pypi/django-user-tasks/', 'https://github.com/openedx/django-user-tasks/workflows/Python%20CI/badge.svg?branch=master', 'https://github.com/openedx/django-user-tasks/actions?query=workflow%3A%22Python+CI%22', 'http://codecov.io/github/edx/django-user-tasks/coverage.svg?branch=master', 'http://codecov.io/github/edx/django-user-tasks?branch=master', 'https://readthedocs.org/projects/django-user-tasks/badge/?version=latest', 'http://django-user-tasks.readthedocs.io/en/latest/', 'https://img.shields.io/pypi/pyversions/django-user-tasks.svg', 'https://img.shields.io/github/license/edx/django-user-tasks.svg', 'https://github.com/openedx/django-user-tasks/blob/master/LICENSE.txt', 'http://www.celeryproject.org/', 'https://channels.readthedocs.io/en/latest/', 'http://docs.celeryproject.org/en/latest/userguide/signals.html', 'https://django-user-tasks.readthedocs.org', 'https://github.com/openedx/.github/blob/master/CONTRIBUTING.md', 'https://open.edx.org/getting-help']",True,True,True,True,.readthedocs.yaml,2,False,,,,True,True,,True,django-user-tasks,"['3', '3.12']",https://github.com/openedx/django-user-tasks,True,True,True,False
openedx/django-wiki,,,,,,,1,1,1.0,1336,True,2026-08-31,True,True,False,False,62,0,0,0,0,12,62,4,6,2,False,,False,False,True,False,False,True,True,True,True,True,False,True,False,True,False,True,True,False,2026-06-11 14:51:33,True,False,False,False,False,False,False,False,,openedx,1,"['https://github.com/benjaoming/django-wiki/blob/master/TODO.md: 404', 'http://svn.wikimedia.org/viewvc/mediawiki/trunk/extensions/: 403', 'https://upload.wikimedia.org/wikipedia/commons/8/88/MediaWiki_database_schema_1-19_%28r102798%29.png: 403', 'http://www.edxonline.org/: HTTPConnectionPool(host=\'www.edxonline.org\', port=80): Max retries exceeded with url: / (Caused by NameResolutionError(""HTTPConnection(host=\'www.edxonline.org\', port=80): Failed to resolve \'www.edxonline.org\' ([Errno -2] Name or service not known)""))']",False,"['http://wiki.overtag.dk', 'http://code.google.com/p/django-simple-wiki/', 'http://www.djangoproject.com', 'http://south.aeracode.org/', 'https://github.com/waylan/Python-Markdown', 'https://github.com/django-mptt/django-mptt', 'https://github.com/ojii/django-sekizai/', 'https://github.com/sorl/sorl-thumbnail', 'https://github.com/divio/django-cms']",True,True,False,False,,,False,,,,True,True,,True,openedx-django-wiki,['3.12'],https://github.com/openedx/django-wiki,True,False,True,False
openedx/enterprise-catalog,,,,,,,5,5,0.75,757671,True,2026-08-31,True,True,False,False,0,0,0,0,0,0,0,0,0,0,False,,False,True,True,True,False,True,True,True,True,False,False,True,True,False,False,False,True,True,2026-08-31 04:32:59,True,False,True,False,False,True,False,False,,openedx,0,"['https://travis-ci.com/edx/enterprise-catalog: 404', 'https://openedx.slack.com/messages/general/: 403']",False,"['https://travis-ci.com/edx/enterprise-catalog.svg?branch=master', 'http://codecov.io/github/edx/enterprise-catalog/coverage.svg?branch=master', 'http://codecov.io/github/edx/enterprise-catalog?branch=master', 'https://github.com/openedx/enterprise-catalog/blob/master/LICENSE', 'https://github.com/openedx/.github/blob/master/CONTRIBUTING.md', 'https://groups.google.com/forum/']",True,False,True,False,,,False,,,,False,False,,False,,[],,True,False,True,False
openedx/edx-val,,,,,,,5,6,0.8261,158,True,2026-08-31,True,True,False,False,112,0,0,0,0,107,112,11,14,7,False,,True,False,True,False,False,True,True,True,True,True,False,True,False,True,True,True,True,False,2026-08-14 03:09:26,True,True,True,False,False,True,False,False,,openedx,3,"['http://www.example.com/example_mobile_video.mp4: 404', 'http://www.example.com/example_desktop_video.mp4: 404']",False,[],True,True,False,False,,,False,,,,True,True,,True,edxval,"['3', '3.12']",http://github.com/openedx/edx-val,True,True,True,False
openedx/docs.openedx.org,,,,,,,8,0,0.9756,22246,True,2026-08-31,True,True,False,False,59,0,0,0,0,53,59,0,0,0,False,,False,False,True,False,False,True,True,False,True,False,False,False,False,True,False,False,False,False,2026-08-25 16:47:55,True,True,False,False,False,False,False,False,,openedx,0,['https://en.wikipedia.org/wiki/ReStructuredText: 403'],False,"['https://docs.openedx.org/en/latest/documentors/how-tos/report_problem_with_docs.html', 'https://docs.openedx.org/en/latest/documentors/quickstarts/first_documentation_pr.html', 'https://docs.openedx.org/en/latest/documentors/quickstarts/update_doc_via_github.html', 'https://docs.openedx.org/en/latest/documentors/quickstarts/quick_start_add_doc.html', 'https://docs.openedx.org/en/latest/documentors/index.html', 'https://github.com/openedx/.github/blob/master/AI_POLICY.md', 'https://docs.openedx.org/', 'https://github.com/openedx/docs.openedx.org', 'https://www.sphinx-doc.org/', 'https://docs.github.com/en/get-started/using-github/github-flow', 'https://docs.openedx.org/en/latest/documentors/how-tos/develop_docs_locally.html']",True,True,False,True,.readthedocs.yaml,2,False,,,,False,False,,False,,[],,False,False,False,False
openedx/xapi-db-load,,,,,,,7,3,0.9565,11875,True,2026-08-31,True,True,False,False,0,0,0,0,0,0,0,0,0,0,False,,False,True,True,False,True,True,True,True,True,True,False,True,True,False,False,False,True,False,2026-08-31 00:18:22,True,False,True,False,False,True,False,False,,openedx,0,"['http://ralph.tutor-nightly-local.orb.local/xAPI/statements: HTTPConnectionPool(host=\'ralph.tutor-nightly-local.orb.local\', port=80): Max retries exceeded with url: /xAPI/statements (Caused by NameResolutionError(""HTTPConnection(host=\'ralph.tutor-nightly-local.orb.local\', port=80): Failed to resolve \'ralph.tutor-nightly-local.orb.local\' ([Errno -3] Temporary failure in name resolution)""))', 'https://openedx-aspects-loadtest.s3.amazonaws.com/logs/large_test/: 403', 'https://docs.openedx.org/projects/xapi-db-load: 404', 'https://openedx.slack.com/: 403', 'https://open-edx-backstage.herokuapp.com/catalog/default/component/xapi-db-load: 404']",True,"['https://github.com/openedx/xapi-db-load/issues', 'https://vector.dev', 'https://pypi.org/project/smart-open/', 'https://discuss.openedx.org', 'https://openedx.org/slack', 'https://openedx.org/getting-help', 'https://openedx.org/r/how-to-contribute', 'https://openedx.org/code-of-conduct/']",True,True,True,True,.readthedocs.yaml,2,False,,,,False,False,,False,,[],,True,True,True,False
openedx/openedx-ai-extensions,,,,,,,3,24,0.875,6,False,2026-08-31,False,False,False,False,0,0,0,0,0,0,0,0,0,0,False,,False,False,True,False,True,False,True,True,False,False,False,False,True,False,False,False,False,False,2026-07-08 22:22:17,True,False,False,False,False,False,False,False,,openedx,0,['https://docs.openedx.org/en/latest/developers/references/plugin_reference.html: 404'],False,"['https://img.shields.io/badge/Status-Experimental-orange', 'https://img.shields.io/badge/License-AGPL%20v3-blue', 'https://img.shields.io/badge/Documentation-green', 'https://docs.openedx.org/projects/openedx-ai-extensions/en/latest/index.html', 'https://github.com/openedx/openedx-ai-extensions.git', 'https://docs.openedx.org/en/latest/developers/quickstarts/so_you_want_to_contribute.html', 'https://discuss.openedx.org', 'https://www.canva.com/design/DAGqjcS2mT4/nTHQIDIeZ89wqsBvh9GWKA/view', 'https://docs.litellm.ai/', 'https://drive.google.com/file/d/1sUj2xoldYFAvPoDuxqwG0XbIundGD0u2/view', 'https://github.com/openedx/openedx-ai-extensions/issues']",True,True,False,True,.readthedocs.yaml,2,False,,,,False,False,,False,,[],,False,False,False,False
openedx/frontend-component-footer,,,,,,,0,5,,,False,2026-08-31,False,False,False,False,26,0,0,8,18,0,0,0,0,0,False,,False,False,True,False,False,True,True,True,False,False,True,False,False,False,False,False,False,False,2026-08-28 15:39:42,True,False,False,False,False,False,False,False,@edx/frontend-component-footer,openedx,0,"['https://edx.github.io/frontend-platform/module-Internationalization.html: 404', 'https://openedx.slack.com/: 403', 'https://openedx.slack.com/archives/C04BM6YC7A6: 403', 'https://travis-ci.com/edx/frontend-component-footer: 404']",False,"['https://github.com/openedx/devstack', 'https://github.com/overhangio/tutor', 'https://github.com/overhangio/tutor-mfe', 'https://github.com/openedx/frontend-template-application/blob/3355bb3a96232390e9056f35b06ffa8f105ed7ca/src/index.jsx', 'https://github.com/openedx/frontend-component-footer.git', 'https://github.com/nvm-sh/nvm', 'https://github.com/openedx/frontend-plugin-framework', 'https://github.com/openedx/frontend-template-application/blob/3cd5485bf387b8c479baf6b02bf59e3061dc3465/src/index.scss', 'https://openedx.org/r/how-to-contribute', 'https://discuss.openedx.org', 'https://github.com/openedx/frontend-component-footer/issues', 'https://openedx.org/slack', 'https://openedx.org/community/connect', 'https://openedx.org/code-of-conduct/', 'https://api.travis-ci.com/edx/frontend-component-footer.svg?branch=master', 'https://img.shields.io/codecov/c/github/edx/frontend-component-footer', 'https://img.shields.io/npm/v/@edx/frontend-component-footer.svg', 'https://img.shields.io/npm/dt/@edx/frontend-component-footer.svg', 'https://img.shields.io/npm/l/@edx/frontend-component-footer.svg', 'https://img.shields.io/badge/%20%20%F0%9F%93%A6%F0%9F%9A%80-semantic--release-e10079.svg', 'https://github.com/semantic-release/semantic-release']",True,True,True,False,,,True,2026-04-06,2024-01-01,6,False,False,,False,,[],,False,False,False,False
openedx/frontend-app-learner-portal-enterprise,,,,,,,2,0,0.4565,327,False,2026-08-31,True,True,False,False,73,0,0,47,26,0,0,0,0,0,False,,False,True,True,False,False,True,True,True,True,True,True,False,False,False,False,False,False,False,2026-08-31 04:24:45,True,False,False,False,False,True,False,False,,openedx,0,"['https://github.com/openedx/frontend-app-learner-portal-enterpise.git: 404', 'http://localhostL8734/: HTTPConnectionPool(host=\'localhostl8734\', port=80): Max retries exceeded with url: / (Caused by NameResolutionError(""HTTPConnection(host=\'localhostl8734\', port=80): Failed to resolve \'localhostl8734\' ([Errno -3] Temporary failure in name resolution)""))', 'https://openedx.slack.com/: 403', 'https://openedx.slack.com/archives/C04BM6YC7A6: 403']",False,"['https://github.com/openedx/frontend-app-learner-portal-enterprise/actions/workflows/ci.yml/badge.svg', 'https://openedx.atlassian.net/wiki/spaces/ENG/pages/12550298/Developer+Onboarding', 'https://github.com/openedx/edx-enterprise/blob/master/enterprise/management/commands/seed_enterprise_devstack_data.py', 'https://github.com/openedx/edx-platform/blob/0e2b612c1fb4f3e385f3004801aa5b5ed0221eda/lms/envs/devstack.py', 'https://github.com/openedx/devstack', 'https://go.microsoft.com/fwlink/?linkid=830387', 'https://openedx.atlassian.net/wiki/spaces/SOL/pages/997654609/Hitchhiker+s+Engineer+s+Guide+to+the+Enterprise+Ecosystem', 'https://reactjs.org/', 'https://openedx.org/r/how-to-contribute', 'https://discuss.openedx.org', 'https://github.com/openedx/frontend-app-learner-portal-enterprise/issues', 'https://openedx.org/slack', 'https://openedx.org/community/connect', 'https://openedx.org/code-of-conduct/']",True,True,True,False,,,True,2026-04-02,2025-02-24,1,False,False,,False,,[],,False,False,False,False
openedx/edx-drf-extensions,,,,,,,5,1,0.6923,855691,True,2026-08-31,True,True,False,False,90,0,0,0,0,26,90,8,10,4,True,,False,True,True,False,True,True,True,True,True,True,False,True,False,True,True,True,True,False,2026-08-28 15:26:36,True,False,True,False,False,True,False,True,,openedx,7,[],False,"['https://github.com/openedx/edx-drf-extensions/workflows/Python%20CI/badge.svg?branch=master', 'https://github.com/openedx/edx-drf-extensions/actions?query=workflow%3A%22Python+CI%22', 'https://codecov.io/github/edx/edx-drf-extensions/coverage.svg?branch=master', 'https://codecov.io/github/edx/edx-drf-extensions?branch=master', 'https://readthedocs.org/projects/edx-drf-extensions/badge/?version=latest', 'http://edx-drf-extensions.readthedocs.io/en/latest/', 'https://www.django-rest-framework.org/', 'https://github.com/openedx/.github/blob/master/CONTRIBUTING.md']",True,True,True,True,.readthedocs.yaml,2,False,,,,True,True,,False,edx-drf-extensions,"['3', '3.11']",https://github.com/openedx/edx-drf-extensions,True,True,True,False
openedx/frontend-app-account,,,,,,,3,5,0.5789,6,False,2026-08-31,False,False,False,False,60,0,0,53,7,0,0,0,0,0,False,,False,False,True,False,False,True,True,True,False,False,True,False,False,False,False,False,False,False,2026-08-31 00:58:55,True,False,False,False,False,True,False,False,@edx/frontend-app-account,openedx,0,"['https://support.example.com: HTTPSConnectionPool(host=\'support.example.com\', port=443): Max retries exceeded with url: / (Caused by NameResolutionError(""HTTPSConnection(host=\'support.example.com\', port=443): Failed to resolve \'support.example.com\' ([Errno -5] No address associated with hostname)""))', 'https://openedx.github.io/frontend-platform/module-Config.html: 404', 'https://openedx.slack.com/: 403', 'https://openedx.slack.com/archives/C04BM6YC7A6: 429']",False,"['https://github.com/openedx/frontend-app-profile', 'https://github.com/overhangio/tutor', 'https://github.com/overhangio/tutor-mfe?tab=readme-ov-file', 'https://github.com/openedx/frontend-plugin-framework', 'https://support.edx.org/hc/en-us/articles/206212088-What-if-I-did-not-receive-a-password-reset-message', 'https://github.com/openedx/frontend-app-account.git', 'https://github.com/nvm-sh/nvm', 'https://github.com/openedx/frontend-build', 'https://openedx.org/r/how-to-contribute', 'https://discuss.openedx.org', 'https://github.com/openedx/frontend-app-account/issues', 'https://openedx.org/slack', 'https://openedx.org/community/connect', 'https://openedx.org/code-of-conduct/', 'https://github.com/openedx/edx-developer-docs/actions/workflows/ci.yml/badge.svg', 'https://github.com/openedx/edx-developer-docs/actions/workflows/ci.yml', 'https://img.shields.io/codecov/c/github/edx/frontend-app-account', 'https://codecov.io/gh/openedx/frontend-app-account/', 'https://img.shields.io/npm/v/@edx/frontend-app-account.svg', 'https://img.shields.io/npm/dt/@edx/frontend-app-account.svg', 'https://img.shields.io/npm/l/@edx/frontend-app-account.svg', 'https://img.shields.io/badge/%20%20%F0%9F%93%A6%F0%9F%9A%80-semantic--release-e10079.svg', 'https://github.com/semantic-release/semantic-release']",True,True,True,False,,,True,2026-04-06,2021-10-11,4,False,False,,False,,[],,False,False,False,False
openedx/frontend-app-instructor-dashboard,,,,,,,4,62,0.8947,6,False,2026-08-31,False,False,False,False,15,0,0,4,11,0,0,0,0,0,False,,False,False,True,False,False,True,True,True,False,False,True,False,False,False,False,False,False,False,2026-08-30 15:42:41,True,False,False,False,False,False,False,False,,openedx,0,"['http://apps.local.openedx.io: HTTPConnectionPool(host=\'apps.local.openedx.io\', port=80): Max retries exceeded with url: / (Caused by NewConnectionError(""HTTPConnection(host=\'apps.local.openedx.io\', port=80): Failed to establish a new connection: [Errno 111] Connection refused""))', 'https://openedx.slack.com/: 403', 'https://openedx.slack.com/archives/C04BM6YC7A6: 403', 'https://open-edx-backstage.herokuapp.com/catalog/default/component/frontend-app-instructor-dashboard: 404']",True,"['https://github.com/overhangio/tutor', 'https://github.com/overhangio/tutor-mfe', 'https://github.com/openedx/frontend-app-instructor-dashboard.git', 'https://github.com/nvm-sh/nvm', 'https://github.com/openedx/frontend-app-instructor-dashboard/blob/main/docs/decisions/0002-feature-based-application-organization.rst', 'https://github.com/openedx/frontend-base/blob/main/docs/how_tos/i18n.rst', 'https://docs.openedx.org/projects/openedx-proposals/en/latest/processes/oep-0010/decisions/0002-frontend-stable-branches.html', 'https://docs.openedx.org/projects/openedx-proposals/en/latest/processes/oep-0010/decisions/0003-frontend-release-strategy.html', 'https://discuss.openedx.org', 'https://github.com/openedx/frontend-app-instructor-dashboard/issues', 'https://openedx.org/slack', 'https://openedx.org/getting-help', 'https://openedx.org/r/how-to-contribute', 'https://openedx.org/code-of-conduct/', 'https://img.shields.io/github/license/openedx/frontend-app-instructor-dashboard.svg', 'https://github.com/openedx/frontend-app-instructor-dashboard/blob/main/LICENSE', 'https://img.shields.io/badge/Status-Maintained-brightgreen', 'https://github.com/openedx/frontend-app-instructor-dashboard/actions/workflows/ci.yml/badge.svg', 'https://github.com/openedx/frontend-app-instructor-dashboard/actions/workflows/ci.yml', 'https://codecov.io/github/openedx/frontend-app-instructor-dashboard/coverage.svg?branch=main', 'https://codecov.io/github/openedx/frontend-app-instructor-dashboard?branch=main']",True,True,True,False,,,True,,,0,False,False,,False,,[],,False,False,False,False
openedx/frontend-base-compat,,,,,,,2,5,1.0,187,False,2026-08-31,False,False,False,False,11,0,0,0,11,0,0,0,0,0,False,,False,False,True,False,False,True,True,True,False,False,True,False,False,False,False,False,False,False,2026-08-28 16:50:38,True,False,False,False,False,False,False,False,,openedx,0,[],False,"['https://github.com/openedx/frontend-base', 'https://github.com/openedx/edx-platform/blob/master/lms/djangoapps/mfe_config_api/views.py', 'https://docs.openedx.org/projects/openedx-proposals/en/latest/processes/oep-0010/decisions/0002-frontend-stable-branches.html', 'https://docs.openedx.org/projects/openedx-proposals/en/latest/processes/oep-0010/decisions/0003-frontend-release-strategy.html']",True,True,False,False,,,True,,,0,False,False,,False,,[],,False,False,False,False
openedx/openedx-ledger,,,,,,,8,12,0.8636,300963,True,2026-08-31,True,True,False,False,133,0,0,0,0,47,133,14,19,9,True,,True,True,True,True,True,True,True,True,True,True,False,True,False,True,True,True,True,False,2026-08-28 04:42:19,True,True,True,False,False,True,False,False,,openedx,1,"['https://docs.openedx.org/projects/openedx-ledger/how-tos/how-to-deploy-this-component.html: 404', 'https://docs.openedx.org/projects/openedx-ledger: 404', 'https://openedx.slack.com/: 403', 'https://open-edx-backstage.herokuapp.com/catalog/default/component/openedx-ledger: 404', 'https://openedx-ledger.readthedocs.io/en/latest/: 404']",True,"['https://openedx.atlassian.net/wiki/spaces/DOC/pages/21627535/Publish+Documentation+on+Read+the+Docs', 'https://discuss.openedx.org', 'https://github.com/openedx/openedx-ledger/issues', 'https://openedx.org/slack', 'https://openedx.org/getting-help', 'https://openedx.org/r/how-to-contribute', 'https://openedx.org/code-of-conduct/', 'https://img.shields.io/pypi/v/openedx-ledger.svg', 'https://pypi.python.org/pypi/openedx-ledger/', 'https://github.com/openedx/openedx-ledger/workflows/Python%20CI/badge.svg?branch=main', 'https://github.com/openedx/openedx-ledger/actions', 'https://codecov.io/github/openedx/openedx-ledger/coverage.svg?branch=main', 'https://codecov.io/github/openedx/openedx-ledger?branch=main', 'https://readthedocs.org/projects/openedx-ledger/badge/?version=latest', 'https://img.shields.io/pypi/pyversions/openedx-ledger.svg', 'https://img.shields.io/github/license/openedx/openedx-ledger.svg', 'https://github.com/openedx/openedx-ledger/blob/main/LICENSE.txt', 'https://img.shields.io/badge/Status-Experimental-yellow', 'https://img.shields.io/badge/Status-Maintained-brightgreen', 'https://img.shields.io/badge/Status-Deprecated-orange', 'https://img.shields.io/badge/Status-Unsupported-red']",True,True,True,True,.readthedocs.yaml,2,False,,,,True,True,,True,openedx-ledger,"['3', '3.12']",https://github.com/openedx/openedx-ledger,True,True,True,False
openedx/openedx-calc,,,,,,,2,2,0.875,1241295,True,2026-08-31,True,True,False,False,64,0,0,0,0,6,64,2,2,1,True,,True,False,True,False,False,True,True,True,True,True,False,True,False,True,True,True,True,False,2026-08-31 02:40:15,True,False,False,False,False,True,False,False,,openedx,2,"['https://docs.openedx.org/projects/: 404', 'https://openedx.slack.com/: 403', 'https://docs.openedx.org/projects/openedx-calc: 404', 'https://github.com/openedx/openedx-calc/blob/main/LICENSE.txt: 404']",True,"['https://docs.openedx.org/en/latest/developers/how-tos/get-ready-for-python-dev.html', 'https://openedx.atlassian.net/wiki/spaces/DOC/pages/21627535/Publish+Documentation+on+Read+the+Docs', 'https://discuss.openedx.org', 'https://github.com/openedx/openedx-calc/issues', 'https://openedx.org/getting-help', 'https://openedx.org/slack', 'https://github.com/openedx/edx-platform', 'https://github.com/openedx/openedx-calc/blob/master/LICENSE', 'https://openedx.org/r/how-to-contribute', 'https://openedx.org/code-of-conduct/', 'https://backstage.openedx.org/catalog/default/component/openedx-calc', 'https://img.shields.io/pypi/v/openedx-calc.svg', 'https://pypi.python.org/pypi/openedx-calc/', 'https://github.com/openedx/openedx-calc/workflows/Python%20CI/badge.svg?branch=main', 'https://github.com/openedx/openedx-calc/actions', 'https://codecov.io/github/openedx/openedx-calc/coverage.svg?branch=main', 'https://codecov.io/github/openedx/openedx-calc?branch=main', 'https://readthedocs.org/projects/openedx-calc/badge/?version=latest', 'https://img.shields.io/pypi/pyversions/openedx-calc.svg', 'https://img.shields.io/github/license/openedx/openedx-calc.svg', 'https://img.shields.io/badge/Status-Experimental-yellow', 'https://img.shields.io/badge/Status-Maintained-brightgreen', 'https://img.shields.io/badge/Status-Deprecated-orange', 'https://img.shields.io/badge/Status-Unsupported-red']",True,True,True,False,,,False,,,,False,True,,True,openedx-calc,"['3', '3.12']",https://github.com/openedx/openedx-calc,True,True,True,False
openedx/xblock-in-video-quiz,,,,,,,4,1,0.8462,110246,True,2026-08-31,True,True,False,False,74,0,0,0,0,20,74,5,5,3,False,,False,False,True,False,False,True,True,True,True,True,False,True,False,True,True,True,True,False,2026-08-30 00:44:13,True,False,False,False,False,False,False,False,,openedx,5,['https://github.com/openedx/xblock-in-video-quiz@LATEST_RELEASE: 404'],False,"['https://github.com/Stanford-Online/xblock-in-video-quiz', 'https://github.com/openedx/xblock-in-video-quiz/releases/tag/final-bsd-3c-contribution']",True,True,False,False,,,False,,,,True,True,,True,invideoquiz-xblock,"['3', '3.12']",,True,True,True,False
openedx/edx-rest-api-client,,,,,,,1,1,0.6667,1483438,True,2026-08-31,True,True,False,False,88,0,0,0,0,18,88,5,6,3,False,,True,True,True,False,True,True,True,True,True,True,False,True,False,True,False,True,True,False,2026-08-25 05:10:21,True,False,True,False,False,True,False,False,,openedx,5,"['https://lms.root: HTTPSConnectionPool(host=\'lms.root\', port=443): Max retries exceeded with url: / (Caused by NameResolutionError(""HTTPSConnection(host=\'lms.root\', port=443): Failed to resolve \'lms.root\' ([Errno -2] Name or service not known)""))', 'https://some.url: HTTPSConnectionPool(host=\'some.url\', port=443): Max retries exceeded with url: / (Caused by NameResolutionError(""HTTPSConnection(host=\'some.url\', port=443): Failed to resolve \'some.url\' ([Errno -2] Name or service not known)""))', 'https://openedx.org/r/how-to-contribute: 403', 'https://openedx.org/slack: 403', 'https://openedx.slack.com/: 403', 'https://openedx.org/getting-help: 403', 'https://openedx.org/code-of-conduct/: 403']",True,"['https://requests.readthedocs.io/en/master/user/advanced/', 'https://github.com/openedx/edx-django-utils/blob/master/edx_django_utils/cache/README.rst', 'https://discuss.openedx.org', 'https://github.com/openedx/edx-rest-api-client/issues', 'https://github.com/openedx/edx-rest-api-client/workflows/Python%20CI/badge.svg?branch=master', 'https://github.com/openedx/edx-rest-api-client/actions?query=workflow%3A%22Python+CI%22', 'https://codecov.io/github/openedx/edx-rest-api-client/coverage.svg?branch=master', 'https://codecov.io/github/openedx/edx-rest-api-client?branch=master', 'https://img.shields.io/badge/Status-Maintained-brightgreen', 'https://img.shields.io/github/license/openedx/edx-rest-api-client.svg', 'https://github.com/openedx/edx-rest-api-client/blob/master/LICENSE', 'https://img.shields.io/pypi/v/edx-rest-api-client.svg', 'https://pypi.python.org/pypi/edx-rest-api-client/']",True,True,True,False,,,False,,,,True,True,,True,edx-rest-api-client,['3.12'],https://github.com/openedx/edx-rest-api-client,True,True,True,False
openedx/openedx-filters,,,,,,,6,10,0.875,137738,True,2026-08-31,True,True,False,False,122,0,0,0,0,8,122,3,3,1,True,,True,True,True,False,True,True,True,True,True,True,False,True,True,True,True,True,True,False,2026-08-31 00:47:20,True,True,True,False,False,True,False,False,,openedx,0,['https://openedx.slack.com/: 403'],True,"['https://open-edx-proposals.readthedocs.io/en/latest/oep-0050-hooks-extension-framework.html', 'https://docs.openedx.org/en/latest/developers/how-tos/get-ready-for-python-dev.html', 'https://docs.openedx.org/projects/openedx-filters/en/latest/', 'https://discuss.openedx.org', 'https://github.com/openedx/openedx-filters/issues', 'https://openedx.org/slack', 'https://openedx.org/getting-help', 'https://openedx.org/r/how-to-contribute', 'https://openedx.org/code-of-conduct/', 'https://backstage.openedx.org/catalog/default/component/openedx-filters', 'https://img.shields.io/pypi/v/openedx-filters.svg', 'https://pypi.python.org/pypi/openedx-filters/', 'https://github.com/openedx/openedx-filters/actions/workflows/ci.yml/badge.svg?branch=main', 'https://github.com/openedx/openedx-filters/actions/workflows/ci.yml', 'https://codecov.io/github/openedx/openedx-filters/coverage.svg?branch=main', 'https://codecov.io/github/openedx/openedx-filters?branch=main', 'https://readthedocs.org/projects/openedx-filters/badge/?version=latest', 'https://openedx-filters.readthedocs.io/en/latest/', 'https://img.shields.io/pypi/pyversions/openedx-filters.svg', 'https://img.shields.io/github/license/openedx/openedx-filters.svg', 'https://github.com/openedx/openedx-filters/blob/main/LICENSE.txt', 'https://img.shields.io/badge/Status-Maintained-brightgreen']",True,True,True,True,.readthedocs.yaml,2,False,,,,True,True,,True,openedx-filters,"['3', '3.12']",https://github.com/openedx/openedx-filters,True,True,True,False
openedx/openedx-authz,,,,,,,11,61,0.6829,6,True,2026-08-31,True,True,False,False,134,0,0,0,0,49,134,10,15,7,True,,True,True,True,True,True,True,True,True,True,False,False,True,False,True,True,True,True,False,2026-08-31 00:14:24,True,False,True,False,False,True,False,False,,openedx,0,"['https://openedx.slack.com/: 403', 'https://github.com/openedx/openedx-authz/blob/main/LICENSE.txt: 404']",True,"['https://docs.openedx.org/en/latest/developers/how-tos/get-ready-for-python-dev.html', 'https://openedx-authz.readthedocs.io/en/latest/', 'https://discuss.openedx.org', 'https://github.com/openedx/openedx-authz/issues', 'https://openedx.org/getting-help', 'https://openedx.org/slack', 'https://openedx.org/r/how-to-contribute', 'https://openedx.org/code-of-conduct/', 'https://backstage.openedx.org/catalog/default/component/openedx-authz', 'https://openedx.atlassian.net/wiki/spaces/OEPM/pages/4724490259/PRD+Roles+Permissions', 'https://openedx-authz.readthedocs.io/en/latest/concepts/core_roles_and_permissions/content_library_roles.html', 'https://img.shields.io/pypi/v/openedx-authz.svg', 'https://pypi.python.org/pypi/openedx-authz/', 'https://github.com/openedx/openedx-authz/actions/workflows/ci.yml/badge.svg?branch=main', 'https://github.com/openedx/openedx-authz/actions/workflows/ci.yml', 'https://codecov.io/github/openedx/openedx-authz/coverage.svg?branch=main', 'https://codecov.io/github/openedx/openedx-authz?branch=main', 'https://readthedocs.org/projects/openedx-authz/badge/?version=latest', 'https://docs.openedx.org/projects/openedx-authz', 'https://img.shields.io/pypi/pyversions/openedx-authz.svg', 'https://img.shields.io/github/license/openedx/openedx-authz.svg', 'https://img.shields.io/badge/Status-Experimental-yellow']",True,True,True,True,.readthedocs.yaml,2,False,,,,True,True,,True,openedx-authz,"['3', '3.12']",https://github.com/openedx/openedx-authz,True,True,True,False
openedx/edx-cookiecutters,,,,,,,4,0,0.75,683444,True,2026-08-31,True,True,False,False,106,0,0,0,0,38,106,2,3,1,False,,False,True,True,False,True,True,True,True,True,True,False,True,False,True,False,False,True,False,2026-08-10 17:12:01,True,False,True,False,False,True,False,False,,openedx,5,['https://openedx.slack.com/: 403'],True,"['https://discuss.openedx.org', 'https://openedx.org/getting-help', 'https://openedx.org/slack', 'https://tox.readthedocs.io/en/latest/']",True,True,True,False,,,False,,,,True,True,,False,,[],,True,True,True,False
openedx/frontend-app-enterprise-public-catalog,,,,,,,0,0,,,False,2026-08-31,False,False,False,False,47,0,0,36,11,0,0,0,0,0,False,,False,False,True,False,False,True,True,True,False,False,True,False,False,False,False,False,False,False,2026-08-27 21:49:48,True,False,False,False,False,False,False,False,@edx/frontend-app-enterprise-public-catalog,openedx,0,"['https://edx.github.io/frontend-platform/module-Internationalization.html: 404', 'https://github.com/openedx/frontend-i18n/blob/master/docs/how_tos/i18n.rst: 404', 'https://travis-ci.com/edx/frontend-app-enterprise-public-catalog: 404']",False,"['https://explore-catalog.stage.edx.org/', 'https://github.com/openedx/frontend-app-enterprise-public-catalog/blob/master/docs/decisions/0002-feature-based-application-organization.rst', 'https://api.travis-ci.com/edx/frontend-app-enterprise-public-catalog.svg?branch=master', 'https://codecov.io/gh/edx/frontend-app-enterprise-public-catalog/branch/master/graph/badge.svg', 'https://codecov.io/gh/edx/frontend-app-enterprise-public-catalog', 'https://img.shields.io/npm/l/@edx/frontend-app-enterprise-public-catalog.svg']",True,True,False,False,,,True,2026-02-22,2025-02-04,2,False,False,,False,,[],,False,False,False,False
openedx/codejail,,,,,,,3,1,0.7368,48965,True,2026-08-31,True,True,False,False,34,0,0,0,0,16,34,0,0,0,False,,True,False,True,False,True,True,True,True,True,True,False,True,False,True,True,True,True,False,2026-08-31 00:01:21,True,False,True,False,False,True,False,False,,openedx,2,[],False,[],True,True,True,False,,,False,,,,True,True,,True,edx-codejail,"['3', '3.12']",https://github.com/openedx/codejail,True,True,True,False
openedx/cypress-e2e-tests,,,,,,,2,5,0.5294,1792816,False,2026-08-31,True,True,False,False,19,0,0,0,19,0,0,0,0,0,False,,False,False,True,False,False,False,True,True,True,False,True,False,False,False,False,False,False,False,2026-08-24 21:33:47,True,False,False,False,False,False,False,False,,openedx,0,[],False,"['https://www.cypress.io/', 'https://docs.cypress.io/guides/overview/why-cypress.html', 'https://docs.cypress.io/examples/examples/tutorials.html']",True,True,False,False,,,False,,,,False,False,,False,,[],,False,False,False,False
openedx/taxonomy-connector,,,,,,,8,13,0.8125,314636,True,2026-08-31,True,True,False,False,143,0,0,0,0,110,143,12,15,7,False,,True,False,True,True,True,True,True,True,True,False,False,True,False,True,True,True,True,False,2026-08-28 02:33:30,True,True,True,False,False,True,False,False,,openedx,3,[],True,"['https://img.shields.io/pypi/v/taxonomy-connector.svg', 'https://pypi.org/project/taxonomy-connector/', 'http://codecov.io/github/openedx/taxonomy-connector/coverage.svg?branch=master', 'http://codecov.io/github/openedx/taxonomy-connector?branch=master', 'https://github.com/openedx/taxonomy-connector/workflows/Python%20CI/badge.svg?branch=master', 'https://github.com/openedx/taxonomy-connector/actions?query=workflow%3A%22Python+CI%22', 'https://open.edx.org/getting-help']",True,True,True,False,,,False,,,,True,True,,True,taxonomy-connector,"['3', '3.12']",https://github.com/openedx/taxonomy-connector,True,True,True,False
openedx/edx-django-sites-extensions,,,,,,,4,1,1.0,22566,True,2026-08-31,True,True,False,False,92,0,0,0,0,3,92,3,4,1,False,,True,False,True,False,True,True,True,True,True,True,False,True,False,True,False,True,True,False,2026-07-31 17:06:55,True,False,True,False,False,True,False,False,,openedx,1,[],False,"['http://code.edx.org/', 'https://github.com/openedx/edx-django-sites-extensions/workflows/Python%20CI/badge.svg?branch=master', 'https://github.com/openedx/edx-django-sites-extensions/actions?query=workflow%3A%22Python+CI%22', 'http://codecov.io/github/edx/edx-django-sites-extensions/coverage.svg?branch=master', 'http://codecov.io/github/edx/edx-django-sites-extensions?branch=master', 'https://docs.djangoproject.com/en/1.9/ref/contrib/sites/', 'https://edx-django-sites-extensions.readthedocs.org', 'https://github.com/openedx/.github/blob/master/CONTRIBUTING.md', 'https://groups.google.com/forum/']",True,False,True,False,,,False,,,,True,True,,True,edx-django-sites-extensions,['3.12'],https://github.com/openedx/edx-django-sites-extensions,True,True,True,False
openedx/modular-learning,,,,,,,0,0,,,False,2026-08-31,False,False,False,False,0,0,0,0,0,0,0,0,0,0,False,,False,False,False,False,False,False,True,True,False,False,False,False,False,False,False,False,False,False,2024-12-16 20:07:52,False,False,False,False,False,False,False,False,,openedx,0,[],False,"['https://github.com/orgs/openedx/projects/36', 'https://openedx.atlassian.net/wiki/spaces/OEPM/pages/3575152670/Approach+Memo+Modular+Learning']",True,True,False,False,,,False,,,,False,False,,False,,[],,False,False,False,False
openedx/RecommenderXBlock,,,,,,,4,3,0.8333,661580,True,2026-08-31,True,True,False,False,0,0,0,0,0,0,0,0,0,0,False,,False,False,True,False,False,True,True,True,True,True,False,False,True,False,False,False,False,False,2026-08-31 01:23:15,True,False,False,False,False,False,False,False,,openedx,0,[],False,[],True,True,False,False,,,False,,,,False,False,,False,,[],,False,False,False,False
openedx/frontend-app-ora,,,,,,,2,5,1.0,234,False,2026-08-31,True,True,False,False,48,0,0,38,10,0,0,0,0,0,False,,False,False,True,False,False,True,True,True,True,False,True,False,False,False,False,False,False,True,2026-08-10 20:15:46,True,False,False,False,False,False,False,False,,openedx,0,"['http://apps.local.openedx.io: HTTPConnectionPool(host=\'apps.local.openedx.io\', port=80): Max retries exceeded with url: / (Caused by NewConnectionError(""HTTPConnection(host=\'apps.local.openedx.io\', port=80): Failed to establish a new connection: [Errno 111] Connection refused""))', 'https://openedx.slack.com/: 403', 'https://openedx.slack.com/archives/C04BM6YC7A6: 403', 'https://open-edx-backstage.herokuapp.com/catalog/default/component/frontend-app-ora: 404', 'https://github.com/edx/frontend-app-ora/actions/workflows/ci.yml/badge.svg: 404']",True,"['https://github.com/overhangio/tutor', 'https://github.com/overhangio/tutor-mfe?tab=readme-ov-file', 'https://github.com/openedx/frontend-app-ora.git', 'https://github.com/nvm-sh/nvm', 'https://github.com/overhangio/tutor-mfe/blob/release/tutormfe/plugin.py', 'https://docs.openedx.org/en/latest/site_ops/how-tos/add-waffle-flag-for-user.html', 'https://discuss.openedx.org', 'https://github.com/edx/frontend-app-ora/issues', 'https://openedx.org/slack', 'https://openedx.org/getting-help', 'https://openedx.org/r/how-to-contribute', 'https://openedx.org/code-of-conduct/', 'https://img.shields.io/github/license/openedx/frontend-app-ora.svg', 'https://github.com/edx/frontend-app-ora/blob/master/LICENSE', 'https://img.shields.io/badge/Status-Maintained-brightgreen', 'https://github.com/edx/frontend-app-ora/actions/workflows/ci.yml', 'https://codecov.io/github/openedx/frontend-app-ora/coverage.svg?branch=master', 'https://codecov.io/github/openedx/frontend-app-ora?branch=master']",True,True,True,False,,,True,2026-04-06,2024-02-05,5,False,False,,False,,[],,False,False,False,False
openedx/event-bus-kafka,,,,,,,2,0,0.6667,1269632,True,2026-08-31,True,True,False,False,126,0,0,0,0,28,126,7,9,5,True,,True,True,True,True,True,True,True,True,True,True,False,True,False,True,True,True,True,False,2026-08-10 20:33:18,True,True,True,False,False,True,False,False,,openedx,1,"['https://openedx-slack-invite.herokuapp.com/: 404', 'https://openedx.slack.com/: 403', 'https://edx-event-bus-kafka.readthedocs.io/en/latest/: 404']",True,"['https://github.com/openedx/event-bus-kafka/blob/main/docs/decisions/0005-optional-import-of-confluent-kafka.rst', 'https://open-edx-proposals.readthedocs.io/en/latest/architectural-decisions/oep-0052-arch-event-bus-architecture.html', 'https://openedx.atlassian.net/wiki/spaces/DOC/pages/21627535/Publish+Documentation+on+Read+the+Docs', 'https://github.com/openedx/.github/blob/master/CONTRIBUTING.md', 'https://discuss.openedx.org', 'https://openedx.org/getting-help', 'https://img.shields.io/pypi/v/edx-event-bus-kafka.svg', 'https://pypi.python.org/pypi/edx-event-bus-kafka/', 'https://github.com/openedx/event-bus-kafka/workflows/Python%20CI/badge.svg?branch=main', 'https://github.com/openedx/event-bus-kafka/actions', 'https://codecov.io/github/openedx/event-bus-kafka/coverage.svg?branch=main', 'https://codecov.io/github/openedx/event-bus-kafka?branch=main', 'https://readthedocs.org/projects/edx-event-bus-kafka/badge/?version=latest', 'https://img.shields.io/pypi/pyversions/edx-event-bus-kafka.svg', 'https://img.shields.io/github/license/openedx/event-bus-kafka.svg', 'https://github.com/openedx/event-bus-kafka/blob/main/LICENSE.txt']",True,True,True,True,.readthedocs.yaml,2,False,,,,True,True,,True,edx_event_bus_kafka,"['3', '3.12']",https://github.com/openedx/event-bus-kafka,True,True,True,False
openedx/opaque-keys,,,,,,,6,2,0.8889,213,True,2026-08-31,True,True,False,False,85,0,0,0,0,4,85,3,3,1,False,,True,False,True,False,True,True,True,True,True,True,False,True,False,True,False,True,True,False,2026-08-31 00:09:49,True,True,False,False,False,True,False,False,,openedx,0,['https://coveralls.io/r/edx/opaque-keys: 403'],False,"['http://code.edx.org/', 'https://github.com/openedx/opaque-keys/workflows/Python%20CI/badge.svg?branch=master', 'https://github.com/openedx/opaque-keys/actions?query=workflow%3A%22Python+CI%22', 'https://coveralls.io/repos/edx/opaque-keys/badge.svg?branch=master', 'https://github.com/openedx/edx-platform/wiki/Opaque-Keys']",True,True,False,True,.readthedocs.yaml,2,False,,,,True,True,,True,edx-opaque-keys,"['3', '3.12']",https://github.com/openedx/opaque-keys,True,True,True,False
openedx/enmerkar-underscore,,,,,,,2,1,0.5,143,True,2026-08-31,True,True,False,False,50,0,0,0,0,4,50,0,1,0,False,,False,False,True,False,False,True,True,True,True,False,False,False,False,True,True,True,True,False,2026-07-29 15:38:53,True,True,False,False,False,True,False,False,,openedx,1,"[""https://pypip.in/d/django-babel-underscore/badge.png: HTTPSConnectionPool(host='pypip.in', port=443): Max retries exceeded with url: /d/django-babel-underscore/badge.png (Caused by ConnectTimeoutError(<HTTPSConnection(host='pypip.in', port=443) at 0x7f3edc20dcd0>, 'Connection to pypip.in timed out. (connect timeout=None)'))"", 'http://django-babel-underscore.readthedocs.org: 404']",False,"['https://badge.fury.io/py/django-babel-underscore.png', 'http://badge.fury.io/py/django-babel-underscore', 'https://github.com/openedx/enmerkar-underscore/workflows/Python%20CI/badge.svg?branch=master', 'https://github.com/openedx/enmerkar-underscore/actions?query=workflow%3A%22Python+CI%22', 'https://pypi.python.org/pypi/django-babel-underscore']",True,True,False,False,,,False,,,,True,True,,True,enmerkar-underscore,"['3', '3.11', '3.12']",https://github.com/openedx/enmerkar-underscore,True,False,True,False
openedx/xss-utils,,,,,,,1,1,0.5,1800302,True,2026-08-31,True,True,False,False,84,0,0,0,0,3,84,4,4,2,True,,True,False,True,False,True,True,True,True,True,True,False,True,False,True,True,True,True,True,2026-07-20 19:32:41,True,True,True,False,False,True,False,False,,openedx,1,"['https://xss-utils.readthedocs.org: 404', 'http://xss-utils.readthedocs.io/en/latest/: 404', 'https://github.com/openedx/xss-utils/blob/master/LICENSE.txt: 404']",True,"['https://docs.openedx.org/en/latest/developers/references/developer_guide/preventing_xss/index.html', 'https://github.com/openedx/.github/blob/master/CONTRIBUTING.md', 'https://github.com/openedx/xss-utils/blob/master/.github/PULL_REQUEST_TEMPLATE.md', 'https://github.com/openedx/xss-utils/blob/master/.github/ISSUE_TEMPLATE.md', 'https://open.edx.org/getting-help', 'https://img.shields.io/pypi/v/xss-utils.svg', 'https://pypi.python.org/pypi/xss-utils/', 'https://github.com/openedx/xss-utils/workflows/Python%20CI/badge.svg?branch=master', 'https://github.com/openedx/xss-utils/actions?query=workflow%3A%22Python+CI%22', 'http://codecov.io/github/edx/xss-utils/coverage.svg?branch=master', 'http://codecov.io/github/edx/xss-utils?branch=master', 'https://readthedocs.org/projects/xss-utils/badge/?version=latest', 'https://img.shields.io/pypi/pyversions/xss-utils.svg', 'https://img.shields.io/github/license/edx/xss-utils.svg']",True,True,True,False,,,False,,,,True,True,,True,xss-utils,"['3', '3.12']",https://github.com/openedx/xss-utils,True,True,True,False
openedx/didkit-python,,,,,,,0,9,,,False,2026-08-31,False,False,False,False,0,0,0,0,0,0,0,0,0,0,False,,False,False,True,False,False,False,True,True,False,False,False,False,True,False,False,False,False,False,2026-05-30 14:52:54,True,False,False,False,False,False,False,False,,openedx,0,[],False,"['https://badge.fury.io/py/openedx-didkit.svg', 'https://badge.fury.io/py/openedx-didkit', 'https://spruceid.dev/docs/didkit/', 'https://github.com/spruceid/ssi', 'https://pypi.org/project/openedx-didkit/', 'https://github.com/GlugovGrGlib/didkit-python', 'https://github.com/spruceid/didkit-python']",True,True,False,False,,,False,,,,False,False,,False,,[],,False,False,False,False
openedx/code-annotations,,,,,,,4,3,0.913,47284,True,2026-08-31,True,True,False,False,96,0,0,0,0,7,96,2,2,1,False,3.12,True,False,True,False,True,True,True,True,True,True,False,True,False,True,True,True,True,False,2026-08-31 00:21:14,True,True,True,False,False,True,False,False,,openedx,5,[],True,"['https://code-annotations.readthedocs.org', 'https://github.com/openedx/.github/blob/master/CONTRIBUTING.md', 'https://github.com/openedx/code-annotations/blob/master/.github/PULL_REQUEST_TEMPLATE.md', 'https://github.com/openedx/code-annotations/blob/master/.github/ISSUE_TEMPLATE.md', 'https://open.edx.org/getting-help']",True,True,True,True,.readthedocs.yml,2,False,,,,True,True,,True,code-annotations,"['3', '3.12']",https://github.com/openedx/code-annotations,True,True,True,False
openedx/openedx-translations,,,,,,,9,6,0.98,16,True,2026-08-31,True,True,False,False,41,0,0,0,1,0,40,1,1,1,False,,False,True,True,False,False,True,True,True,True,False,True,False,False,True,False,False,False,False,2026-08-31 01:40:04,True,False,False,False,False,True,False,False,,openedx,0,['https://app.transifex.com/open-edx/openedx-translations/dashboard/: 403'],False,"['https://app.transifex.com/open-edx/', 'https://github.com/openedx/open-edx-proposals/pull/367', 'https://github.com/openedx/openedx-atlas', 'https://github.com/openedx/openedx-translations/actions/workflows/sync-translations.yml', 'https://docs.tutor.edly.io/tutorials/nightly.html', 'https://github.com/openedx/openedx-platform', 'https://docs.tutor.edly.io/', 'https://github.com/openedx/openedx-platform/tree/release/ulmo', 'https://github.com/openedx/openedx-translations/tree/main/.github/workflows', 'https://github.com/openedx/openedx-translations/blob/main/Makefile']",True,True,False,False,,,False,,,,False,True,,False,,[],,False,False,False,False
openedx/xqueue-watcher,,,,,,,2,0,1.0,7,False,2026-08-31,False,False,False,False,0,0,0,0,0,0,0,0,0,0,False,,False,False,True,False,False,True,True,True,False,True,False,False,True,False,False,False,False,False,2026-08-29 15:18:34,True,False,False,False,False,True,False,False,,openedx,0,"['http://xqueue-svc: HTTPConnectionPool(host=\'xqueue-svc\', port=80): Max retries exceeded with url: / (Caused by NameResolutionError(""HTTPConnection(host=\'xqueue-svc\', port=80): Failed to resolve \'xqueue-svc\' ([Errno -3] Temporary failure in name resolution)""))']",False,"['https://github.com/openedx/xqueue', 'https://github.com/openedx/codejail']",True,True,False,False,,,False,,,,False,False,,False,,[],,False,False,False,False
openedx/enterprise-access,,,,,,,2,5,0.7857,1243143,True,2026-08-31,True,True,False,False,202,0,0,0,0,117,202,25,35,20,True,,True,False,True,True,False,True,True,True,True,False,False,True,False,True,True,False,True,False,2026-08-31 02:22:24,True,True,True,False,False,True,False,False,,openedx,5,"['https://openedx-slack-invite.herokuapp.com/: 404', 'https://openedx.slack.com/: 403', 'https://github.com/edx/enterprise-access/workflows/Python%20CI/badge.svg?branch=main: 404', 'https://enterprise-access.readthedocs.io/en/latest/: 404']",True,"['https://github.com/edx/devstack', 'https://openedx.atlassian.net/wiki/spaces/DOC/pages/21627535/Publish+Documentation+on+Read+the+Docs', 'https://github.com/openedx/.github/blob/master/CONTRIBUTING.md', 'https://discuss.openedx.org', 'https://openedx.org/getting-help', 'https://img.shields.io/pypi/v/enterprise-access.svg', 'https://pypi.python.org/pypi/enterprise-access/', 'https://github.com/edx/enterprise-access/actions', 'https://codecov.io/github/edx/enterprise-access/coverage.svg?branch=main', 'https://codecov.io/github/edx/enterprise-access?branch=main', 'https://readthedocs.org/projects/enterprise-access/badge/?version=latest', 'https://img.shields.io/pypi/pyversions/enterprise-access.svg', 'https://img.shields.io/github/license/edx/enterprise-access.svg', 'https://github.com/edx/enterprise-access/blob/main/LICENSE.txt']",True,True,True,False,,,True,,,0,True,True,,False,,[],,True,True,True,False
openedx/frontend-plugin-aspects,,,,,,,4,6,0.9767,132,False,2026-08-31,True,True,False,False,21,0,0,2,19,0,0,0,0,0,False,,False,False,True,False,False,True,True,True,True,False,True,False,False,False,False,False,False,False,2026-08-31 00:49:58,True,False,False,False,False,False,False,False,,openedx,0,"['https://openedx.slack.com/: 403', 'https://openedx.slack.com/archives/C04BM6YC7A6: 403', 'https://open-edx-backstage.herokuapp.com/catalog/default/component/frontend-plugin-aspects: 404']",True,"['https://img.shields.io/github/license/openedx/frontend-plugin-aspects.svg', 'https://github.com/openedx/frontend-plugin-aspects/blob/main/LICENSE', 'https://img.shields.io/badge/Status-Maintained-brightgreen', 'https://github.com/openedx/frontend-plugin-aspects/actions/workflows/ci.yml/badge.svg', 'https://github.com/openedx/frontend-plugin-aspects/actions/workflows/ci.yml', 'https://codecov.io/github/openedx/frontend-plugin-aspects/coverage.svg?branch=main', 'https://codecov.io/github/openedx/frontend-plugin-aspects?branch=main', 'https://github.com/openedx/tutor-contrib-aspects', 'https://github.com/openedx/frontend-app-authoring.git', 'https://github.com/openedx/frontend-plugin-aspects.git', 'https://nodemon.io', 'https://discuss.openedx.org', 'https://openedx.org/slack', 'https://openedx.org/getting-help', 'https://openedx.org/r/how-to-contribute', 'https://openedx.org/code-of-conduct/']",True,True,True,False,,,True,2026-08-18,2026-08-18,1,False,False,,False,,[],,False,False,False,False
openedx/frontend-lib-special-exams,,,,,,,0,1,,,False,2026-08-31,False,False,False,False,30,0,0,8,22,0,0,0,0,0,False,,False,False,True,False,False,True,True,True,False,True,True,False,False,False,False,False,False,True,2026-05-20 13:20:43,True,False,False,False,False,False,False,False,@edx/frontend-lib-special-exams,openedx,0,"['https://edx.github.io/frontend-platform/module-Internationalization.html: 404', 'https://openedx.slack.com/: 403', 'https://openedx.slack.com/archives/C04BM6YC7A6: 403']",False,"['https://github.com/edx/frontend-lib-special-exams.git', 'https://github.com/nvm-sh/nvm', 'https://github.com/edx/frontend-i18n/blob/master/docs/how_tos/i18n.rst', 'https://github.com/openedx/frontend-plugin-framework', 'https://openedx.org/r/how-to-contribute', 'https://discuss.openedx.org', 'https://github.com/openedx/frontend-lib-special-exams/issues', 'https://openedx.org/slack', 'https://openedx.org/community/connect', 'https://openedx.org/code-of-conduct/']",True,True,True,False,,,True,,,0,False,False,,False,,[],,False,False,False,False
openedx/codejail-includes,,,,,,,2,0,0.6667,1269338,True,2026-08-31,True,True,False,False,93,0,0,0,0,0,93,2,2,1,False,,True,False,True,False,True,True,True,True,True,True,False,True,False,True,True,True,True,False,2026-08-10 20:07:56,True,True,True,False,False,False,False,False,,openedx,0,"['https://openedx-slack-invite.herokuapp.com/: 404', 'https://openedx.slack.com/: 403', 'https://github.com/openedx/sandboxcodejail-includes/workflows/Python%20CI/badge.svg?branch=main: 404']",True,"['https://openedx.atlassian.net/browse/BOM-2579', 'https://openedx.atlassian.net/wiki/spaces/DOC/pages/21627535/Publish+Documentation+on+Read+the+Docs', 'https://github.com/openedx/.github/blob/master/CONTRIBUTING.md', 'https://discuss.openedx.org', 'https://openedx.org/getting-help', 'https://img.shields.io/pypi/v/codejail-includes.svg', 'https://pypi.python.org/pypi/codejail-includes/', 'https://github.com/openedx/codejail-includes/actions', 'https://img.shields.io/github/license/openedx/sandbox-packages.svg', 'https://github.com/openedx/codejail-includes/blob/main/LICENSE']",True,True,True,False,,,False,,,,False,True,,True,codejail-includes,"['3', '3.12']",https://github.com/openedx/codejail-includes,True,True,True,False
openedx/frontend-app-authn,,,,,,,5,17,1.0,150,False,2026-08-31,True,True,False,False,26,0,0,15,11,0,0,0,0,0,False,,False,False,True,False,False,True,True,True,True,False,True,False,False,False,False,False,False,False,2026-08-31 03:01:57,True,False,False,False,False,False,False,False,,openedx,0,"['http://apps.local.openedx.io: HTTPConnectionPool(host=\'apps.local.openedx.io\', port=80): Max retries exceeded with url: / (Caused by NewConnectionError(""HTTPConnection(host=\'apps.local.openedx.io\', port=80): Failed to establish a new connection: [Errno 111] Connection refused""))', 'https://openedx.slack.com/: 403', 'https://openedx.slack.com/archives/C04BM6YC7A6: 403']",True,"['https://github.com/openedx/frontend-base', 'https://docs.openedx.org/projects/openedx-proposals/en/latest/processes/oep-0010/decisions/0002-frontend-stable-branches.html', 'https://docs.openedx.org/projects/openedx-proposals/en/latest/processes/oep-0010/decisions/0003-frontend-release-strategy.html', 'https://github.com/openedx/frontend-app-authn/tree/legacy-mfe', 'https://github.com/overhangio/tutor', 'https://github.com/overhangio/tutor-mfe', 'https://github.com/openedx/frontend-app-authn.git', 'https://github.com/nvm-sh/nvm', 'https://github.com/openedx/frontend-base/blob/main/docs/how_tos/migrate-frontend-app.md', 'https://github.com/openedx/frontend-base/blob/main/docs/how_tos/i18n.rst', 'https://discuss.openedx.org', 'https://github.com/openedx/frontend-app-authn/issues', 'https://openedx.org/slack', 'https://openedx.org/getting-help', 'https://openedx.org/r/how-to-contribute', 'https://openedx.org/code-of-conduct/', 'https://backstage.openedx.org/catalog/default/component/frontend-app-authn', 'https://img.shields.io/github/license/openedx/frontend-app-authn.svg', 'https://github.com/openedx/frontend-app-authn/blob/master/LICENSE', 'https://img.shields.io/badge/Status-Maintained-brightgreen', 'https://github.com/openedx/frontend-app-authn/actions/workflows/ci.yml/badge.svg', 'https://github.com/openedx/frontend-app-authn/actions/workflows/ci.yml', 'https://codecov.io/github/openedx/frontend-app-authn/coverage.svg?branch=master', 'https://codecov.io/github/openedx/frontend-app-authn?branch=master', 'https://img.shields.io/badge/%20%20%F0%9F%93%A6%F0%9F%9A%80-semantic--release-e10079.svg', 'https://github.com/semantic-release/semantic-release']",True,True,True,False,,,True,2026-03-27,2025-07-24,1,False,False,,False,,[],,False,False,False,False
openedx/frontend-template-site,,,,,,,2,1,1.0,13298,False,2026-08-31,False,False,False,False,9,0,0,7,2,0,0,0,0,0,False,,False,False,True,False,False,True,True,True,False,False,True,False,False,False,False,False,False,False,2026-08-30 15:32:38,True,False,False,False,False,False,False,False,,openedx,0,"['http://apps.local.openedx.io: HTTPConnectionPool(host=\'apps.local.openedx.io\', port=80): Max retries exceeded with url: / (Caused by NewConnectionError(""HTTPConnection(host=\'apps.local.openedx.io\', port=80): Failed to establish a new connection: [Errno 111] Connection refused""))', 'https://open-edx-backstage.herokuapp.com/catalog/default/component/frontend-template-site: 404']",False,"['https://github.com/nvm-sh/nvm', 'https://bindfs.org/', 'https://docs.npmjs.com/cli/using-npm/workspaces', 'https://github.com/semantic-release/semantic-release', 'https://turbo.build/', 'https://github.com/openedx/frontend-base/blob/master/docs/how_tos/i18n.rst', 'https://github.com/openedx/openedx-translations', 'https://openedx.org/r/how-to-contribute', 'https://openedx.org/code-of-conduct/', 'https://img.shields.io/github/license/openedx/frontend-template-application.svg', 'https://github.com/openedx/frontend-template-application/blob/main/LICENSE', 'https://img.shields.io/badge/Status-Maintained-brightgreen', 'https://github.com/openedx/frontend-template-application/actions/workflows/ci.yml/badge.svg', 'https://github.com/openedx/frontend-template-application/actions/workflows/ci.yml', 'https://codecov.io/github/openedx/frontend-template-application/coverage.svg?branch=main', 'https://codecov.io/github/openedx/frontend-template-application?branch=main']",True,True,True,False,,,False,,,,False,False,,False,,[],,False,False,False,False
openedx/edx-ora2,,,,,,,4,4,0.4054,271,True,2026-08-31,True,True,False,False,208,0,0,14,27,67,167,14,18,10,False,,True,False,True,False,False,True,True,True,True,True,True,True,False,True,True,True,True,True,2026-08-27 22:12:52,True,False,True,False,False,True,True,True,,openedx,7,"['https://open.edx.org/getting-help: 403', 'https://coveralls.io/r/edx/edx-ora2?branch=master: 403']",True,"['https://github.com/openedx/edx-platform', 'https://docs.openedx.org/en/latest/educators/concepts/exercise_tools/about_OpenResponseAssessments.html', 'https://openedx.atlassian.net/wiki/spaces/EDUCATOR/pages/9765004/ORA+Developer+Guide', 'https://github.com/openedx/devstack', 'https://github.com/openedx/edx-ora2/workflows/Python%20CI/badge.svg?branch=master', 'https://github.com/openedx/edx-ora2/actions?query=workflow%3A%22Python+CI%22', 'https://coveralls.io/repos/edx/edx-ora2/badge.png?branch=master']",True,True,True,True,.readthedocs.yaml,2,True,,,0,True,True,,True,ora2,"['3', '3.12']",http://github.com/openedx/edx-ora2,True,True,True,False
openedx/openedx-proposals,,,,,,,7,0,0.8571,48222,True,2026-08-31,True,True,False,False,45,0,0,0,0,30,45,0,0,0,True,,False,False,True,False,False,True,True,True,True,True,False,False,False,True,False,False,False,False,2026-08-17 12:44:13,True,False,False,False,False,False,False,False,,openedx,4,"['https://openedx.org/r/how-to-contribute: 403', 'https://openedx.slack.com/archives/C1L370YTZ: 403', 'https://openedx.org/code-of-conduct/: 403', 'https://github.com/openedx/openedx-proposals/blob/main/LICENSE.txt: 404']",False,"['https://docs.openedx.org/projects/openedx-proposals/', 'https://discuss.openedx.org/c/announcements/17', 'https://www.sphinx-doc.org/en/master/usage/restructuredtext/basics.html', 'https://docs.openedx.org/en/latest/developers/quickstarts/first_openedx_pr.html', 'http://graphviz.org/', 'https://discuss.openedx.org/', 'https://backstage.openedx.org/catalog/default/component/openedx-proposals', 'https://img.shields.io/badge/License-CC_BY--SA_4.0-lightgrey.svg', 'https://readthedocs.org/projects/openedx-proposals/badge/?version=latest', 'https://img.shields.io/badge/Status-Maintained-brightgreen', 'https://img.shields.io/github/contributors/openedx/openedx-proposals.svg']",True,True,True,True,.readthedocs.yaml,2,False,,,,False,False,,False,,[],,False,False,False,False
openedx/xblocks-extra,,,,,,,5,18,0.9032,58,True,2026-08-31,True,True,False,False,0,0,0,0,0,0,0,0,0,0,False,,False,False,True,False,False,True,True,True,True,False,False,False,True,False,False,False,True,False,2026-08-31 00:44:45,True,False,False,False,False,True,False,False,,openedx,0,[],False,"['https://github.com/openedx-unsupported/AudioXBlock', 'https://github.com/openedx/FeedbackXBlock', 'https://github.com/openedx/xblock-free-text-response', 'https://github.com/openedx-unsupported/xblock-image-modal', 'https://github.com/openedx-unsupported/xblock-qualtrics-survey', 'https://github.com/openedx/xblock-sql-grader', 'https://github.com/openedx-unsupported/xblock-submit-and-compare', 'https://github.com/openedx/xblocks-extra.git', 'https://docs.openedx.org/en/latest/developers/concepts/oep58.html', 'https://github.com/openedx/openedx-translations', 'https://openedx.org/contributor-guidelines']",True,True,False,True,.readthedocs.yaml,2,False,,,,False,False,,False,,[],,True,False,True,False
openedx/sample-plugin,,,,,,,2,26,0.8,89,False,2026-08-31,False,False,False,False,0,0,0,0,0,0,0,0,0,0,False,,False,False,True,False,False,False,True,True,False,False,False,False,False,False,False,False,False,False,2026-08-26 14:12:56,True,False,False,False,False,False,False,False,,openedx,0,[],False,"['https://docs.openedx.org/projects/edx-django-utils/en/latest/plugins/how_tos/how_to_create_a_plugin_app.html', 'https://docs.openedx.org/projects/openedx-events/en/latest/', 'https://docs.openedx.org/projects/openedx-filters/en/latest/', 'https://docs.openedx.org/en/latest/site_ops/how-tos/use-frontend-plugin-slots.html', 'https://github.com/openedx/paragon', 'https://docs.tutor.edly.io/', 'https://docs.tutor.edly.io/install.html', 'https://github.com/overhangio/tutor-mfe', 'https://github.com/openedx/openedx-tutor-plugins/tree/main/plugins/tutor-contrib-paragon', 'https://cdn.jsdelivr.net/gh/openedx/sample-plugin@main/brand-sample/dist/light.min.css', 'https://openedx.org/slack', 'https://discuss.openedx.org', 'https://github.com/openedx/sample-plugin/issues']",True,True,False,False,,,False,,,,False,False,,False,,[],,False,False,False,False
openedx/codejail-service,,,,,,,0,5,0.0,,True,2026-08-31,False,False,False,False,138,0,0,0,0,58,138,7,8,4,True,,True,True,True,False,True,True,True,True,False,False,False,True,False,True,True,False,True,True,2026-07-30 14:21:53,True,False,True,False,False,True,False,False,,openedx,0,"['https://openedx.slack.com/: 403', 'https://docs.openedx.org/projects/codejail-service: 404']",True,"['https://github.com/openedx/codejail', 'https://docs.openedx.org/en/latest/developers/how-tos/get-ready-for-python-dev.html', 'https://github.com/openedx/codejail-service/issues/3', 'https://discuss.openedx.org', 'https://github.com/openedx/codejail-service/issues', 'https://openedx.org/getting-help', 'https://openedx.org/slack', 'https://openedx.org/r/how-to-contribute', 'https://openedx.org/code-of-conduct/', 'https://backstage.openedx.org/catalog/default/component/codejail-service', 'https://github.com/openedx/codejail-service/workflows/Python%20CI/badge.svg', 'https://github.com/openedx/codejail-service/actions', 'https://codecov.io/github/openedx/codejail-service/coverage.svg?branch=main', 'https://codecov.io/github/openedx/codejail-service?branch=main', 'https://readthedocs.org/projects/codejail-service/badge/?version=latest', 'https://img.shields.io/github/license/openedx/codejail-service.svg', 'https://github.com/openedx/codejail-service/blob/main/LICENSE.txt', 'https://img.shields.io/badge/Status-Maintained-brightgreen']",True,True,True,True,.readthedocs.yaml,2,True,,,0,True,True,,False,,[],,True,True,True,False
openedx/openedx-aspects,,,,,,,4,5,0.9286,58625,True,2026-08-31,True,True,False,False,0,0,0,0,0,0,0,0,0,0,False,,False,False,True,False,False,True,True,True,True,False,False,False,True,False,False,False,False,False,2026-08-31 00:12:12,True,False,False,False,False,False,False,False,,openedx,0,[],False,"['https://docs.astral.sh/uv/', 'https://astral.sh/uv/install.sh', 'https://github.com/orgs/openedx/projects/5/views/1', 'https://docs.openedx.org/projects/openedx-aspects', 'https://github.com/openedx/tutor-contrib-aspects']",True,True,False,True,.readthedocs.yaml,2,False,,,,False,False,,False,,[],,False,False,False,False
openedx/training-courses,,,,,,,0,0,,,False,2026-08-31,False,False,False,False,0,0,0,0,0,0,0,0,0,0,False,,False,False,False,False,False,True,True,True,False,False,False,False,False,False,False,False,False,False,2026-05-19 13:23:02,True,False,False,False,False,False,False,False,,openedx,0,[],False,"['https://creativecommons.org/licenses/by-sa/4.0/', 'http://creativecommons.org/licenses/by-nc-sa/3.0/us/']",True,True,False,False,,,False,,,,False,False,,False,,[],,False,False,False,False
openedx/frontend-app-communications,,,,,,,1,5,1.0,1743,False,2026-08-31,False,False,False,False,39,0,0,29,10,0,0,0,0,0,False,,False,False,True,False,False,True,True,True,False,False,True,False,False,False,False,False,False,False,2026-08-31 00:17:31,True,False,False,False,False,False,False,False,@edx/frontend-app-communications,openedx,0,"['https://openedx.slack.com/: 403', 'https://openedx.slack.com/archives/C04BM6YC7A6: 403', 'https://open-edx-backstage.herokuapp.com/catalog/default/component/frontend-app-communications: 404']",False,"['https://github.com/overhangio/tutor', 'https://github.com/overhangio/tutor-mfe?tab=readme-ov-file', 'https://github.com/edx/frontend-app-communications.git', 'https://github.com/nvm-sh/nvm', 'https://github.com/openedx/frontend-plugin-framework', 'https://github.com/openedx/frontend-platform/blob/master/docs/how_tos/i18n.rst', 'https://discuss.openedx.org', 'https://github.com/openedx/frontend-app-communications/issues', 'https://openedx.org/slack', 'https://openedx.org/community/connect', 'https://openedx.org/r/how-to-contribute', 'https://openedx.org/code-of-conduct/', 'https://img.shields.io/github/license/openedx/frontend-app-communications.svg', 'https://github.com/openedx/frontend-app-communications/blob/master/LICENSE', 'https://img.shields.io/badge/Status-Maintained-brightgreen', 'https://github.com/openedx/frontend-app-communications/actions/workflows/ci.yml/badge.svg', 'https://github.com/openedx/frontend-app-communications/actions/workflows/ci.yml', 'https://codecov.io/github/openedx/frontend-app-communications/coverage.svg?branch=master', 'https://codecov.io/github/openedx/frontend-app-communications?branch=master']",True,True,True,False,,,True,2022-12-12,,0,False,False,,False,,[],,False,False,False,False
openedx/edx-bootstrap,,,,,,,0,1,,,False,2026-08-31,False,False,False,False,19,0,0,1,18,0,0,0,0,0,False,,False,False,True,False,False,False,True,True,False,False,True,False,False,False,False,False,False,False,2026-08-28 17:40:35,True,False,False,False,False,False,False,False,@edx/edx-bootstrap,openedx,0,"['https://badge.fury.io/js/%40edx%2Fedx-bootstrap: 403', 'https://openedx.slack.com/messages/C0EUBSV7D: 403', 'https://openedx.slack.com/messages/C02BMP2RD5Y: 403']",False,"['https://badge.fury.io/js/%40edx%2Fedx-bootstrap.svg', 'http://getbootstrap.com', 'https://github.com/openedx/edx-bootstrap.git', 'https://github.com/nvm-sh/nvm', 'https://github.com/openedx/edx-bootstrap/blob/master/LICENSE', 'https://open.edx.org/wp-content/uploads/2019/01/individual-contributor-agreement.pdf', 'https://github.com/openedx/.github/blob/master/CONTRIBUTING.md']",True,True,True,False,,,True,2026-04-06,2023-05-15,5,False,False,,False,,[],,False,False,False,False
openedx/edx-search,,,,,,,1,5,0.8333,7,True,2026-08-31,False,False,False,False,97,0,0,0,0,61,97,6,7,5,False,,True,False,True,False,False,True,True,True,False,True,False,True,False,True,False,True,True,False,2026-08-31 00:43:00,True,False,True,False,True,True,False,False,,openedx,2,['https://coveralls.io/github/edx/edx-search?branch=master: 403'],False,"['https://github.com/openedx/edx-search/workflows/Python%20CI/badge.svg?branch=master', 'https://github.com/openedx/edx-search/actions?query=workflow%3A%22Python+CI%22', 'https://coveralls.io/repos/edx/edx-search/badge.svg?branch=master&service=github', 'https://docs.openedx.org/en/latest/site_ops/how-tos/use_typesense_search_backend.html', 'https://github.com/typesense/typesense-python']",True,True,False,False,,,False,,,,False,True,,True,edx-search,"['3', '3.12']",https://github.com/openedx/edx-search,True,True,True,False
openedx/event-routing-backends,,,,,,,3,4,0.8824,376691,True,2026-08-31,True,True,False,False,147,0,0,0,0,64,147,12,15,8,True,,True,True,True,True,True,True,True,True,True,True,False,True,False,True,True,True,True,False,2026-08-12 05:32:12,True,True,True,False,False,True,False,False,,openedx,0,['https://openedx.slack.com/: 403'],True,"['https://github.com/openedx/event-tracking', 'https://open-edx-proposals.readthedocs.io/en/latest/oep-0026-arch-realtime-events.html', 'https://event-routing-backends.readthedocs.io/en/latest/', 'https://github.com/openedx/.github/blob/master/CONTRIBUTING.md', 'https://discuss.openedx.org', 'https://openedx.org/getting-help', 'https://openedx.org/slack', 'https://img.shields.io/pypi/v/event-routing-backends.svg', 'https://pypi.python.org/pypi/event-routing-backends/', 'https://github.com/openedx/event-routing-backends/workflows/Python%20CI/badge.svg?branch=master', 'https://github.com/openedx/event-routing-backends/actions?query=workflow%3A%22Python+CI%22', 'https://codecov.io/github/edx/event-routing-backends/coverage.svg?branch=master', 'https://codecov.io/github/edx/event-routing-backends?branch=master', 'https://readthedocs.org/projects/event-routing-backends/badge/?version=latest', 'https://img.shields.io/pypi/pyversions/event-routing-backends.svg', 'https://img.shields.io/github/license/edx/event-routing-backends.svg', 'https://github.com/openedx/event-routing-backends/blob/master/LICENSE.txt']",True,True,True,True,.readthedocs.yaml,2,False,,,,True,True,,True,edx-event-routing-backends,"['3', '3.12']",https://github.com/openedx/event-routing-backends,True,True,True,False
openedx/frontend-app-learner-record,,,,,,,4,5,0.625,5,False,2026-08-31,True,True,False,False,38,0,0,29,9,0,0,0,0,0,False,,False,False,True,False,False,True,True,True,True,False,True,False,False,False,False,False,False,False,2026-08-31 00:49:06,True,False,False,False,False,True,False,False,@edx/frontend-app-learner-record,openedx,0,"['https://en.wikipedia.org/wiki/Verifiable_credentials: 403', 'https://openedx.slack.com/: 403', 'https://open-edx-backstage.herokuapp.com/catalog/default/component/: 404', 'https://travis-ci.com/edx/frontend-app-learner-record: 404']",True,"['https://www.edx.org', 'https://github.com/openedx/frontend-plugin-framework', 'https://edx-credentials.readthedocs.io/en/latest/learner_records.html', 'https://github.com/edx/frontend-template-application/blob/master/docs/decisions/0002-feature-based-application-organization.rst', 'https://openedx.atlassian.net/wiki/spaces/FEDX/pages/2629829454/Micro+Frontend+MFE+Onboarding', 'https://discuss.openedx.org', 'https://github.com/openedx/frontend-app-learner-record/issues', 'https://openedx.org/slack', 'https://openedx.org/getting-help', 'https://openedx.org/r/how-to-contribute', 'https://openedx.org/code-of-conduct/', 'https://api.travis-ci.com/edx/frontend-app-learner-record.svg?branch=master', 'https://codecov.io/gh/edx/frontend-app-learner-record/branch/master/graph/badge.svg', 'https://codecov.io/gh/edx/frontend-app-learner-record', 'https://img.shields.io/npm/l/@edx/frontend-app-learner-record.svg', 'https://github.com/openedx/frontend-app-learner-record/blob/master/LICENSE']",True,True,True,False,,,True,2026-04-06,2024-10-28,3,False,False,,False,,[],,False,False,False,False
openedx/staff-graded-xblock,,,,,,,3,2,0.75,1265275,True,2026-08-31,True,True,False,False,99,0,0,0,0,56,99,12,16,10,False,,False,False,True,False,True,True,True,True,True,True,False,True,False,True,False,True,True,False,2026-08-31 00:25:32,True,False,True,False,True,True,True,True,,openedx,3,"['https://django-statici18n.readthedocs.io/en/latest/: 404', 'https://www.gnu.org/software/gettext/manual/html_node/PO-Files.html: HTTPSConnectionPool(host=\'www.gnu.org\', port=443): Max retries exceeded with url: /software/gettext/manual/html_node/PO-Files.html (Caused by NewConnectionError(""HTTPSConnection(host=\'www.gnu.org\', port=443): Failed to establish a new connection: [Errno 101] Network is unreachable""))']",False,"['https://docs.openedx.org/projects/xblock/en/latest/xblock-tutorial/edx_platform/edx_lms.html', 'https://docs.openedx.org/en/latest/developers/references/developer_guide/internationalization/i18n.html', 'https://github.com/openedx/i18n-tools', 'https://docs.djangoproject.com/en/1.11/topics/i18n/translation/', 'https://docs.transifex.com/integrations/django']",True,True,False,False,,,False,,,,True,True,,True,staff-graded-xblock,"['3', '3.12']",https://github.com/openedx/staff_graded-xblock,True,True,True,False
openedx/acid-block,,,,,,,2,0,0.5714,1540996,True,2026-08-31,True,True,False,False,45,0,0,0,0,14,45,4,4,3,False,,False,False,True,False,False,True,True,True,True,True,False,True,False,True,False,True,False,False,2026-08-27 22:17:00,True,False,True,False,True,True,False,True,,openedx,2,[],False,[],True,True,False,False,,,False,,,,False,True,,True,acid-xblock,"['3', '3.11', '3.12']",https://github.com/openedx/acid-block,False,False,False,False
openedx/tutor-contrib-aspects,,,,,,,14,10,0.9216,53949,True,2026-08-31,True,True,False,False,83,0,0,0,0,46,83,0,0,0,False,,False,False,True,False,False,True,True,True,True,False,False,False,True,True,True,True,False,False,2026-08-31 00:47:28,True,False,False,False,False,True,False,False,,openedx,5,"['http://minio: HTTPConnectionPool(host=\'minio\', port=80): Max retries exceeded with url: / (Caused by NameResolutionError(""HTTPConnection(host=\'minio\', port=80): Failed to resolve \'minio\' ([Errno -3] Temporary failure in name resolution)""))']",False,"['https://docs.tutor.overhang.io', 'https://clickhouse.com', 'https://superset.apache.org', 'https://openfun.github.io/ralph/', 'https://vector.dev', 'https://event-routing-backends.readthedocs.io/en/latest/', 'https://www.getdbt.com', 'https://github.com/openedx/aspects-dbt', 'https://docs.openedx.org/projects/openedx-aspects/en/latest/technical_documentation/concepts/aspects_overview.html', 'https://docs.openedx.org/projects/openedx-aspects/en/latest/technical_documentation/how-tos/02_upgrade.html', 'https://docs.tutor.overhang.io/install.html', 'https://docs.tutor.edly.io/gettingstarted/whatsnext.html', 'https://github.com/eduNEXT/tutor-contrib-pod-autoscaling', 'https://pypi.org', 'https://openedx.atlassian.net/wiki/spaces/COMM/pages/3861512203/Aspects+Beta', 'https://superset.apache.org/docs', 'https://www.getdbt.com/docs/', 'https://vector.dev/docs/', 'https://github.com/openedx/frontend-plugin-aspects', 'https://docs.openedx.org/projects/openedx-aspects/en/latest/technical_documentation/how-tos/aspects_production_configuration.html', 'https://docs.openedx.org/projects/openedx-aspects/en/latest/reference/in_context_dashboards.html']",True,True,False,False,,,False,,,,False,False,"{
        ""Code"": ""https://github.com/openedx/tutor-contrib-aspects"",
        ""Issue tracker"": ""https://github.com/openedx/tutor-contrib-aspects/issues"",
    }",True,tutor-contrib-aspects,"['3.11', '3.12']",https://github.com/openedx/tutor-contrib-aspects,False,False,False,False
openedx/openedx-app-firebase-analytics-ios,,,,,,,0,0,,,False,2026-08-31,False,False,False,False,0,0,0,0,0,0,0,0,0,0,False,,False,False,True,False,False,False,True,True,False,False,False,False,False,False,False,False,False,False,2026-07-30 14:21:50,True,False,False,False,False,False,False,False,,openedx,0,"['https://github.com/user-attachments/assets/fdd60f8b-bd61-4c3d-b97f-4b28323ec369: 403', 'https://github.com/user-attachments/assets/ef7b07a5-9fdf-4bbe-b47f-ba328a6faafb: 403']",False,"['https://github.com/openedx/openedx-app-firebase-analytics-ios', 'https://firebase.google.com/docs/ios/setup']",True,True,False,False,,,False,,,,False,False,,False,,[],,False,False,False,False
openedx/django-require,,,,,,,0,0,,,False,2026-08-31,True,True,False,False,0,0,0,0,0,0,0,0,0,0,False,,True,False,True,False,False,False,True,True,True,False,False,False,False,False,False,True,True,False,2026-05-30 14:54:07,True,False,False,False,False,False,False,False,,openedx,0,"['http://twitter.com/etianen: 520', 'http://www.google.com/profiles/david.etianen: 404']",False,"['https://img.shields.io/pypi/v/openedx-django-require.svg', 'https://pypi.python.org/project/openedx-django-require/', 'https://github.com/openedx/django-require/workflows/Python%20CI/badge.svg?branch=main', 'https://github.com/openedx/django-require/actions', 'https://codecov.io/github/openedx/django-require/coverage.svg?branch=main', 'https://codecov.io/github/openedx/django-require?branch=main', 'http://requirejs.org/', 'https://github.com/openedx/edx-platform', 'https://github.com/edx/django-require', 'https://github.com/vtemian/django-require', 'https://github.com/etianen/django-require', 'https://github.com/openedx/django-require/releases/tag/final-bsd-3c-contribution', 'https://openedx.org/r/how-to-contribute', 'https://openedx.org/code-of-conduct/', 'https://backstage.openedx.org/catalog/default/component/django-require', 'https://github.com/requirejs/almond', 'http://django-storages.readthedocs.org/en/latest/', 'https://github.com/etianen/django-require-s3', 'https://github.com/collab-project/django-require-license', 'http://github.com/etianen/django-require', 'http://groups.google.com/group/django-require', 'http://www.etianen.com/']",True,True,True,False,,,False,,,,False,False,,True,openedx-django-require,"['3.11', '3.12']",https://github.com/etianen/django-require,True,False,True,False
openedx/xblocks-core,,,,,,,8,30,0.7419,7,True,2026-08-31,True,True,False,False,0,0,0,0,0,0,0,0,0,0,False,,False,True,True,False,False,True,True,True,True,False,True,False,True,False,False,False,True,False,2026-08-31 00:10:27,True,False,False,False,False,True,False,False,,openedx,0,"['https://www.gnu.org/software/gettext/manual/html_node/PO-Files.html: HTTPSConnectionPool(host=\'www.gnu.org\', port=443): Max retries exceeded with url: /software/gettext/manual/html_node/PO-Files.html (Caused by NewConnectionError(""HTTPSConnection(host=\'www.gnu.org\', port=443): Failed to establish a new connection: [Errno 101] Network is unreachable""))']",False,"['https://github.com/openedx/xblocks-extra', 'https://github.com/openedx/edx-ora2', 'https://docs.astral.sh/uv/', 'https://docs.astral.sh/uv/getting-started/installation/', 'https://docs.openedx.org/projects/xblock/en/latest/xblock-tutorial/edx_platform/edx_lms.html', 'https://github.com/openedx/i18n-tools', 'https://docs.openedx.org/en/latest/developers/references/developer_guide/internationalization/i18n.html', 'https://github.com/openedx/openedx-translations', 'https://docs.openedx.org/en/latest/developers/concepts/oep58.html', 'https://developers.transifex.com/docs/cli', 'https://docs.djangoproject.com/en/5.2/topics/i18n/translation/']",True,True,False,True,.readthedocs.yaml,2,True,2026-04-01,,0,False,False,,False,,[],,True,True,True,False
openedx/enterprise-subsidy,,,,,,,2,0,0.8571,1530584,True,2026-08-31,True,True,False,False,178,0,0,0,0,92,178,20,28,15,False,,True,True,True,True,True,True,True,True,True,True,False,True,False,True,True,False,True,True,2026-08-27 08:25:24,True,True,True,False,False,True,False,False,,openedx,3,"['https://openedx.slack.com/: 403', 'https://open-edx-backstage.herokuapp.com/catalog/default/component/enterprise-subsidy: 404']",True,"['https://github.com/openedx/enterprise-subsidy/tree/main/docs/decisions', 'https://github.com/openedx/enterprise-subsidy/tree/main/docs/caching.rst', 'https://discuss.openedx.org', 'https://github.com/openedx/enterprise-subsidy/issues', 'https://openedx.org/slack', 'https://openedx.org/getting-help', 'https://openedx.org/r/how-to-contribute', 'https://openedx.org/code-of-conduct/', 'https://github.com/openedx/enterprise-subsidy/workflows/Python%20CI/badge.svg?branch=main', 'https://github.com/openedx/enterprise-subsidy/actions', 'https://codecov.io/github/openedx/enterprise-subsidy/coverage.svg?branch=main', 'https://codecov.io/github/openedx/enterprise-subsidy?branch=main', 'https://img.shields.io/github/license/openedx/enterprise-subsidy.svg', 'https://github.com/openedx/enterprise-subsidy/blob/main/LICENSE.txt', 'https://img.shields.io/badge/Status-Maintained-brightgreen']",True,True,True,True,.readthedocs.yaml,2,True,,,0,True,True,,False,,[],,True,True,True,False
openedx/ccx-keys,,,,,,,1,0,0.0,7,True,2026-08-31,True,True,False,False,49,0,0,0,0,6,49,3,3,2,False,,True,False,True,False,False,True,True,True,True,True,False,True,False,True,False,True,True,False,2026-08-26 00:18:50,True,True,True,False,False,True,False,False,,openedx,3,"['https://github.com/openedx/ccx-keys/actions/workflows/ci.yaml/badge.svg: 404', 'https://coveralls.io/r/edx/ccx-keys: 403']",False,"['http://code.edx.org/', 'https://github.com/edx/jenkins-job-dsl/actions/workflows/ci.yml', 'https://coveralls.io/repos/edx/ccx-keys/badge.svg', 'https://github.com/openedx/opaque-keys', 'http://opaque-keys.readthedocs.org/en/latest/', 'https://github.com/openedx/edx-platform/wiki/Opaque-Keys']",True,True,False,False,,,False,,,,False,True,,True,edx-ccx-keys,"['3', '3.12']",https://github.com/openedx/ccx-keys,False,True,True,False
openedx/openedx-app-firebase-analytics-android,,,,,,,0,0,,,False,2026-08-31,False,False,False,False,0,0,0,0,0,0,0,0,0,0,False,,False,False,True,False,False,False,True,True,False,False,False,False,False,False,False,False,False,False,2026-07-30 14:21:51,True,False,False,False,False,False,False,False,,openedx,0,[],False,['https://jitpack.io'],True,True,False,False,,,False,,,,False,False,,False,,[],,False,False,False,False
openedx/edx-django-utils,,,,,,,4,2,0.8,686827,True,2026-08-31,True,True,False,False,122,0,0,0,0,11,122,6,8,3,True,,True,False,True,False,True,True,True,True,True,True,False,True,False,True,True,True,True,True,2026-08-28 20:30:52,True,True,True,False,False,True,False,False,,openedx,3,['https://openedx.slack.com/: 403'],True,"['https://edx-django-utils.readthedocs.org', 'https://docs.openedx.org/en/latest/developers/how-tos/get-ready-for-python-dev.html', 'https://discuss.openedx.org', 'https://github.com/openedx/django-config-models/issues', 'https://openedx.org/slack', 'https://openedx.org/getting-help', 'https://github.com/openedx/.github/blob/master/CONTRIBUTING.md', 'https://github.com/openedx/edx-django-utils/blob/master/.github/PULL_REQUEST_TEMPLATE.md', 'https://github.com/openedx/edx-django-utils/blob/master/.github/ISSUE_TEMPLATE.md', 'https://openedx.org/code-of-conduct/', 'https://backstage.openedx.org/catalog/default/component/edx-django-utils', 'https://img.shields.io/pypi/v/edx-django-utils.svg', 'https://pypi.python.org/pypi/edx-django-utils/', 'https://github.com/openedx/edx-django-utils/workflows/Python%20CI/badge.svg?branch=master', 'https://github.com/openedx/edx-django-utils/actions?query=workflow%3A%22Python+CI%22', 'http://codecov.io/github/edx/edx-django-utils/coverage.svg?branch=master', 'http://codecov.io/github/edx/edx-django-utils?branch=master', 'https://readthedocs.org/projects/edx-django-utils/badge/?version=latest', 'http://edx-django-utils.readthedocs.io/en/latest/', 'https://img.shields.io/pypi/pyversions/edx-django-utils.svg', 'https://img.shields.io/github/license/edx/edx-django-utils.svg', 'https://github.com/openedx/edx-django-utils/blob/master/LICENSE.txt', 'https://img.shields.io/badge/Status-Maintained-brightgreen']",True,True,True,True,.readthedocs.yaml,2,False,,,,True,True,,True,edx-django-utils,"['3', '3.12']",https://github.com/openedx/edx-django-utils,True,True,True,False
openedx/frontend-components-tinymce-advanced-plugins,,,,,,,0,0,,,False,2026-08-31,False,False,False,False,7,0,0,1,6,0,0,0,0,0,False,,False,False,True,False,False,True,True,True,False,False,True,False,False,False,False,False,False,False,2026-05-19 11:22:23,True,False,False,False,False,True,False,False,,openedx,0,"['https://www.npmjs.com/package/frontend-components-tinymce-advanced-plugins: 403', 'https://github.com/frontend-components-tinymce-advanced-plugins/blob/master/LICENSE: 404']",False,"['https://img.shields.io/npm/v/frontend-components-tinymce-advanced-plugins.svg', 'https://img.shields.io/npm/dt/frontend-components-tinymce-advanced-plugins.svg', 'https://img.shields.io/npm/l/frontend-components-tinymce-advanced-plugins.svg']",True,True,False,False,,,True,2026-03-30,,0,False,False,,False,,[],,False,False,False,False
openedx/frontend-build,,,,,,,2,14,1.0,86,False,2026-08-31,False,False,False,False,73,0,0,70,3,0,0,0,0,0,False,,False,False,True,False,False,False,True,True,False,True,True,False,False,False,False,False,False,False,2026-08-27 21:05:31,True,False,False,False,False,False,False,False,,openedx,0,"['https://travis-ci.com/edx/frontend-build: 404', 'https://openedx.slack.com/: 403', 'https://openedx.slack.com/archives/C04BM6YC7A6: 403']",False,"['https://api.travis-ci.com/edx/frontend-build.svg?branch=master', 'https://img.shields.io/npm/v/@openedx/frontend-build.svg', 'https://img.shields.io/codecov/c/github/edx/frontend-build', 'https://codecov.io/gh/edx/frontend-build', 'https://img.shields.io/npm/l/@openedx/frontend-build.svg', 'https://github.com/edx-unsupported/frontend-base/blob/master/LICENSE', 'https://github.com/openedx/frontend-build.git', 'https://github.com/nvm-sh/nvm', 'https://github.com/openedx/devstack/tree/master/docs/decisions/0005-frontend-package-mounts.rst', 'https://webpack.js.org/configuration/resolve/', 'https://openedx.org/r/how-to-contribute', 'https://discuss.openedx.org', 'https://openedx.org/slack', 'https://github.com/openedx/frontend-build/issues', 'https://openedx.org/community/connect', 'https://developer.chrome.com/docs/lighthouse/overview/', 'https://github.com/openedx/wg-frontend/issues/138']",True,True,True,False,,,True,2026-03-27,2026-01-31,1,False,False,,False,,[],,False,False,False,False
openedx/i18n-tools,,,,,,,2,1,0.7,96,True,2026-08-31,True,True,False,False,54,0,0,0,0,8,54,2,2,1,False,,True,False,True,False,False,True,True,True,True,True,False,True,False,True,True,True,True,False,2026-08-17 21:35:47,True,False,True,False,True,True,False,True,,openedx,3,"['https://travis-ci.com/edx/i18n-tools: 404', 'https://coveralls.io/r/edx/i18n-tools: 403']",False,"['https://www.transifex.com/', 'https://www.transifex.com', 'https://github.com/openedx/edx-platform/blob/master/conf/locale/config.yaml', 'https://travis-ci.com/edx/i18n-tools.svg?branch=master', 'https://coveralls.io/repos/edx/i18n-tools/badge.png']",True,True,False,False,,,False,,,,False,True,,True,edx-i18n-tools,['3.12'],https://github.com/openedx/i18n-tools,True,True,True,False
openedx/frontend-base,,,,,,,5,56,0.8947,375,False,2026-08-31,False,False,False,False,97,0,0,81,16,0,0,0,0,0,False,,False,False,True,False,False,True,True,True,False,False,True,False,False,False,False,False,False,False,2026-08-30 15:45:33,True,False,False,False,False,False,False,False,,openedx,0,"['http://apps.local.openedx.io: HTTPConnectionPool(host=\'apps.local.openedx.io\', port=80): Max retries exceeded with url: / (Caused by NewConnectionError(""HTTPConnection(host=\'apps.local.openedx.io\', port=80): Failed to establish a new connection: [Errno 111] Connection refused""))', 'https://openedx.slack.com/archives/C04BM6YC7A6: 403']",False,"['https://open-edx-proposals.readthedocs.io/en/latest/architectural-decisions/oep-0065-arch-frontend-composability.html', 'https://github.com/openedx/frontend-build', 'https://github.com/openedx/frontend-platform', 'https://github.com/openedx/frontend-plugin-framework', 'https://github.com/openedx/frontend-component-header', 'https://github.com/openedx/frontend-component-footer', 'https://github.com/openedx/frontend-template-site/blob/main/package.json', 'https://docs.npmjs.com/cli/using-npm/workspaces', 'https://github.com/openedx/frontend-template-site', 'https://docs.openedx.org/projects/openedx-proposals/en/latest/processes/oep-0010/decisions/0002-frontend-stable-branches.html', 'https://docs.openedx.org/projects/openedx-proposals/en/latest/processes/oep-0010/decisions/0003-frontend-release-strategy.html', 'https://open-edx-proposals.readthedocs.io/en/latest/architectural-decisions/oep-0065/decisions/0001-unified-platform-repository.html', 'https://github.com/orgs/openedx/projects/65/views/1']",True,True,False,False,,,True,2026-04-21,2025-04-25,1,False,False,,False,,[],,False,False,False,False
openedx/edx-ace,,,,,,,0,0,,,True,2026-08-31,False,False,False,False,146,0,0,0,0,107,146,6,8,4,True,,True,False,True,False,True,True,True,True,False,True,False,True,False,True,True,True,True,True,2026-05-30 15:07:05,True,True,True,False,False,True,False,False,,openedx,0,"['https://openedx.slack.com/: 403', 'https://open-edx-backstage.herokuapp.com/catalog/default/component/edx-ace: 404', 'https://travis-ci.com/edx/edx-ace: 404', 'https://www.gnu.org/licenses/agpl-3.0: HTTPSConnectionPool(host=\'www.gnu.org\', port=443): Max retries exceeded with url: /licenses/agpl-3.0 (Caused by NewConnectionError(""HTTPSConnection(host=\'www.gnu.org\', port=443): Failed to establish a new connection: [Errno 101] Network is unreachable""))']",True,"['https://edx-ace.readthedocs.io/en/latest/', 'https://github.com/openedx/edx-ace/blob/master/docs/getting_started.rst', 'https://discuss.openedx.org', 'https://github.com/openedx/edx-ace/issues', 'https://openedx.org/slack', 'https://openedx.org/getting-help', 'https://openedx.org/r/how-to-contribute', 'https://github.com/openedx/edx-ace/blob/master/.github/PULL_REQUEST_TEMPLATE.md', 'https://github.com/openedx/edx-ace/blob/master/.github/ISSUE_TEMPLATE.md', 'https://openedx.org/code-of-conduct/', 'https://img.shields.io/pypi/v/edx-ace.svg', 'https://pypi.python.org/pypi/edx-ace/', 'https://travis-ci.com/edx/edx-ace.svg?branch=master', 'http://codecov.io/github/edx/edx-ace/coverage.svg?branch=master', 'http://codecov.io/github/edx/edx-ace?branch=master', 'https://readthedocs.org/projects/edx-ace/badge/?version=latest', 'http://edx-ace.readthedocs.io/en/latest/', 'https://img.shields.io/pypi/pyversions/edx-ace.svg', 'https://img.shields.io/github/license/edx/edx-ace.svg', 'https://github.com/openedx/edx-ace/blob/master/LICENSE.txt', 'https://img.shields.io/badge/License-AGPL_v3-blue.svg', 'https://github.com/openedx/edx-ace/actions/workflows/ci.yml/badge.svg', 'https://github.com/openedx/edx-ace/actions/workflows/ci.yml', 'https://github.com/openedx/edx-ace/actions/workflows/pypi-publish.yml/badge.svg', 'https://github.com/openedx/edx-ace/actions/workflows/pypi-release.yml', 'https://img.shields.io/badge/Status-Maintained-brightgreen']",True,True,True,False,,,False,,,,True,True,,True,edx-ace,"['3', '3.12']",https://github.com/openedx/edx-ace,True,True,True,False
openedx/pytest-repo-health,,,,,,,3,2,0.8889,1727584,True,2026-08-31,True,True,False,False,88,0,0,0,0,21,88,2,2,1,False,,False,False,True,False,True,True,True,True,True,True,False,True,False,True,False,True,True,False,2026-08-10 20:09:28,True,True,True,False,False,True,False,False,,openedx,0,"['https://ci.appveyor.com/api/projects/status/github/edx/pytest-repo-health?branch=master: 405', 'https://github.com/openedx/pytest-repo-health/blob/master/.github/PULL_REQUEST_TEMPLATE.md: 404', 'https://github.com/openedx/pytest-repo-health/blob/master/.github/ISSUE_TEMPLATE.md: 404', 'http://www.gnu.org/licenses/gpl-3.0.txt: HTTPConnectionPool(host=\'www.gnu.org\', port=80): Max retries exceeded with url: /licenses/gpl-3.0.txt (Caused by NewConnectionError(""HTTPConnection(host=\'www.gnu.org\', port=80): Failed to establish a new connection: [Errno 101] Network is unreachable""))', 'https://pypi.org/project: 404']",True,"['https://img.shields.io/pypi/v/pytest-repo-health.svg', 'https://pypi.org/project/pytest-repo-health', 'https://img.shields.io/pypi/pyversions/pytest-repo-health.svg', 'https://github.com/openedx/pytest-repo-health/workflows/Python%20CI/badge.svg?branch=master', 'https://github.com/openedx/pytest-repo-health/actions?query=workflow%3A%22Python+CI%22', 'https://ci.appveyor.com/project/edx/pytest-repo-health/branch/master', 'https://github.com/openedx/.github/blob/master/CONTRIBUTING.md', 'https://open.edx.org/getting-help', 'https://github.com/openedx/edx-repo-health', 'https://github.com/audreyr/cookiecutter', 'https://github.com/hackebrot', 'http://opensource.org/licenses/BSD-3-Clause', 'http://www.apache.org/licenses/LICENSE-2.0', 'https://github.com/pytest-dev/cookiecutter-pytest-plugin', 'https://github.com/openedx/pytest-repo-health/issues', 'https://github.com/pytest-dev/pytest', 'https://tox.readthedocs.io/en/latest/', 'https://pypi.org/project/pip/']",True,True,True,False,,,False,,,,False,True,,True,pytest-repo-health,"['3', '3.12']",https://github.com/edX/pytest-repo-health,True,True,True,False
openedx/tinymce-language-selector,,,,,,,2,0,1.0,,False,2026-08-31,True,True,False,False,0,0,0,0,0,0,0,0,0,0,False,,False,False,True,False,False,False,True,True,True,False,True,False,False,False,False,False,False,False,2026-07-27 14:41:00,True,False,False,False,False,False,False,False,@edx/tinymce-language-selector,openedx,0,[],False,['https://github.com/semantic-release/semantic-release'],True,True,False,False,,,True,,,0,False,False,,False,,[],,False,False,False,False
openedx/credentials-themes,,,,,,,3,4,0.8462,37775,True,2026-08-31,True,True,False,False,16,0,0,0,16,0,0,0,0,0,False,,False,False,True,False,False,True,True,True,True,True,True,False,True,False,False,False,True,True,2026-08-31 03:43:18,True,False,False,False,False,True,False,False,,openedx,0,[],False,['https://docs.Djangoproject.com/en/1.11/topics/i18n/translation/'],True,True,False,False,,,True,2026-04-10,2026-01-19,2,False,False,,False,,[],,True,False,True,False
openedx/frontend-dev-utils,,,,,,,1,1,,,False,2026-08-31,False,False,False,False,3,0,0,3,0,0,0,0,0,0,False,,False,False,True,False,False,False,True,True,False,False,True,False,False,False,False,False,False,False,2026-08-28 17:42:45,True,False,False,False,False,False,False,False,,openedx,0,[],False,"['https://github.com/openedx/frontend-base/', 'https://docs.openedx.org/projects/openedx-proposals/en/latest/processes/oep-0010/decisions/0002-frontend-stable-branches.html', 'https://docs.openedx.org/projects/openedx-proposals/en/latest/processes/oep-0010/decisions/0003-frontend-release-strategy.html']",True,True,False,False,,,False,,,,False,False,,False,,[],,False,False,False,False
openedx/edx-proctoring,,,,,,,0,1,0.8182,7,True,2026-08-31,False,False,False,False,158,0,0,0,17,73,141,16,23,11,False,,True,False,True,True,True,True,True,True,False,True,True,True,False,True,True,True,True,True,2026-07-28 15:57:04,True,True,True,True,True,True,True,True,@edx/edx-proctoring,openedx,6,"['https://open.edx.org/getting-help: 403', 'https://docs.openedx.org/en/latest/educators/concepts/proctored_exams/proctored_exams_overview.html: 404']",True,"['https://img.shields.io/pypi/v/edx-proctoring.svg', 'https://pypi.python.org/pypi/edx-proctoring/', 'https://github.com/openedx/edx-proctoring/workflows/Python%20CI/badge.svg', 'https://github.com/openedx/edx-proctoring/actions?query=workflow%3A%22Python+CI%22', 'https://codecov.io/gh/edx/edx-proctoring/branch/master/graph/badge.svg', 'https://codecov.io/gh/edx/edx-proctoring', 'https://img.shields.io/pypi/pyversions/edx-proctoring.svg', 'https://img.shields.io/github/license/edx/django-component-views.svg', 'https://github.com/openedx/edx-proctoring/blob/master/LICENSE.txt', 'https://github.com/openedx/.github/blob/master/CONTRIBUTING.md']",True,True,True,False,,,True,,,0,True,True,,True,edx-proctoring,['3.12'],https://github.com/openedx/edx-proctoring,True,True,True,False
openedx/course-discovery,,,,,,,0,5,0.9,7,True,2026-08-31,False,False,False,False,289,0,354,16,1,186,272,37,57,28,False,,True,False,True,False,False,True,True,True,False,False,True,True,False,True,False,False,True,True,2026-08-26 19:40:44,True,False,True,False,False,True,False,False,,openedx,20,"['https://github.com/openedx/course-discovery/blob/master/pytest=no-xdist.ini: 404', 'https://openedx.org/r/how-to-contribute: 403', 'https://openedx.org/code-of-conduct/: 403', 'https://openedx.org/slack: 403', 'https://openedx.slack.com/: 403', 'https://openedx.org/getting-help: 403', 'https://github.com/openedx/course-discovery/workflows/Python%20CI/badge.svg?branch=master: 404']",True,"['https://django-elasticsearch-dsl.readthedocs.io/en/latest/management.html', 'https://github.com/pytest-dev/pytest-xdist', 'https://docs.python.org/3/library/pdb.html', 'https://github.com/openedx/course-discovery/blob/master/pytest.ini', 'https://github.com/pytest-dev/pytest/issues/390', 'https://edx-discovery.readthedocs.io/en/latest/', 'https://github.com/openedx/course-discovery/tree/master/docs', 'https://github.com/openedx/course-discovery/blob/master/LICENSE', 'https://discuss.openedx.org', 'https://github.com/openedx/course-discovery/issues', 'https://github.com/openedx/devstack', 'https://github.com/openedx/course-discovery/actions?query=workflow%3A%22Python+CI%22', 'https://codecov.io/github/openedx/course-discovery/coverage.svg?branch=master', 'https://codecov.io/github/openedx/course-discovery?branch=master', 'https://img.shields.io/badge/Status-Maintained-brightgreen', 'https://img.shields.io/github/license/openedx/course-discovery.svg']",True,True,True,False,,,True,2026-04-08,2024-09-09,7,True,True,,False,,[],,True,False,True,False
openedx/xblock-skill-tagging,,,,,,,2,2,0.8571,2433585,True,2026-08-31,True,True,False,False,133,0,0,0,0,34,133,10,12,7,True,,True,True,True,True,True,True,True,True,True,False,False,True,False,True,True,True,True,False,2026-08-10 20:09:11,True,True,True,False,False,True,False,False,,openedx,0,"['http://edx.devstack.discovery: HTTPConnectionPool(host=\'edx.devstack.discovery\', port=80): Max retries exceeded with url: / (Caused by NameResolutionError(""HTTPConnection(host=\'edx.devstack.discovery\', port=80): Failed to resolve \'edx.devstack.discovery\' ([Errno -2] Name or service not known)""))', 'https://openedx.slack.com/: 403', 'https://open-edx-backstage.herokuapp.com/catalog/default/component/xblock-skill-tagging: 404', 'https://xblock-skill-tagging.readthedocs.io/en/latest/: 404']",True,"['https://user-images.githubusercontent.com/10894099/210078679-3cbac3d1-55a7-4fba-b841-7fb4468f32c5.png', 'https://user-images.githubusercontent.com/10894099/212285572-efa5cfd5-e9c5-411d-8d15-541c43445ec0.png', 'https://github.com/openedx/taxonomy-connector/blob/master/docs/decisions/0001-xblock-skill-tagging-design.rst', 'https://github.com/openedx/edx-platform', 'https://github.com/openedx/taxonomy-connector', 'https://github.com/openedx/course-discovery', 'https://github.com/openedx/xblock-skill-tagging/blob/main/skill_tagging/handlers.py', 'https://github.com/openedx/event-bus-kafka', 'https://github.com/openedx/event-bus-redis', 'https://openedx.atlassian.net/wiki/spaces/AC/pages/3508699151/How+to+start+using+the+Event+Bus', 'https://discuss.openedx.org', 'https://github.com/openedx/xblock-skill-tagging/issues', 'https://openedx.org/slack', 'https://openedx.org/getting-help', 'https://openedx.org/r/how-to-contribute', 'https://openedx.org/code-of-conduct/', 'https://img.shields.io/pypi/v/skill_tagging.svg', 'https://pypi.python.org/pypi/skill_tagging/', 'https://github.com/openedx/xblock-skill-tagging/workflows/Python%20CI/badge.svg?branch=main', 'https://github.com/openedx/xblock-skill-tagging/actions', 'https://codecov.io/github/openedx/xblock-skill-tagging/coverage.svg?branch=main', 'https://codecov.io/github/openedx/xblock-skill-tagging?branch=main', 'https://readthedocs.org/projects/xblock-skill-tagging/badge/?version=latest', 'https://img.shields.io/pypi/pyversions/skill_tagging.svg', 'https://img.shields.io/github/license/openedx/xblock-skill-tagging.svg', 'https://github.com/openedx/xblock-skill-tagging/blob/main/LICENSE.txt', 'https://img.shields.io/badge/Status-Experimental-yellow', 'https://img.shields.io/badge/Status-Maintained-brightgreen', 'https://img.shields.io/badge/Status-Deprecated-orange', 'https://img.shields.io/badge/Status-Unsupported-red']",True,True,True,True,.readthedocs.yaml,2,False,,,,True,True,,True,skill_tagging,"['3', '3.12']",https://github.com/openedx/xblock-skill-tagging,True,True,True,False
openedx/api-doc-tools,,,,,,,2,3,0.5909,1269730,True,2026-08-31,True,True,False,False,107,0,0,0,0,11,107,5,6,2,True,,True,True,True,False,True,True,True,True,True,True,False,True,False,True,True,True,True,True,2026-08-27 06:25:30,True,True,True,False,False,True,False,False,,openedx,3,[],True,"['https://www.django-rest-framework.org/', 'https://github.com/axnsan12/drf-yasg', 'https://swagger.io/docs/specification/about/', 'https://open.edx.org/', 'https://github.com/openedx/.github/blob/master/CONTRIBUTING.md', 'https://open.edx.org/getting-help', 'https://img.shields.io/pypi/v/edx-api-doc-tools.svg', 'https://pypi.python.org/pypi/edx-api-doc-tools/', 'https://github.com/openedx/api-doc-tools/workflows/Python%20CI/badge.svg?branch=master', 'https://github.com/openedx/api-doc-tools/actions?query=workflow%3A%22Python+CI%22', 'http://codecov.io/github/edx/api-doc-tools/coverage.svg?branch=master', 'http://codecov.io/github/edx/api-doc-tools?branch=master', 'https://readthedocs.org/projects/edx-api-doc-tools/badge/?version=latest', 'http://edx-api-doc-tools.readthedocs.io/en/latest/', 'https://img.shields.io/pypi/pyversions/edx-api-doc-tools.svg', 'https://img.shields.io/github/license/edx/api-doc-tools.svg', 'https://github.com/openedx/api-doc-tools/blob/master/LICENSE.txt']",True,True,True,False,,,False,,,,True,True,,True,edx-api-doc-tools,"['3', '3.12']",https://github.com/openedx/api-doc-tools,True,True,True,False
openedx/edx-enterprise,,,,,,,13,75,0.7679,878,True,2026-08-31,True,True,False,True,259,0,0,2,10,211,247,22,32,16,True,,True,False,True,True,True,True,True,True,True,False,True,True,False,True,True,True,True,True,2026-08-28 13:06:19,True,True,True,False,False,True,False,False,,openedx,4,"['https://github.com/openedx/edx-enterprise/blob/master/LICENSE.txt: 404', 'https://github.com/openedx/edx-enterprise/blob/master/.github/PULL_REQUEST_TEMPLATE_TEMPLATE.md: 404']",True,"['https://img.shields.io/pypi/v/edx-enterprise.svg', 'https://pypi.python.org/pypi/edx-enterprise/', 'http://codecov.io/github/edx/edx-enterprise/coverage.svg?branch=master', 'http://codecov.io/github/edx/edx-enterprise?branch=master', 'https://readthedocs.org/projects/open-edx-enterprise-service-documentation/badge/?version=latest', 'http://open-edx-enterprise-service-documentation.readthedocs.io/en/latest/', 'https://img.shields.io/pypi/pyversions/edx-enterprise.svg', 'https://img.shields.io/github/license/edx/edx-enterprise.svg', 'https://github.com/openedx/.github/blob/master/CONTRIBUTING.md', 'https://openedx.org/getting-help']",True,True,True,True,.readthedocs.yaml,2,True,,,0,True,True,,True,edx-enterprise,"['3', '3.12']",https://github.com/openedx/edx-enterprise,True,True,True,False
openedx/forum,,,,,,,2,12,0.5556,49511,True,2026-08-31,False,False,False,False,0,0,0,0,0,0,0,0,0,0,False,,False,True,True,True,False,True,True,True,False,False,False,True,True,False,False,False,True,False,2026-08-13 19:07:30,True,False,False,False,False,True,False,False,,openedx,0,"['https://docs.openedx.org/projects/forum/how-tos/how-to-deploy-this-component.html: 404', 'https://docs.openedx.org/projects/forum: 404', 'https://openedx.slack.com/: 403']",True,"['https://openedx.org', 'https://github.com/openedx/frontend-app-discussions', 'https://github.com/openedx/cs_comments_service', 'https://discuss.openedx.org/t/axim-funded-contribution-proposal-forum-rewrite-from-ruby-mongodb-to-python-mysql/12788', 'https://github.com/overhangio/tutor-forum', 'https://docs.tutor.edly.io/', 'https://docs.tutor.edly.io/tutorials/main.html', 'https://openedx.atlassian.net/wiki/spaces/DOC/pages/21627535/Publish+Documentation+on+Read+the+Docs', 'https://discuss.openedx.org', 'https://github.com/openedx/forum/issues', 'https://openedx.org/getting-help', 'https://openedx.org/slack', 'https://openedx.org/r/how-to-contribute', 'https://openedx.org/code-of-conduct/', 'https://backstage.openedx.org/catalog/default/component/forum', 'https://github.com/openedx/forum/actions/workflows/ci.yml/badge.svg', 'https://github.com/openedx/forum/actions/workflows/ci.yml', 'https://img.shields.io/github/license/openedx/forum.svg', 'https://github.com/openedx/forum/blob/master/LICENSE.txt', 'https://img.shields.io/badge/Status-Maintained-brightgreen']",True,True,True,True,.readthedocs.yaml,2,False,,,,False,False,,False,,[],,True,True,True,False
openedx/end-to-end-tests,,,,,,,4,0,0.6667,127172,False,2026-08-31,False,False,False,False,13,0,0,3,10,0,0,0,0,0,False,,False,True,True,False,False,False,True,True,False,False,True,False,False,False,False,False,False,False,2026-08-28 18:33:12,True,False,False,False,False,False,False,False,,openedx,0,"['http://local.openedx.io: HTTPConnectionPool(host=\'local.openedx.io\', port=80): Max retries exceeded with url: / (Caused by NewConnectionError(""HTTPConnection(host=\'local.openedx.io\', port=80): Failed to establish a new connection: [Errno 111] Connection refused""))', 'http://apps.local.openedx.io: HTTPConnectionPool(host=\'apps.local.openedx.io\', port=80): Max retries exceeded with url: / (Caused by NewConnectionError(""HTTPConnection(host=\'apps.local.openedx.io\', port=80): Failed to establish a new connection: [Errno 111] Connection refused""))', 'https://courses.example.com: HTTPSConnectionPool(host=\'courses.example.com\', port=443): Max retries exceeded with url: / (Caused by NameResolutionError(""HTTPSConnection(host=\'courses.example.com\', port=443): Failed to resolve \'courses.example.com\' ([Errno -5] No address associated with hostname)""))', 'https://apps.example.com: HTTPSConnectionPool(host=\'apps.example.com\', port=443): Max retries exceeded with url: / (Caused by NameResolutionError(""HTTPSConnection(host=\'apps.example.com\', port=443): Failed to resolve \'apps.example.com\' ([Errno -5] No address associated with hostname)""))']",False,"['https://playwright.dev/', 'https://github.com/nvm-sh/nvm', 'https://github.com/openedx/end-to-end-tests/issues/10']",True,True,False,False,,,False,,,,False,False,,False,,[],,False,False,False,False
openedx/frontend-app-ora-grading,,,,,,,1,5,1.0,98340,False,2026-08-31,False,False,False,False,60,0,0,47,13,0,0,0,0,0,False,,False,False,True,False,False,True,True,True,False,False,True,False,False,False,False,False,False,False,2026-08-18 16:15:42,True,False,False,False,False,True,False,False,@edx/frontend-app-ora-grading,openedx,0,"['https://openedx.slack.com/: 403', 'https://openedx.slack.com/archives/C04BM6YC7A6: 403', 'https://open-edx-backstage.herokuapp.com/catalog/default/component/frontend-app-ora-grading: 404']",False,"['https://github.com/openedx/edx-platform/tree/master/lms/djangoapps/ora_staff_grader', 'https://github.com/overhangio/tutor', 'https://github.com/overhangio/tutor-mfe?tab=readme-ov-file', 'https://github.com/openedx/frontend-plugin-framework', 'https://github.com/nvm-sh/nvm', 'https://openedx.github.io/frontend-platform/', 'https://github.com/openedx/frontend-platform/blob/master/docs/how_tos/i18n.rst', 'https://discuss.openedx.org', 'https://github.com/openedx/frontend-app-ora-grading/issues', 'https://openedx.org/slack', 'https://openedx.org/community/connect', 'https://openedx.org/r/how-to-contribute', 'https://openedx.org/code-of-conduct/', 'https://img.shields.io/github/license/openedx/frontend-app-ora-grading.svg', 'https://github.com/openedx/frontend-app-ora-grading/blob/master/LICENSE', 'https://img.shields.io/badge/Status-Maintained-brightgreen', 'https://github.com/openedx/frontend-app-ora-grading/actions/workflows/ci.yml/badge.svg', 'https://github.com/openedx/frontend-app-ora-grading/actions/workflows/ci.yml', 'https://codecov.io/github/openedx/frontend-app-ora-grading/coverage.svg?branch=master', 'https://codecov.io/github/openedx/frontend-app-ora-grading?branch=master']",True,True,True,False,,,True,2026-04-02,2025-04-09,5,False,False,,False,,[],,False,False,False,False
openedx/openedx-demo-course,,,,,,,1,1,1.0,26355,False,2026-08-31,True,True,False,False,0,0,0,0,0,0,0,0,0,0,False,,False,False,True,False,False,True,True,True,True,False,False,False,False,False,False,False,False,False,2026-07-30 14:21:15,True,False,False,False,False,False,False,False,,openedx,0,[],False,"['https://apps.training.openedx.io/catalog/courses/course-v1', 'https://training.openedx.io', 'http://creativecommons.org/licenses/by-nc-sa/3.0/us/']",True,True,False,False,,,False,,,,False,False,,False,,[],,False,False,False,False
openedx/xblock-sdk,,,,,,,5,4,0.9333,107598,True,2026-08-31,True,True,False,False,0,0,0,0,0,0,0,0,0,0,True,,False,False,True,False,True,True,True,True,True,True,False,True,True,False,False,False,True,False,2026-08-30 00:17:22,True,False,True,False,False,True,False,False,,openedx,0,"['http://docs.seleniumhq.org/: HTTPConnectionPool(host=\'docs.seleniumhq.org\', port=80): Max retries exceeded with url: / (Caused by NameResolutionError(""HTTPConnection(host=\'docs.seleniumhq.org\', port=80): Failed to resolve \'docs.seleniumhq.org\' ([Errno -2] Name or service not known)""))', 'https://openedx.org/slack: 403', 'https://openedx.slack.com/: 403', 'https://openedx.org/getting-help: 403', 'https://openedx.org/r/how-to-contribute: 403', 'https://openedx.org/code-of-conduct/: 403', 'https://docs.openedx.org/projects/xblock-sdk: 404', 'https://github.com/openedx/xblock-sdk/blob/main/LICENSE.txt: 404', 'https://github.com/openedx/xblock-sdk/blob/master/sample_xblocks/README.rst: 404']",True,"['https://docs.djangoproject.com/en/1.11/topics/testing/tools/', 'http://coverage.readthedocs.org/', 'https://docs.openedx.org/projects/xblock/en/latest/xblock-tutorial/sdk/get_started_sdk.html', 'https://discuss.openedx.org', 'https://github.com/openedx/xblock-sdk/issues', 'https://backstage.openedx.org/catalog/default/component/xblock-sdk', 'https://img.shields.io/pypi/v/xblock-sdk.svg', 'https://pypi.python.org/pypi/xblock-sdk/', 'https://github.com/openedx/xblock-sdk/workflows/Python%20CI/badge.svg?branch=main', 'https://github.com/openedx/xblock-sdk/actions', 'https://codecov.io/github/openedx/xblock-sdk/coverage.svg?branch=main', 'https://codecov.io/github/openedx/xblock-sdk?branch=main', 'https://readthedocs.org/projects/xblock-sdk/badge/?version=latest', 'https://img.shields.io/pypi/pyversions/xblock-sdk.svg', 'https://img.shields.io/github/license/openedx/xblock-sdk.svg', 'https://img.shields.io/badge/Status-Maintained-brightgreen', 'https://docs.openedx.org/projects/xblock/en/latest/xblock-tutorial/index.html', 'https://openedx.atlassian.net/wiki/display/OPEN/XBlock+review+guidelines', 'https://openedx.atlassian.net/wiki/spaces/COMM/pages/43385346/XBlocks+Directory']",True,True,True,False,,,False,,,,False,False,,False,,[],,True,True,True,False
openedx/enterprise-integrated-channels,,,,,,,11,51,0.7273,5358,True,2026-08-31,False,False,False,False,172,0,0,0,0,70,172,16,21,11,True,,True,True,True,True,True,True,True,True,False,False,False,True,False,True,True,True,True,False,2026-08-28 03:07:58,True,True,True,False,False,True,False,False,,openedx,4,"['https://openedx.slack.com/: 403', 'https://docs.openedx.org/projects/enterprise-integrated-channels: 404']",True,"['https://docs.openedx.org/en/latest/developers/how-tos/get-ready-for-python-dev.html', 'https://github.com/openedx/enterprise-integrated-channels/blob/main/channel_integrations/README.md', 'https://discuss.openedx.org', 'https://github.com/openedx/enterprise-integrated-channels/issues', 'https://openedx.org/getting-help', 'https://openedx.org/slack', 'https://openedx.org/r/how-to-contribute', 'https://openedx.org/code-of-conduct/', 'https://backstage.openedx.org/catalog/default/component/enterprise-integrated-channels', 'https://img.shields.io/pypi/v/enterprise-integrated-channels.svg', 'https://pypi.python.org/pypi/enterprise-integrated-channels/', 'https://github.com/openedx/enterprise-integrated-channels/workflows/Python%20CI/badge.svg?branch=main', 'https://github.com/openedx/enterprise-integrated-channels/actions', 'https://codecov.io/github/openedx/enterprise-integrated-channels/coverage.svg?branch=main', 'https://codecov.io/github/openedx/enterprise-integrated-channels?branch=main', 'https://readthedocs.org/projects/enterprise-integrated-channels/badge/?version=latest', 'https://img.shields.io/pypi/pyversions/enterprise-integrated-channels.svg', 'https://img.shields.io/github/license/openedx/enterprise-integrated-channels.svg', 'https://github.com/openedx/enterprise-integrated-channels/blob/main/LICENSE.txt', 'https://img.shields.io/badge/Status-Experimental-yellow', 'https://img.shields.io/badge/Status-Maintained-brightgreen', 'https://img.shields.io/badge/Status-Deprecated-orange', 'https://img.shields.io/badge/Status-Unsupported-red']",True,True,True,True,.readthedocs.yaml,2,False,,,,True,True,,False,enterprise-integrated-channels,"['3', '3.11']",https://github.com/openedx/enterprise-integrated-channels,True,True,True,False
openedx/edx-bulk-grades,,,,,,,0,1,,,True,2026-08-31,False,False,False,False,132,0,0,0,0,43,132,10,13,7,True,,True,False,True,True,True,True,True,True,False,True,False,True,False,True,True,True,True,True,2026-05-30 15:07:20,True,True,True,False,False,True,False,False,,openedx,2,"['https://travis-ci.com/edx/edx-bulk-grades: 404', 'http://edx-bulk-grades.readthedocs.io/en/latest/: 404']",True,"['https://github.com/openedx/devstack', 'https://github.com/openedx/.github/blob/master/CONTRIBUTING.md', 'https://github.com/openedx/edx-bulk-grades/blob/master/.github/PULL_REQUEST_TEMPLATE.md', 'https://github.com/openedx/edx-bulk-grades/blob/master/.github/ISSUE_TEMPLATE.md', 'https://open.edx.org/getting-help', 'https://img.shields.io/pypi/v/edx-bulk-grades.svg', 'https://pypi.python.org/pypi/edx-bulk-grades/', 'https://travis-ci.com/edx/edx-bulk-grades.svg?branch=master', 'http://codecov.io/github/edx/edx-bulk-grades/coverage.svg?branch=master', 'http://codecov.io/github/edx/edx-bulk-grades?branch=master', 'https://readthedocs.org/projects/edx-bulk-grades/badge/?version=latest', 'https://img.shields.io/pypi/pyversions/edx-bulk-grades.svg', 'https://img.shields.io/github/license/edx/edx-bulk-grades.svg', 'https://github.com/openedx/edx-bulk-grades/blob/master/LICENSE.txt']",True,True,True,False,,,False,,,,True,True,,True,edx-bulk-grades,"['3', '3.12']",https://github.com/openedx/edx-bulk-grades,True,True,True,False
openedx/openedx-app-foundation-ios,,,,,,,0,6,,,False,2026-08-31,False,False,False,False,0,0,0,0,0,0,0,0,0,0,False,,False,False,True,False,False,False,True,True,False,False,False,False,False,False,False,False,False,False,2026-07-30 14:21:48,True,False,False,False,False,False,False,False,,openedx,0,[],False,['https://github.com/openedx/openedx-app-foundation-ios.git'],True,True,False,False,,,False,,,,False,False,,False,,[],,False,False,False,False
openedx/openedx-platform,,,,,,,53,6,0.53,8,True,2026-08-31,True,True,False,False,599,0,0,64,24,316,511,63,81,53,False,,False,True,True,True,True,True,True,True,True,False,True,True,True,True,False,False,True,False,2026-08-29 04:52:42,True,False,False,False,False,False,False,False,,openedx,0,"['https://www.gnu.org/licenses/agpl-3.0: 403', 'https://openedx.org/get-started/: 403', 'https://openedx.org/slack: 403', 'http://openedx.slack.com/: 403', 'https://openedx.org/getting-help: 403', 'https://openedx.org/cla: 403', 'https://openedx.org/code-of-conduct/: 403']",True,"['https://img.shields.io/badge/License-AGPL_v3-blue.svg', 'https://github.com/openedx/openedx-platform/actions/workflows/unit-tests.yml/badge.svg', 'https://github.com/openedx/openedx-platform/actions/workflows/unit-tests.yml', 'https://img.shields.io/badge/status-maintained-31c653', 'https://openedx.org', 'https://docs.openedx.org/projects/edx-platform', 'https://github.com/openedx/codejail?tab=readme-ov-file', 'https://github.com/overhangio/tutor', 'https://docs.openedx.org/en/latest/site_ops/index.html', 'https://docs.tutor.edly.io/dev.html', 'https://github.com/openedx/frontend-app-learner-dashboard', 'https://github.com/openedx/frontend-app-learning/', 'https://github.com/openedx/frontend-app-authoring/', 'https://github.com/openedx/openedx-platform/blob/master/LICENSE', 'https://discuss.openedx.org', 'https://github.com/openedx/openedx-platform/issues', 'https://github.com/openedx/openedx-platform/issues/new/choose', 'https://github.com/openedx/.github/blob/master/CONTRIBUTING.md', 'https://github.com/openedx/.github/blob/master/AI_POLICY.md', 'https://backstage.openedx.org/catalog/default/component/openedx-platform']",True,True,True,True,.readthedocs.yaml,2,True,2026-05-07,2026-05-04,11,False,False,,False,,[],,True,False,True,False
openedx/frontend-app-authoring,,,,,,,23,6,0.68,7,False,2026-08-31,True,True,False,False,89,0,0,71,18,0,0,0,0,0,False,,False,False,True,False,False,True,True,True,True,False,True,False,False,False,False,False,False,False,2026-08-31 01:34:16,True,False,False,False,False,False,False,False,@edx/frontend-app-authoring,openedx,0,"['http://apps.local.openedx.io: HTTPConnectionPool(host=\'apps.local.openedx.io\', port=80): Max retries exceeded with url: / (Caused by NewConnectionError(""HTTPConnection(host=\'apps.local.openedx.io\', port=80): Failed to establish a new connection: [Errno 111] Connection refused""))', 'https://travis-ci.com/edx/frontend-app-course-authoring: 404', 'https://openedx.slack.com/: 403', 'https://openedx.slack.com/archives/C04BM6YC7A6: 403', 'https://open-edx-backstage.herokuapp.com/catalog/default/component/frontend-app-course-authoring: 404']",False,"['https://github.com/openedx/edx-platform/tree/master/cms', 'https://github.com/overhangio/tutor', 'https://github.com/overhangio/tutor-mfe', 'https://github.com/openedx/frontend-app-authoring.git', 'https://github.com/nvm-sh/nvm', 'https://discuss.openedx.org/t/repo-rename-frontend-app-course-authoring-frontend-app-authoring/13930/2', 'https://github.com/openedx/frontend-app-learning', 'https://github.com/openedx/frontend-app-discussions/', 'https://github.com/edx/edx-exams', 'https://github.com/open-craft/tutor-contrib-meilisearch', 'https://docs.tutor.edly.io/', 'https://github.com/overhangio/tutor-mfe?tab=readme-ov-file', 'https://github.com/Automattic/node-canvas/issues/1733', 'https://api.travis-ci.com/edx/frontend-app-course-authoring.svg?branch=master', 'https://codecov.io/gh/edx/frontend-app-course-authoring/branch/master/graph/badge.svg', 'https://codecov.io/gh/edx/frontend-app-course-authoring', 'https://img.shields.io/npm/l/@edx/frontend-app-authoring.svg', 'https://github.com/openedx/frontend-platform/blob/master/docs/how_tos/i18n.rst', 'https://discuss.openedx.org', 'https://github.com/openedx/frontend-app-course-authoring/issues', 'https://openedx.org/slack', 'https://openedx.org/community/connect', 'https://openedx.org/r/how-to-contribute', 'https://github.com/openedx/.github/blob/master/AI_POLICY.md', 'https://openedx.org/code-of-conduct/', 'https://img.shields.io/github/license/openedx/frontend-app-course-authoring.svg', 'https://github.com/openedx/frontend-app-course-authoring/blob/master/LICENSE', 'https://img.shields.io/badge/Status-Maintained-brightgreen', 'https://codecov.io/github/openedx/frontend-app-course-authoring/coverage.svg?branch=master', 'https://codecov.io/github/openedx/frontend-app-course-authoring?branch=master']",True,True,True,False,,,True,2026-08-13,2025-04-07,6,False,False,,False,,[],,False,False,False,False
openedx/openedx-core,,,,,,,11,35,0.8936,8,True,2026-08-31,True,True,False,False,155,0,0,0,0,52,155,10,15,7,True,3.12,True,True,True,True,False,True,True,True,True,False,False,True,False,True,True,True,True,False,2026-08-31 00:49:17,True,False,True,False,False,True,False,False,,openedx,0,"['https://open-edx-proposals.readthedocs.io/en/latest/architectural-decisions/oep-0049-django-app-patterns.html: 404', 'https://openedx.slack.com/: 403']",True,"['https://2021.djangocon.us/talks/scaling-django-to-500-apps/', 'https://www.youtube.com/watch?v=yG3ZdxBb1oo', 'https://discuss.openedx.org', 'https://openedx.org/slack', 'https://openedx.org/getting-help', 'https://img.shields.io/pypi/v/openedx-core.svg', 'https://pypi.python.org/pypi/openedx-core/', 'https://github.com/openedx/openedx-core/workflows/Python%20CI/badge.svg?branch=master', 'https://github.com/openedx/openedx-core/actions', 'https://codecov.io/github/edx/openedx-core/coverage.svg?branch=master', 'https://codecov.io/github/edx/openedx-core?branch=master', 'https://readthedocs.org/projects/openedx-core/badge/?version=latest', 'https://openedx-core.readthedocs.io/en/latest/', 'https://img.shields.io/pypi/pyversions/openedx-core.svg', 'https://img.shields.io/github/license/edx/openedx-core.svg', 'https://github.com/openedx/openedx-core/blob/master/LICENSE.txt']",True,True,True,True,.readthedocs.yml,2,False,,,,True,True,,True,openedx-core,"['3', '3.12']",https://github.com/openedx/openedx-core,True,True,True,False
openedx/super-csv,,,,,,,3,1,1.0,413530,True,2026-08-31,True,True,False,False,134,0,0,0,0,32,134,8,11,5,True,,True,False,True,True,True,True,True,True,True,True,False,True,False,True,True,True,True,True,2026-08-17 23:41:57,True,True,True,False,False,True,False,False,,openedx,6,['http://super-csv.readthedocs.io/en/latest/: 404'],True,"['https://github.com/openedx/super-csv/blob/master/super_csv/csv_processor.py', 'https://github.com/openedx/devstack', 'https://github.com/openedx/.github/blob/master/CONTRIBUTING.md', 'https://github.com/openedx/super-csv/blob/master/.github/PULL_REQUEST_TEMPLATE.md', 'https://github.com/openedx/super-csv/blob/master/.github/ISSUE_TEMPLATE.md', 'https://open.edx.org/getting-help', 'https://img.shields.io/pypi/v/super-csv.svg', 'https://pypi.python.org/pypi/super-csv/', 'https://github.com/openedx/super-csv/workflows/Python%20CI/badge.svg?branch=master', 'https://github.com/openedx/super-csv/actions?query=workflow%3A%22Python+CI%22', 'http://codecov.io/github/edx/super-csv/coverage.svg?branch=master', 'http://codecov.io/github/edx/super-csv?branch=master', 'https://readthedocs.org/projects/super-csv/badge/?version=latest', 'https://img.shields.io/pypi/pyversions/super-csv.svg', 'https://img.shields.io/github/license/edx/super-csv.svg', 'https://github.com/openedx/super-csv/blob/master/LICENSE.txt']",True,True,True,False,,,False,,,,True,True,,True,super-csv,"['3', '3.12']",https://github.com/openedx/super-csv,True,True,True,False
openedx/frontend-app-notifications,,,,,,,2,17,1.0,2,False,2026-08-31,False,False,False,False,22,0,0,10,12,0,0,0,0,0,False,,False,False,True,False,False,True,True,True,False,False,True,False,False,False,False,False,False,False,2026-08-31 00:26:11,True,False,False,False,False,False,False,False,,openedx,0,[],False,"['https://img.shields.io/badge/license-AGPL-informational', 'https://github.com/openedx/frontend-app-notifications/blob/main/LICENSE', 'https://img.shields.io/badge/Status-Maintained-brightgreen', 'https://github.com/openedx/frontend-app-notifications/actions/workflows/ci.yml/badge.svg', 'https://github.com/openedx/frontend-app-notifications/actions/workflows/ci.yml', 'https://codecov.io/github/openedx/frontend-app-notifications/coverage.svg?branch=main', 'https://codecov.io/github/openedx/frontend-app-notifications?branch=main', 'https://github.com/openedx/frontend-base', 'https://docs.openedx.org/projects/openedx-proposals/en/latest/processes/oep-0010/decisions/0002-frontend-stable-branches.html']",True,True,True,False,,,True,2026-04-10,,0,False,False,,False,,[],,False,False,False,False
openedx/openedx-tutor-plugins,,,,,,,3,0,1.0,1562398,False,2026-08-31,True,True,False,False,0,0,0,0,0,0,0,0,0,0,False,,False,False,True,False,False,False,True,True,True,False,False,False,False,False,False,False,False,False,2026-08-10 20:13:31,True,False,False,False,False,False,False,False,,openedx,0,"['https://openedx.slack.com/: 403', 'https://openedx.slack.com/archives/CGE253B7V: 403', 'https://open-edx-backstage.herokuapp.com/catalog/default/component/openedx-tutor-plugins: 404']",True,"['https://img.shields.io/github/license/openedx/openedx-tutor-plugins.svg', 'https://github.com/openedx/openedx-tutor-plugins/blob/main/LICENSE', 'https://img.shields.io/badge/Status-Maintained-brightgreen', 'https://docs.tutor.overhang.io/install.html', 'https://github.com/overhangio/cookiecutter-tutor-plugin', 'https://discuss.openedx.org', 'https://github.com/openedx/openedx-tutor-plugins/issues', 'https://openedx.org/slack', 'https://openedx.org/getting-help', 'https://openedx.org/r/how-to-contribute', 'https://openedx.org/code-of-conduct/']",True,True,True,False,,,False,,,,False,False,,False,,[],,False,False,False,False
openedx/license-manager,,,,,,,3,5,0.7692,130034,True,2026-08-31,True,True,False,False,0,0,0,0,0,0,0,0,0,0,True,,False,True,True,True,False,True,True,True,True,False,False,True,True,False,False,False,True,True,2026-08-31 02:18:18,True,False,True,False,False,True,False,False,,openedx,0,"['http://license-manager.readthedocs.io/en/latest/: 404', 'https://license-manager.readthedocs.io/en/latest/: 404', 'https://github.com/openedx/license-manager/blob/master/LICENSE: 404', 'https://openedx.slack.com/messages/general/: 403']",False,"['http://codecov.io/github/edx/license-manager/coverage.svg?branch=master', 'http://codecov.io/github/edx/license-manager?branch=master', 'https://github.com/openedx/devstack', 'https://github.com/openedx/license-manager/blob/master/docs/getting_started.rst', 'https://readthedocs.org/projects/license-manager/badge/?version=latest', 'https://github.com/openedx/license-manager/tree/master/docs', 'https://github.com/openedx/.github/blob/master/CONTRIBUTING.md', 'https://groups.google.com/forum/']",True,False,True,False,,,False,,,,False,False,,False,,[],,True,True,True,False
openedx/edx-rbac,,,,,,,2,2,0.6923,1828676,True,2026-08-31,True,True,False,False,107,0,0,0,0,30,107,10,13,7,True,,False,False,True,True,True,True,True,True,True,True,False,True,False,True,True,True,True,False,2026-08-17 21:36:58,True,True,True,False,False,True,False,False,,openedx,4,"['https://github.com/openedx/edx-rbac/blob/master/.github/PULL_REQUEST_TEMPLATE.md: 404', 'https://github.com/openedx/edx-rbac/blob/master/.github/ISSUE_TEMPLATE.md: 404', 'http://edx-rbac.readthedocs.io/en/latest/: 404']",True,"['https://github.com/openedx/edx-rbac/blob/master/docs/getting_started.rst', 'https://github.com/openedx/edx-rbac/blob/master/docs/how_to_guide.rst', 'https://github.com/openedx/.github/blob/master/CONTRIBUTING.md', 'https://open.edx.org/getting-help', 'https://img.shields.io/pypi/v/edx-rbac.svg', 'https://pypi.python.org/pypi/edx-rbac/', 'https://github.com/openedx/edx-rbac/workflows/Python%20CI/badge.svg?branch=master', 'https://github.com/openedx/edx-rbac/actions?query=workflow%3A%22Python+CI%22', 'http://codecov.io/github/edx/edx-rbac/coverage.svg?branch=master', 'http://codecov.io/github/edx/edx-rbac?branch=master', 'https://readthedocs.org/projects/edx-rbac/badge/?version=latest', 'https://img.shields.io/pypi/pyversions/edx-rbac.svg', 'https://img.shields.io/github/license/edx/edx-rbac.svg', 'https://github.com/openedx/edx-rbac/blob/master/LICENSE.txt']",True,True,True,False,,,False,,,,True,True,,True,edx-rbac,"['3', '3.12']",https://github.com/openedx/edx-rbac,True,True,True,False
openedx/brand-openedx,,,,,,,2,7,1.0,1822495,False,2026-08-31,True,True,False,False,2,0,0,0,2,0,0,0,0,0,False,,False,False,True,False,False,True,True,True,True,False,True,False,False,False,False,False,False,False,2026-08-17 12:46:20,True,False,False,False,False,False,False,False,,openedx,0,[],False,"['https://github.com/edx/brand', 'https://docs.openedx.org/projects/openedx-proposals/en/latest/architectural-decisions/oep-0048-brand-customization.html', 'https://styledictionary.com/']",True,True,False,False,,,True,,,0,False,False,,False,,[],,False,False,False,False
openedx/repo-tools,,,,,,,9,7,0.8,207350,True,2026-08-31,True,True,False,True,0,0,0,0,0,0,0,0,0,0,False,,False,True,True,False,False,True,True,True,True,False,False,True,True,True,False,False,False,False,2026-08-27 14:12:38,True,False,False,False,False,True,False,False,,openedx,4,[],False,"['https://github.com/settings/tokens', 'https://docs.astral.sh/uv/', 'https://astral.sh/uv/install.sh', 'https://github.com/openedx/repo-tools/blob/7aa8bda466d1925c56d4ad6e3b2bdd87b1f83148/README.md']",True,True,False,False,,,False,,,,False,False,,False,,[],,False,False,False,False
openedx/platform-roadmap,,,,,,,0,0,,,False,2026-08-31,True,True,False,False,0,0,0,0,0,0,0,0,0,0,False,,False,False,False,False,False,False,True,True,True,False,False,False,False,False,False,False,False,False,2025-10-30 15:11:06,True,False,False,False,False,False,False,False,,openedx,0,[],False,['https://github.com/orgs/openedx/projects/4/views/1'],True,True,False,False,,,False,,,,False,False,,False,,[],,False,False,False,False
openedx/edx-notes-api,,,,,,,5,5,0.963,30407,True,2026-08-31,True,True,False,False,103,0,0,0,0,57,103,11,16,7,False,,True,False,True,True,False,True,True,True,True,False,False,True,False,True,False,False,True,False,2026-08-31 00:25:14,True,False,True,False,False,True,False,False,,openedx,5,['http://annotatorjs.org/: 403'],False,"['https://www.elastic.co/downloads/past-releases/elasticsearch-7-13-4', 'https://django-elasticsearch-dsl.readthedocs.io/', 'https://django-elasticsearch-dsl.readthedocs.io/en/latest/management.html', 'https://openedx.atlassian.net/wiki/spaces/COMM/pages/941457737/How+to+Start+Contributing+Code', 'https://groups.google.com/g/edx-code', 'https://github.com/openedx/edx-notes-api/actions/workflows/ci.yml/badge.svg', 'https://github.com/openedx/edx-notes-api/actions/workflows/ci.yml']",True,True,True,False,,,False,,,,True,True,,False,,[],,True,True,True,False
openedx/edx-milestones,,,,,,,2,1,1.0,118,True,2026-08-31,True,True,False,False,55,0,0,0,0,11,55,4,5,2,False,,True,False,True,False,False,True,True,True,True,True,False,True,False,True,True,True,True,False,2026-08-17 12:40:24,True,True,True,False,False,True,False,False,,openedx,0,"['https://coveralls.io/r/edx/edx-milestones?branch=master: 403', 'https://github.com/openedx/edx-platform/blob/master/requirements/edx/base.in: 404', 'https://openedx.org/slack: 403', 'http://openedx.slack.com/: 403', 'https://openedx.org/getting-help: 403']",True,"['https://github.com/openedx/edx-milestones/workflows/Python%20CI/badge.svg?branch=master', 'https://github.com/openedx/edx-milestones/actions?query=workflow%3A%22Python+CI%22', 'https://img.shields.io/coveralls/edx/edx-milestones.svg', 'https://github.com/openedx/edx-platform/', 'https://docs.openedx.org/en/latest/site_ops/install_configure_run_guide/configuration/enable_prerequisites.html', 'https://docs.openedx.org/en/latest/educators/references/controlling_content_visibility.html', 'https://github.com/openedx/.github/blob/master/CONTRIBUTING.md', 'https://discuss.openedx.org']",True,True,True,False,,,False,,,,True,True,,True,edx-milestones,"['3', '3.12']",https://github.com/openedx/edx-milestones,True,True,True,False
openedx/typescript-config,,,,,,,0,0,0.0,6,False,2026-08-31,False,False,False,False,0,0,0,0,0,0,0,0,0,0,False,,False,False,True,False,False,False,True,True,False,False,True,False,False,False,False,False,False,False,2026-08-04 20:06:07,True,False,False,False,False,False,False,False,@edx/typescript-config,openedx,0,"['https://www.npmjs.com/package/@edx/typescript-config: 403', 'https://www.npmjs.com/package/@edx/tpyescript-config: 403']",False,"['https://github.com/openedx/typescript-config/actions/workflows/release.yml/badge.svg', 'https://github.com/openedx/typescript-config/actions/workflows/release.yml/', 'https://img.shields.io/npm/v/@edx/typescript-config.svg', 'https://img.shields.io/npm/dt/@edx/typescript-config.svg', 'https://img.shields.io/npm/l/@edx/typescript-config.svg', 'https://github.com/openedx/typescript-config/blob/main/LICENSE', 'https://img.shields.io/badge/%20%20%F0%9F%93%A6%F0%9F%9A%80-semantic--release-e10079.svg', 'https://github.com/semantic-release/semantic-release', 'https://www.typescriptlang.org/docs/handbook/tsconfig-json.html']",True,True,False,False,,,True,,,0,False,False,,False,,[],,False,False,False,False
openedx/edx-ui-toolkit,,,,,,,0,0,,,False,2026-08-31,False,False,False,False,50,0,0,13,37,0,0,0,0,0,False,,False,False,True,False,False,False,True,True,False,True,True,False,False,False,False,False,False,False,2026-08-28 15:12:58,True,False,False,False,False,False,False,False,,openedx,0,"['https://badge.fury.io/js/edx-ui-toolkit: 403', 'https://coveralls.io/r/edx/edx-ui-toolkit?branch=master: 403', 'http://ux.edx.org/: HTTPConnectionPool(host=\'ux.edx.org\', port=80): Max retries exceeded with url: / (Caused by NameResolutionError(""HTTPConnection(host=\'ux.edx.org\', port=80): Failed to resolve \'ux.edx.org\' ([Errno -2] Name or service not known)""))', 'https://github.com/openedx/edx-ui-toolkit/blob/master/CONTRIBUTING.md: 404']",False,"['https://badge.fury.io/gh/edx%2Fedx-ui-toolkit.svg', 'https://badge.fury.io/gh/edx%2Fedx-ui-toolkit', 'https://badge.fury.io/js/edx-ui-toolkit.svg', 'https://badge.fury.io/bo/edx-ui-toolkit.svg', 'https://badge.fury.io/bo/edx-ui-toolkit', 'https://img.shields.io/coveralls/edx/edx-ui-toolkit.svg', 'https://github.com/openedx/edx-ui-toolkit/blob/master/LICENSE', 'https://github.com/tj/n', 'http://ui-toolkit.edx.org/']",True,True,False,False,,,True,2026-04-06,2023-09-04,7,False,False,,False,,[],,False,False,False,False
openedx/stylelint-config-edx,,,,,,,0,0,,,False,2026-08-31,False,False,False,False,12,0,0,4,8,0,0,0,0,0,False,,False,False,True,False,False,False,True,True,False,False,True,False,False,False,False,False,False,False,2026-05-20 13:18:41,True,False,False,False,False,False,False,False,@edx/stylelint-config-edx,openedx,0,"['https://stylelint.io/user-guide/configuration/: 404', 'https://www.npmjs.com/package/stylelint-config-recommended-scss: 403', 'https://stylelint.io/user-guide/rules/function-comma-newline-after/: 404', 'https://stylelint.io/user-guide/rules/function-parentheses-newline-inside/: 404', ""https://stylelint.io/user-guide/rules/max-empty-lines/: ('Connection aborted.', RemoteDisconnected('Remote end closed connection without response'))""]",False,"['https://github.com/openedx/stylelint-config-edx/workflows/Node%20CI/badge.svg?branch=master', 'https://github.com/openedx/stylelint-config-edx/actions?query=workflow%3A%22Node+CI%22', 'https://github.com/openedx/stylelint-config-edx/blob/master/LICENSE']",True,True,False,False,,,True,,,0,False,False,,False,,[],,False,False,False,False
openedx/edx-when,,,,,,,3,3,1.0,946217,True,2026-08-31,False,False,False,False,133,0,0,0,0,40,133,10,13,7,True,,True,False,True,True,True,True,True,True,False,False,False,True,False,True,True,True,True,True,2026-08-26 15:32:40,True,True,True,False,False,True,False,False,,openedx,7,['http://edx-when.readthedocs.io/en/latest/: 404'],True,"['https://github.com/openedx/edx-platform/blob/master/openedx/core/djangoapps/course_date_signals/handlers.py', 'https://github.com/openedx/.github/blob/master/CONTRIBUTING.md', 'https://github.com/openedx/edx-when/blob/master/.github/PULL_REQUEST_TEMPLATE.md', 'https://github.com/openedx/edx-when/blob/master/.github/ISSUE_TEMPLATE.md', 'https://open.edx.org/getting-help', 'https://img.shields.io/pypi/v/edx-when.svg', 'https://pypi.python.org/pypi/edx-when/', 'https://github.com/openedx/edx-when/workflows/Python%20CI/badge.svg?branch=master', 'https://github.com/openedx/edx-when/actions?query=workflow%3A%22Python+CI%22', 'http://codecov.io/github/edx/edx-when/coverage.svg?branch=master', 'http://codecov.io/github/edx/edx-when?branch=master', 'https://readthedocs.org/projects/edx-when/badge/?version=latest', 'https://img.shields.io/pypi/pyversions/edx-when.svg', 'https://img.shields.io/github/license/edx/edx-when.svg', 'https://github.com/openedx/edx-when/blob/master/LICENSE.txt']",True,True,True,False,,,False,,,,True,True,,True,edx-when,"['3', '3.12']",https://github.com/openedx/edx-when,True,True,True,False
openedx/frontend-app-admin-console,,,,,,,9,5,0.8163,6,False,2026-08-31,True,True,False,False,22,0,0,12,10,0,0,0,0,0,False,,False,False,True,False,False,True,True,True,True,False,True,False,False,False,False,False,False,False,2026-08-31 00:26:10,True,False,False,False,False,False,False,False,,openedx,0,"['https://github.com/openedx/frontend-app-admin-console/blob/main/LICENSE: 404', 'https://openedx.slack.com/: 403', 'https://openedx.slack.com/archives/C04BM6YC7A6: 403']",True,"['https://img.shields.io/github/license/openedx/frontend-app-admin-console.svg', 'https://img.shields.io/badge/Status-Maintained-brightgreen', 'https://github.com/openedx/frontend-app-admin-console/actions/workflows/ci.yml/badge.svg', 'https://github.com/openedx/frontend-app-admin-console/actions/workflows/ci.yml', 'https://codecov.io/github/openedx/frontend-app-admin-console/coverage.svg?branch=main', 'https://codecov.io/github/openedx/frontend-app-admin-console?branch=main', 'https://github.com/overhangio/tutor-mfe?tab=readme-ov-file', 'https://github.com/openedx/openedx-authz', 'https://github.com/openedx/frontend-plugin-framework', 'https://openedx.atlassian.net/wiki/x/M4B4MgE', 'https://openedx.atlassian.net/wiki/x/AgAwMQE', 'https://discuss.openedx.org', 'https://openedx.org/slack', 'https://openedx.org/getting-help', 'https://openedx.org/r/how-to-contribute', 'https://openedx.org/code-of-conduct/']",True,True,True,False,,,True,2026-07-01,2026-03-30,3,False,False,,False,,[],,False,False,False,False
openedx/frontend-template-application,,,,,,,3,0,0.3226,138,False,2026-08-31,True,True,False,False,13,0,0,2,11,0,0,0,0,0,False,,False,False,True,False,False,True,True,True,True,False,True,False,False,False,False,False,False,False,2026-08-31 00:08:22,True,False,False,False,False,False,False,False,,openedx,0,"['http://apps.local.openedx.io: HTTPConnectionPool(host=\'apps.local.openedx.io\', port=80): Max retries exceeded with url: / (Caused by NewConnectionError(""HTTPConnection(host=\'apps.local.openedx.io\', port=80): Failed to establish a new connection: [Errno 111] Connection refused""))', 'https://openedx.slack.com/: 403', 'https://openedx.slack.com/archives/C04BM6YC7A6: 403', 'https://open-edx-backstage.herokuapp.com/catalog/default/component/frontend-template-application: 404']",True,"['https://github.com/openedx/frontend-base', 'https://github.com/openedx/frontend-template-application/tree/legacy-mfe', 'https://github.com/overhangio/tutor', 'https://github.com/overhangio/tutor-mfe', 'https://github.com/nvm-sh/nvm', 'https://docs.openedx.org/projects/openedx-proposals/en/latest/processes/oep-0055-proc-project-maintainers.html', 'https://docs.openedx.org/projects/openedx-proposals/en/latest/processes/oep-0010/decisions/0002-frontend-stable-branches.html', 'https://github.com/openedx/frontend-base/blob/main/docs/how_tos/migrate-frontend-app.md', 'https://github.com/openedx/frontend-base/blob/main/docs/how_tos/i18n.rst', 'https://discuss.openedx.org', 'https://github.com/openedx/frontend-template-application/issues', 'https://openedx.org/slack', 'https://openedx.org/getting-help', 'https://openedx.org/r/how-to-contribute', 'https://openedx.org/code-of-conduct/', 'https://img.shields.io/github/license/openedx/frontend-template-application.svg', 'https://github.com/openedx/frontend-template-application/blob/main/LICENSE', 'https://img.shields.io/badge/Status-Maintained-brightgreen', 'https://github.com/openedx/frontend-template-application/actions/workflows/ci.yml/badge.svg', 'https://github.com/openedx/frontend-template-application/actions/workflows/ci.yml', 'https://codecov.io/github/openedx/frontend-template-application/coverage.svg?branch=main', 'https://codecov.io/github/openedx/frontend-template-application?branch=main']",True,True,True,False,,,True,2026-04-06,2026-03-16,1,False,False,,False,,[],,False,False,False,False
openedx/platform-plugin-aspects,,,,,,,5,7,0.92,4200,True,2026-08-31,True,True,False,False,148,0,0,0,0,60,148,10,11,7,False,,True,True,True,True,False,True,True,True,True,False,False,True,False,True,True,True,True,False,2026-08-31 00:38:10,True,True,True,False,False,True,False,False,,openedx,1,"['https://openedx.slack.com/: 403', 'https://www.npmjs.com/package/@superset-ui/embedded-sdk: 403']",True,"['https://docs.openedx.org/en/latest/developers/how-tos/get-ready-for-python-dev.html', 'https://docs.openedx.org/projects/platform-plugin-aspects', 'https://discuss.openedx.org', 'https://github.com/openedx/platform-plugin-aspects/issues', 'https://openedx.org/getting-help', 'https://openedx.org/slack', 'https://openedx.org/r/how-to-contribute', 'https://openedx.org/code-of-conduct/', 'https://backstage.openedx.org/catalog/default/component/platform-plugin-aspects', 'https://github.com/openedx/openedx-events', 'https://github.com/openedx/edx-platform', 'https://clickhouse.com', 'https://docs.openedx.org/projects/openedx-aspects/en/latest/index.html', 'https://docs.openedx.org/projects/openedx-filters/en/latest/', 'https://docs.openedx.org/projects/openedx-aspects/en/latest/technical_documentation/how-tos/backfill.html']",True,True,True,True,.readthedocs.yaml,2,False,,,,True,True,,True,platform-plugin-aspects,"['3', '3.12']",https://github.com/openedx/platform-plugin-aspects,True,True,True,False
openedx/mockprock,,,,,,,3,0,0.8,91,True,2026-08-31,False,False,False,False,1,0,0,1,0,0,0,0,0,0,False,,False,False,True,False,False,True,True,True,False,True,True,True,True,False,False,False,True,False,2026-07-29 15:32:37,True,False,True,False,True,True,False,True,@edx/mockprock,openedx,0,[],False,['https://github.com/openedx/edx-proctoring/'],True,True,False,False,,,True,,,0,False,False,,False,,[],,True,True,True,False
openedx/frontend-app-learner-dashboard,,,,,,,4,20,0.8889,66,False,2026-08-31,True,True,False,False,26,0,0,12,14,0,0,0,0,0,False,,False,False,True,False,False,True,True,True,True,False,True,False,False,False,False,False,False,False,2026-08-30 15:43:58,True,False,False,False,False,True,False,False,,openedx,0,"['http://apps.local.openedx.io: HTTPConnectionPool(host=\'apps.local.openedx.io\', port=80): Max retries exceeded with url: / (Caused by NewConnectionError(""HTTPConnection(host=\'apps.local.openedx.io\', port=80): Failed to establish a new connection: [Errno 111] Connection refused""))', 'http://credit.example.com: HTTPConnectionPool(host=\'credit.example.com\', port=80): Max retries exceeded with url: / (Caused by NameResolutionError(""HTTPConnection(host=\'credit.example.com\', port=80): Failed to resolve \'credit.example.com\' ([Errno -5] No address associated with hostname)""))', 'https://openedx.slack.com/: 403', 'https://openedx.slack.com/archives/C04BM6YC7A6: 403']",True,"['https://github.com/openedx/frontend-base', 'https://docs.openedx.org/projects/openedx-proposals/en/latest/processes/oep-0010/decisions/0002-frontend-stable-branches.html', 'https://docs.openedx.org/projects/openedx-proposals/en/latest/processes/oep-0010/decisions/0003-frontend-release-strategy.html', 'https://github.com/openedx/frontend-app-learner-dashboard/tree/legacy-mfe', 'https://github.com/overhangio/tutor', 'https://github.com/overhangio/tutor-mfe', 'https://github.com/openedx/frontend-app-learner-dashboard.git', 'https://github.com/nvm-sh/nvm', 'https://github.com/openedx/frontend-base/blob/main/docs/how_tos/migrate-frontend-app.md', 'https://github.com/openedx/frontend-base/blob/main/docs/how_tos/i18n.rst', 'https://discuss.openedx.org', 'https://github.com/openedx/frontend-app-learner-dashboard/issues', 'https://openedx.org/slack', 'https://openedx.org/getting-help', 'https://openedx.org/r/how-to-contribute', 'https://openedx.org/code-of-conduct/', 'https://backstage.openedx.org/catalog/default/component/frontend-app-learner-dashboard', 'https://img.shields.io/github/license/openedx/frontend-app-learner-dashboard.svg', 'https://github.com/openedx/frontend-app-learner-dashboard/blob/master/LICENSE', 'https://img.shields.io/badge/Status-Maintained-brightgreen', 'https://github.com/openedx/frontend-app-learner-dashboard/actions/workflows/ci.yml/badge.svg', 'https://github.com/openedx/frontend-app-learner-dashboard/actions/workflows/ci.yml', 'https://codecov.io/github/openedx/frontend-app-learner-dashboard/coverage.svg?branch=master', 'https://codecov.io/github/openedx/frontend-app-learner-dashboard?branch=master', 'https://img.shields.io/badge/%20%20%F0%9F%93%A6%F0%9F%9A%80-semantic--release-e10079.svg', 'https://github.com/semantic-release/semantic-release']",True,True,True,False,,,True,2026-04-06,2025-09-29,2,False,False,,False,,[],,False,False,False,False
openedx/openedx-app-ios,,,,,,,2,7,0.6667,6,False,2026-08-31,False,False,False,False,0,0,0,0,0,0,0,0,0,0,False,,False,False,True,False,False,True,True,True,False,False,False,False,False,False,False,False,False,False,2026-08-13 15:10:29,True,False,False,False,False,False,False,False,,openedx,0,"['https://app.transifex.com/open-edx/openedx-translations/dashboard/: 403', 'https://app.transifex.com/open-edx/openedx-translations/openedx-app-ios/: 404']",False,"['https://github.com/openedx/openedx-app-ios.git', 'https://docs.openedx.org/en/latest/developers/concepts/oep58.html', 'https://github.com/openedx/openedx-atlas', 'https://github.com/openedx/openedx-translations', 'https://github.com/openedx/openedx-translations/blob/6448167e9695a921f003ff6bd8f40f006a2d6743/translations/openedx-app-ios/I18N/I18N/uk.lproj/Localizable.strings', 'https://github.com/openedx/openedx-atlas/issues/20', 'https://github.com/apps/transifex-integration', 'https://github.com/openedx/openedx-app-ios/blob/main/LICENSE']",True,True,False,False,,,False,,,,False,False,,False,,[],,False,False,False,False
openedx/frontend-enterprise,,,,,,,0,0,0.0,16913,False,2026-08-31,False,False,False,False,4,0,0,0,4,0,0,0,0,0,False,,False,False,True,False,False,True,True,True,False,True,True,False,False,False,False,False,False,False,2026-06-10 14:02:29,True,False,False,False,False,False,False,False,@edx/frontend-enterprise,openedx,0,[],False,"['https://github.com/openedx/frontend-build', 'https://github.com/conventional-changelog/commitlint', 'https://github.com/openedx/frontend-enterprise/actions/workflows/publish-from-package.yml', 'https://github.com/openedx/frontend-enterprise/actions/workflows/release.yml/badge.svg', 'https://github.com/openedx/frontend-enterprise/actions', 'https://codecov.io/gh/edx/frontend-enterprise/branch/master/graph/badge.svg?token=lBHoe5P4Q3', 'https://codecov.io/gh/edx/frontend-enterprise']",True,True,False,False,,,True,2025-12-15,,0,False,False,,False,,[],,False,False,False,False
openedx/openedx-app-test,,,,,,,0,0,,,False,2026-08-31,False,False,False,False,1,0,399,1,0,0,0,0,0,0,False,,False,False,True,False,False,False,True,True,False,False,True,True,True,False,False,False,False,False,2025-08-29 14:34:13,True,False,False,False,False,False,False,False,,openedx,0,['https://stackoverflow.com/questions/6587507/how-to-install-pip-with-python-3: 403'],False,"['https://nodejs.org/en/', 'https://appium.io/docs/en/latest/quickstart/', 'https://www.oracle.com/europe/java/technologies/downloads/', 'https://developer.android.com/tools', 'https://github.com/openedx/openedx-app-test', 'https://www.python.org/downloads/', 'https://www.browserstack.com/list-of-browsers-and-platforms/automate']",True,True,False,False,,,False,,,,False,False,,False,,[],,False,False,False,False
openedx/edx-enterprise-data,,,,,,,10,27,0.9259,235937,True,2026-08-31,True,True,False,False,154,0,0,0,0,81,154,13,18,9,False,,False,False,True,False,True,True,True,True,True,True,False,True,False,True,False,True,True,False,2026-08-27 11:57:43,True,False,False,False,False,True,False,False,,openedx,7,[],False,"['https://github.com/openedx/edx-analytics-data-api/', 'https://github.com/openedx/edx-drf-extensions/blob/4569b9bf7e54a917d4acdd545b10c058c960dd1a/edx_rest_framework_extensions/auth/jwt/authentication.py', 'https://github.com/openedx/devstack', 'https://github.com/openedx/frontend-app-admin-portal/']",True,True,False,False,,,False,,,,True,True,,True,edx-enterprise-data,"['3', '3.12']",https://github.com/openedx/edx-enterprise-data,True,True,True,False
openedx/axim-engineering,,,,,,,2,0,1.0,1841272,False,2026-08-31,True,True,False,False,0,0,0,0,0,0,0,0,0,0,False,,False,False,True,False,False,False,True,True,True,False,False,False,False,False,False,False,False,False,2026-08-10 20:11:24,True,False,False,False,False,False,False,False,,openedx,0,[],False,"['https://openedx.atlassian.net/wiki/spaces/COMM/pages/3241640370/Axim+Collaborative+Engineering+Team', 'https://github.com/openedx/axim-engineering/issues/new/choose']",True,True,False,False,,,False,,,,False,False,,False,,[],,False,False,False,False
openedx/frontend-plugin-framework,,,,,,,2,6,1.0,183,False,2026-08-31,True,True,False,False,21,0,0,5,16,0,0,0,0,0,False,,False,False,True,False,False,True,True,True,True,False,True,False,False,False,False,False,False,True,2026-08-26 14:44:34,True,False,False,False,False,False,False,False,,openedx,0,"['https://github.com/openedx/frontend-platform/blob/master/src/config.js: 404', 'https://openedx.slack.com/: 403', 'https://openedx.slack.com/archives/C04BM6YC7A6: 403', 'https://open-edx-backstage.herokuapp.com/catalog/default/component/frontend-plugin-framework: 404']",True,"['https://img.shields.io/github/license/openedx/frontend-plugin-framework.svg', 'https://github.com/openedx/frontend-plugin-framework/blob/master/LICENSE', 'https://img.shields.io/badge/Status-Maintained-brightgreen', 'https://github.com/openedx/frontend-plugin-framework/actions/workflows/ci.yml/badge.svg', 'https://github.com/openedx/frontend-plugin-framework/actions/workflows/ci.yml', 'https://codecov.io/github/openedx/frontend-plugin-framework/coverage.svg?branch=master', 'https://codecov.io/github/openedx/frontend-plugin-framework?branch=master', 'https://github.com/openedx/frontend-platform/blob/master/docs/decisions/0007-javascript-file-configuration.rst', 'https://github.com/openedx/frontend-platform/blob/master/src/react/ErrorBoundary.jsx', 'https://discuss.openedx.org', 'https://github.com/openedx/frontend-plugin-framework/issues', 'https://openedx.org/slack', 'https://openedx.org/getting-help', 'https://openedx.org/r/how-to-contribute', 'https://openedx.org/code-of-conduct/']",True,True,True,False,,,True,2025-11-24,2024-05-20,9,False,False,,False,,[],,False,False,False,False
openedx/frontend-app-learning,,,,,,,6,5,0.5735,326,False,2026-08-31,True,True,False,False,50,0,0,39,11,0,0,0,0,0,False,,False,False,True,False,False,True,True,True,True,False,True,False,False,False,False,False,False,False,2026-08-31 01:06:56,True,False,False,False,False,False,False,False,@edx/frontend-app-learning,openedx,0,"['http://local.openedx.io: HTTPConnectionPool(host=\'local.openedx.io\', port=80): Max retries exceeded with url: / (Caused by NewConnectionError(""HTTPConnection(host=\'local.openedx.io\', port=80): Failed to establish a new connection: [Errno 111] Connection refused""))', 'https://support.edx.org/hc/en-us/articles/360000038428-Entering-math-expressions-in-assignments-or-the-calculator: 404', 'https://openedx.slack.com/: 403', 'https://openedx.slack.com/archives/C04BM6YC7A6: 403']",False,"['https://codecov.io/gh/edx/frontend-app-learning/branch/master/graph/badge.svg?token=3z7XvuzTq3', 'https://codecov.io/gh/edx/frontend-app-learning', 'https://img.shields.io/badge/license-AGPL-informational', 'https://github.com/openedx/frontend-app-account/blob/master/LICENSE', 'https://github.com/overhangio/tutor', 'https://github.com/overhangio/tutor-mfe', 'https://github.com/openedx/frontend-app-learning.git', 'https://github.com/nvm-sh/nvm', 'https://github.com/openedx/frontend-build', 'https://openedx.github.io/frontend-platform/', 'https://github.com/openedx/frontend-plugin-framework', 'https://openedx.atlassian.net/browse/TNL-8678', 'https://support.edx.org/hc/en-us/articles/206503858-How-do-I-verify-my-identity', 'https://support.edx.org/hc/en-us/articles/206502008-What-is-a-verified-certificate', 'https://twitter.com/openedx', 'https://github.com/openedx/frontend-app-learning/issues', 'https://openedx.org/slack', 'https://openedx.org/community/connect', 'https://discuss.openedx.org', 'https://openedx.org/r/how-to-contribute', 'https://github.com/openedx/.github/blob/master/AI_POLICY.md', 'https://openedx.org/code-of-conduct/']",True,True,True,False,,,True,2026-04-06,2022-03-29,5,False,False,,False,,[],,False,False,False,False
openedx/openedx-k8s-harmony,,,,,,,6,4,0.8,6,False,2026-08-31,True,True,False,False,0,0,0,0,0,0,0,0,0,0,False,,False,False,True,False,False,False,True,True,True,False,False,False,False,False,False,False,False,False,2026-08-26 20:37:11,True,False,False,False,False,False,False,False,,openedx,0,"['https://github.com/aws/karpenter/blob/main/website/content/en/docs/upgrade-guide.md: 404', 'https://XYZ.eks.amazonaws.com: HTTPSConnectionPool(host=\'xyz.eks.amazonaws.com\', port=443): Max retries exceeded with url: / (Caused by NameResolutionError(""HTTPSConnection(host=\'xyz.eks.amazonaws.com\', port=443): Failed to resolve \'xyz.eks.amazonaws.com\' ([Errno -2] Name or service not known)""))', 'https://karpenter.sh/docs/concepts/provisioners/: 404', 'https://karpenter.sh/docs/concepts/node-templates/: 404', 'https://ms-yourinstanceid.meilisearch.io: HTTPSConnectionPool(host=\'ms-yourinstanceid.meilisearch.io\', port=443): Max retries exceeded with url: / (Caused by NameResolutionError(""HTTPSConnection(host=\'ms-yourinstanceid.meilisearch.io\', port=443): Failed to resolve \'ms-yourinstanceid.meilisearch.io\' ([Errno -2] Name or service not known)""))', 'http://10.1.2.3: HTTPConnectionPool(host=\'10.1.2.3\', port=80): Max retries exceeded with url: / (Caused by NewConnectionError(""HTTPConnection(host=\'10.1.2.3\', port=80): Failed to establish a new connection: [Errno 113] No route to host""))', 'https://meilisearch: HTTPSConnectionPool(host=\'meilisearch\', port=443): Max retries exceeded with url: / (Caused by NameResolutionError(""HTTPSConnection(host=\'meilisearch\', port=443): Failed to resolve \'meilisearch\' ([Errno -3] Temporary failure in name resolution)""))']",False,"['https://www.openedx.org', 'https://docs.tutor.overhang.io/', 'https://traefik.io/traefik/', 'https://cert-manager.io/', 'https://github.com/prometheus-community/helm-charts', 'https://grove.opencraft.com/', 'https://github.com/eduNEXT/tutor-contrib-pod-autoscaling', 'https://cert-manager.io/docs/installation/upgrading/', 'https://kubernetes.io/docs/tasks/run-application/horizontal-pod-autoscale/', 'https://github.com/kubernetes/autoscaler/tree/master/vertical-pod-autoscaler', 'https://github.com/kubernetes/autoscaler/tree/master/cluster-autoscaler', 'https://karpenter.sh/', 'https://karpenter.sh/docs/getting-started/getting-started-with-karpenter/', 'https://doc.traefik.io/traefik/migrate/nginx-to-traefik/', 'https://helm.sh/', 'https://openedx.github.io/openedx-k8s-harmony', 'https://github.com/cert-manager/cert-manager/releases/download/v1.10.1/cert-manager.crds.yaml', 'https://minikube.sigs.k8s.io/docs/start/', 'https://github.com/openedx/openedx-k8s-harmony.git', 'https://www.meilisearch.com/cloud', 'https://www.meilisearch.com/docs/learn/self_hosted/getting_started_with_self_hosted_meilisearch']",True,True,False,False,,,True,2026-04-04,2024-11-07,6,False,False,,False,,[],,False,False,False,False
openedx/frontend-platform,,,,,,,2,9,0.7,3,False,2026-08-31,False,False,False,False,39,0,0,19,20,0,0,0,0,0,False,,False,False,True,False,False,True,True,True,False,True,True,False,False,False,False,False,False,False,2026-08-31 00:30:29,True,False,False,False,False,False,False,False,@edx/frontend-platform,openedx,0,"['https://www.npmjs.com/package/@edx/frontend-platform: 403', 'http://local.openedx.io: HTTPConnectionPool(host=\'local.openedx.io\', port=80): Max retries exceeded with url: / (Caused by NewConnectionError(""HTTPConnection(host=\'local.openedx.io\', port=80): Failed to establish a new connection: [Errno 111] Connection refused""))', 'https://en.wikipedia.org/wiki/Convention_over_configuration: 403', 'https://edx.github.io/frontend-platform/module-Initialization.html: 404', 'https://edx.github.io/frontend-platform/module-Config.html: 404', 'https://custom.example.com/educators/index.html: HTTPSConnectionPool(host=\'custom.example.com\', port=443): Max retries exceeded with url: /educators/index.html (Caused by NameResolutionError(""HTTPSConnection(host=\'custom.example.com\', port=443): Failed to resolve \'custom.example.com\' ([Errno -5] No address associated with hostname)""))']",False,"['https://github.com/openedx/frontend-platform/actions/workflows/ci.yml/badge.svg', 'https://github.com/openedx/frontend-platform/actions/workflows/ci.yml', 'https://img.shields.io/codecov/c/github/edx/frontend-platform', 'https://codecov.io/gh/edx/frontend-platform', 'https://img.shields.io/npm/v/@edx/frontend-platform.svg', 'https://img.shields.io/npm/dt/@edx/frontend-platform.svg', 'https://img.shields.io/npm/l/@edx/frontend-platform.svg', 'https://github.com/openedx/frontend-platform/blob/master/LICENSE', 'https://img.shields.io/badge/%20%20%F0%9F%93%A6%F0%9F%9A%80-semantic--release-e10079.svg', 'https://github.com/semantic-release/semantic-release', 'https://openedx.github.io/frontend-platform/', 'https://docs.openedx.org/en/latest/educators/index.html', 'https://creativecommons.org/licenses', 'https://www.tldrlegal.com/license/creative-commons-attribution-cc', 'https://github.com/openedx/frontend-build']",True,True,False,False,,,True,2026-07-01,2023-05-29,10,False,False,,False,,[],,False,False,False,False
openedx/edx-lint,,,,,,,6,3,0.7391,6740,True,2026-08-31,True,True,False,False,49,0,0,0,0,20,49,2,2,1,False,,True,True,True,False,True,True,True,True,True,True,False,True,False,True,True,True,True,False,2026-08-31 03:13:52,True,False,False,False,False,True,False,False,,openedx,1,['https://open.edx.org/getting-help: 403'],True,"['https://github.com/openedx/.github/blob/master/CONTRIBUTING.md', 'https://github.com/openedx/edx-lint/workflows/Python%20CI/badge.svg?branch=master', 'https://github.com/openedx/edx-lint/actions?query=workflow%3A%22Python+CI%22']",True,True,False,False,,,False,,,,True,True,,False,edx-lint,[],https://github.com/openedx/edx-lint,True,False,True,False
openedx/frontend-app-gradebook,,,,,,,4,5,0.3,207,False,2026-08-31,True,True,False,False,47,0,0,35,12,0,0,0,0,0,False,,False,False,True,False,False,True,True,True,True,False,True,False,False,False,False,False,False,False,2026-08-31 00:46:25,True,False,False,False,False,True,False,False,@edx/frontend-app-gradebook,openedx,0,"['http://apps.local.openedx.io/gradebook/course-v1: HTTPConnectionPool(host=\'apps.local.openedx.io\', port=80): Max retries exceeded with url: /gradebook/course-v1 (Caused by NewConnectionError(""HTTPConnection(host=\'apps.local.openedx.io\', port=80): Failed to establish a new connection: [Errno 111] Connection refused""))', 'http://apps.local.openedx.io: HTTPConnectionPool(host=\'apps.local.openedx.io\', port=80): Max retries exceeded with url: / (Caused by NewConnectionError(""HTTPConnection(host=\'apps.local.openedx.io\', port=80): Failed to establish a new connection: [Errno 111] Connection refused""))', 'https://openedx.slack.com/: 403', 'https://openedx.slack.com/archives/C04BM6YC7A6: 403', 'https://travis-ci.com/edx/frontend-app-gradebook: 404']",False,"['https://docs.openedx.org/en/latest/educators/how-tos/data/view_learner_grades.html', 'https://docs.openedx.org/en/latest/educators/how-tos/data/manage_learner_grades.html', 'https://github.com/openedx/frontend-app-gradebook.git', 'https://github.com/overhangio/tutor-mfe?tab=readme-ov-file', 'https://github.com/openedx/frontend-plugin-framework', 'https://webpack.js.org/', 'https://github.com/edx-unsupported/frontend-auth', 'https://openedx.org/r/how-to-contribute', 'https://discuss.openedx.org', 'https://github.com/openedx/frontend-app-gradebook/issues', 'https://openedx.org/slack', 'https://openedx.org/community/connect', 'https://openedx.org/code-of-conduct/', 'https://api.travis-ci.com/edx/frontend-app-gradebook.svg?branch=master', 'https://img.shields.io/codecov/c/gh/openedx/frontend-app-gradebook', 'https://app.codecov.io/gh/openedx/frontend-app-gradebook', 'https://img.shields.io/npm/v/@edx/frontend-app-gradebook.svg', 'https://img.shields.io/npm/dt/@edx/frontend-app-gradebook.svg', 'https://img.shields.io/npm/l/@edx/frontend-app-gradebook.svg', 'https://img.shields.io/badge/%20%20%F0%9F%93%A6%F0%9F%9A%80-semantic--release-e10079.svg', 'https://github.com/semantic-release/semantic-release']",True,True,True,False,,,True,,,0,False,False,,False,,[],,False,False,False,False
openedx/frontend-app-catalog,,,,,,,6,8,0.8125,171,False,2026-08-31,True,True,False,False,15,0,0,3,12,0,0,0,0,0,False,,False,False,True,False,False,True,True,True,True,False,True,False,False,False,False,False,False,False,2026-08-30 15:43:38,True,False,False,False,False,False,False,False,,openedx,0,"['http://apps.local.openedx.io: HTTPConnectionPool(host=\'apps.local.openedx.io\', port=80): Max retries exceeded with url: / (Caused by NewConnectionError(""HTTPConnection(host=\'apps.local.openedx.io\', port=80): Failed to establish a new connection: [Errno 111] Connection refused""))', 'https://openedx.slack.com/: 403', 'https://openedx.slack.com/archives/C04BM6YC7A6: 403', 'https://open-edx-backstage.herokuapp.com/catalog/default/component/frontend-app-catalog: 404']",True,"['https://github.com/openedx/frontend-base', 'https://docs.openedx.org/projects/openedx-proposals/en/latest/processes/oep-0010/decisions/0002-frontend-stable-branches.html', 'https://docs.openedx.org/projects/openedx-proposals/en/latest/processes/oep-0010/decisions/0003-frontend-release-strategy.html', 'https://github.com/openedx/frontend-app-catalog/tree/legacy-mfe', 'https://github.com/overhangio/tutor', 'https://github.com/openedx/frontend-app-catalog.git', 'https://github.com/nvm-sh/nvm', 'https://github.com/openedx/frontend-base/blob/main/docs/how_tos/migrate-frontend-app.md', 'https://github.com/openedx/frontend-base/blob/main/docs/how_tos/i18n.rst', 'https://discuss.openedx.org', 'https://github.com/openedx/frontend-app-catalog/issues', 'https://openedx.org/slack', 'https://openedx.org/getting-help', 'https://openedx.org/r/how-to-contribute', 'https://openedx.org/code-of-conduct/', 'https://img.shields.io/github/license/openedx/frontend-app-catalog.svg', 'https://github.com/openedx/frontend-app-catalog/blob/master/LICENSE', 'https://img.shields.io/badge/Status-Maintained-brightgreen', 'https://github.com/openedx/frontend-app-catalog/actions/workflows/ci.yml/badge.svg', 'https://github.com/openedx/frontend-app-catalog/actions/workflows/ci.yml', 'https://codecov.io/github/openedx/frontend-app-catalog/coverage.svg?branch=master', 'https://codecov.io/github/openedx/frontend-app-catalog?branch=master']",True,True,True,False,,,True,2026-04-06,2026-01-12,1,False,False,,False,,[],,False,False,False,False
openedx/frontend-app-aspects,,,,,,,4,4,1.0,123,False,2026-08-31,True,True,False,False,14,0,0,3,11,0,0,0,0,0,False,,False,False,True,False,False,True,True,True,True,False,True,False,False,False,False,False,False,False,2026-08-21 18:19:21,True,False,False,False,False,False,False,False,,openedx,0,"['https://openedx.slack.com/archives/C04BM6YC7A6: 403', 'https://open-edx-backstage.herokuapp.com/catalog/default/component/frontend-app-aspects: 404']",True,"['https://github.com/openedx/frontend-app-aspects.git', 'https://discuss.openedx.org', 'https://github.com/openedx/frontend-app-aspects/issues', 'https://github.com/openedx/frontend-base', 'https://github.com/overhangio/tutor-mfe', 'https://github.com/openedx/frontend-base/blob/main/docs/how_tos/i18n.rst', 'https://openedx.org/slack', 'https://openedx.org/getting-help', 'https://openedx.org/r/how-to-contribute', 'https://openedx.org/code-of-conduct/', 'https://img.shields.io/github/license/openedx/frontend-app-aspects.svg', 'https://github.com/openedx/frontend-app-aspects/blob/main/LICENSE', 'https://img.shields.io/badge/Status-Maintained-brightgreen', 'https://github.com/openedx/frontend-app-aspects/actions/workflows/ci.yml/badge.svg', 'https://github.com/openedx/frontend-app-aspects/actions/workflows/ci.yml', 'https://codecov.io/github/openedx/frontend-app-aspects/coverage.svg?branch=main', 'https://codecov.io/github/openedx/frontend-app-aspects?branch=main']",True,True,True,False,,,True,,,0,False,False,,False,,[],,False,False,False,False
openedx/sample-aspects-dbt,,,,,,,0,0,0.0,,False,2026-08-31,False,False,False,False,0,0,0,0,0,0,0,0,0,0,False,,False,False,True,False,False,False,True,False,False,False,False,False,False,False,False,False,False,False,2026-08-03 14:34:22,True,False,False,False,False,False,False,False,,openedx,0,[],False,"['https://docs.getdbt.com/reference/resource-properties/unit-tests', 'https://discuss.openedx.org', 'https://docs.getdbt.com/docs/introduction', 'https://discourse.getdbt.com/', 'https://community.getdbt.com/', 'https://events.getdbt.com', 'https://blog.getdbt.com/']",True,True,False,False,,,False,,,,False,False,,False,,[],,False,False,False,False
openedx/browserslist-config,,,,,,,0,1,,,False,2026-08-31,False,False,False,False,1,0,0,0,1,0,0,0,0,0,False,,False,False,True,False,False,False,True,True,False,False,True,False,False,False,False,False,False,False,2026-05-20 13:27:14,True,False,False,False,False,False,False,False,@edx/browserslist-config,openedx,0,['https://www.npmjs.com/package/@edx/browserslist-config: 403'],False,"['https://img.shields.io/npm/l/@edx/browserslist-config', 'https://img.shields.io/npm/v/@edx/browserslist-config', 'https://github.com/browserslist/browserslist', 'https://support.edx.org/hc/en-us/articles/206211848-What-are-the-system-requirements-and-supported-browsers-on-edX']",True,True,False,False,,,True,,,0,False,False,,False,,[],,False,False,False,False
openedx/help-tokens,,,,,,,5,1,1.0,15431,True,2026-08-31,True,True,False,False,93,0,0,0,0,5,93,5,5,3,False,,True,False,True,False,True,True,True,True,True,True,False,True,False,True,True,True,True,False,2026-08-26 08:35:15,True,True,True,False,False,True,False,False,,openedx,5,[],True,"['https://docs.openedx.org/en/latest/learners', 'https://docs.openedx.org/en/latest/educators', 'https://github.com/openedx/.github/blob/master/CONTRIBUTING.md', 'https://github.com/openedx/help-tokens/blob/master/.github/PULL_REQUEST_TEMPLATE.md', 'https://github.com/openedx/help-tokens/blob/master/.github/ISSUE_TEMPLATE.md', 'https://open.edx.org/getting-help', 'https://img.shields.io/pypi/v/help-tokens.svg', 'https://pypi.python.org/pypi/help-tokens/', 'https://github.com/openedx/help-tokens/workflows/Python%20CI/badge.svg?branch=master', 'https://github.com/openedx/help-tokens/actions?query=workflow%3A%22Python+CI%22', 'http://codecov.io/github/edx/help-tokens/coverage.svg?branch=master', 'http://codecov.io/github/edx/help-tokens?branch=master', 'https://img.shields.io/pypi/pyversions/help-tokens.svg', 'https://img.shields.io/github/license/edx/help-tokens.svg', 'https://github.com/openedx/help-tokens/blob/master/LICENSE.txt']",True,True,True,False,,,False,,,,True,True,,True,help-tokens,"['3', '3.11', '3.12']",https://github.com/openedx/help-tokens,True,True,True,False
openedx/frontend-app-admin-portal,,,,,,,3,0,0.4615,351,False,2026-08-31,True,True,False,False,73,0,0,53,20,0,0,0,0,0,False,,False,False,True,False,False,True,True,True,True,False,True,False,False,False,False,False,False,False,2026-08-31 00:54:02,True,False,False,False,False,False,False,False,,openedx,0,"['https://openedx.slack.com/: 403', 'https://openedx.slack.com/archives/C04BM6YC7A6: 403']",False,"['https://github.com/openedx/frontend-app-admin-portal/actions/workflows/ci.yml/badge.svg', 'https://codecov.io/gh/edx/frontend-app-admin-portal/branch/master/graph/badge.svg', 'https://github.com/openedx/devstack', 'https://github.com/openedx/edx-analytics-data-api', 'https://discuss.openedx.org', 'https://github.com/openedx/frontend-app-admin-portal/issues', 'https://openedx.org/slack', 'https://openedx.org/community/connect', 'https://openedx.org/r/how-to-contribute', 'https://openedx.org/code-of-conduct/']",True,True,True,False,,,True,2026-02-07,2024-05-22,6,False,False,,False,,[],,False,False,False,False
openedx/xblock-google-drive,,,,,,,3,1,0.8571,53327,True,2026-08-31,True,True,False,False,99,0,0,0,0,85,99,7,7,5,False,,False,False,True,False,False,True,True,True,True,True,False,False,False,True,True,True,True,False,2026-08-10 20:13:26,True,True,True,False,False,True,False,False,,openedx,0,['https://openedx.atlassian.net/wiki/display/OpenOPS/Running+Fullstack: 404'],False,"['https://docs.openedx.org/en/latest/developers/references/developer_guide/internationalization/i18n.html', 'https://xblock-tutorial.readthedocs.io/en/latest/', 'https://travis-ci.org/edx-solutions/xblock-google-drive.svg?branch=master', 'https://travis-ci.org/edx-solutions/xblock-google-drive']",True,True,False,False,,,False,,,,True,True,,True,xblock-google-drive,['3.12'],https://github.com/openedx/xblock-google-drive,True,True,True,False
openedx/pr_watcher_notifier,,,,,,,0,0,,,False,2026-08-31,False,False,False,False,0,0,0,0,0,0,0,0,0,0,False,,False,False,True,False,False,True,True,True,False,False,False,False,False,False,True,False,False,False,2026-05-30 15:32:44,True,False,False,False,False,True,False,False,,openedx,0,['https://pythonhosted.org/Flask-Mail/: 404'],False,"['https://developer.github.com/webhooks/creating/', 'https://github.com/settings/tokens', 'https://github.com/lgp171188/custom_templates']",True,True,False,False,,,False,,,,False,False,,False,,[],,False,False,False,False
openedx/DoneXBlock,,,,,,,3,2,0.9535,91,True,2026-08-31,True,True,False,False,127,0,0,0,0,20,127,7,7,6,False,,True,False,True,False,False,True,True,True,True,True,False,True,False,True,False,True,True,False,2026-08-31 00:32:41,True,True,True,False,False,True,False,False,,openedx,0,"['https://www.gnu.org/licenses/agpl-3.0: HTTPSConnectionPool(host=\'www.gnu.org\', port=443): Max retries exceeded with url: /licenses/agpl-3.0 (Caused by NewConnectionError(""HTTPSConnection(host=\'www.gnu.org\', port=443): Failed to establish a new connection: [Errno 101] Network is unreachable""))', 'https://openedx.slack.com/: 403', 'https://open-edx-backstage.herokuapp.com/catalog/default/component/DoneXBlock: 404']",True,"['https://img.shields.io/badge/License-AGPL_v3-blue.svg', 'https://github.com/openedx/DoneXBlock/actions/workflows/ci.yml/badge.svg', 'https://github.com/openedx/DoneXBlock/actions/workflows/ci.yml', 'https://github.com/openedx/DoneXBlock/actions/workflows/pypi-release.yml/badge.svg', 'https://github.com/openedx/DoneXBlock/actions/workflows/pypi-release.yml', 'https://img.shields.io/badge/status-maintained-31c653', 'https://openedx.org/r/xblock', 'https://docs.tutor.edly.io/configuration.html', 'https://discuss.openedx.org', 'https://github.com/openedx/DoneXBlock/issues', 'https://openedx.org/slack', 'https://openedx.org/getting-help', 'https://openedx.org/r/how-to-contribute', 'https://openedx.org/code-of-conduct/']",True,True,True,True,.readthedocs.yaml,2,False,,,,True,True,,True,done-xblock,"['3', '3.12']",https://github.com/openedx/DoneXBlock,True,True,True,False
openedx/event-bus-redis,,,,,,,2,6,0.8889,16188,True,2026-08-31,True,True,False,False,115,0,0,0,0,30,115,7,8,5,True,,True,True,True,True,False,True,True,True,True,False,False,True,False,True,True,True,True,False,2026-08-31 02:25:42,True,True,True,False,False,True,False,False,,openedx,0,"['https://docs.openedx.org/projects/event-bus-redis: 404', 'https://openedx.slack.com/: 403', 'https://open-edx-backstage.herokuapp.com/catalog/default/component/event-bus-redis: 404', 'https://event-bus-redis.readthedocs.io/en/latest/: 404']",True,"['https://redis.readthedocs.io/en/stable/examples/ssl_connection_examples.html', 'https://github.com/openedx/openedx-events/blob/06635f3642cee4020d6787df68bba694bd1233fe/openedx_events/event_bus/__init__.py', 'https://redis.io/commands/xread/', 'https://openedx.atlassian.net/wiki/spaces/AC/pages/3508699151/How+to+start+using+the+Event+Bus', 'https://openedx.atlassian.net/wiki/spaces/DOC/pages/21627535/Publish+Documentation+on+Read+the+Docs', 'https://discuss.openedx.org', 'https://github.com/openedx/event-bus-redis/issues', 'https://openedx.org/slack', 'https://openedx.org/getting-help', 'https://openedx.org/r/how-to-contribute', 'https://openedx.org/code-of-conduct/', 'https://img.shields.io/pypi/v/edx-event-bus-redis.svg', 'https://pypi.python.org/pypi/edx-event-bus-redis/', 'https://github.com/openedx/event-bus-redis/workflows/Python%20CI/badge.svg?branch=main', 'https://github.com/openedx/event-bus-redis/actions', 'https://codecov.io/github/openedx/event-bus-redis/coverage.svg?branch=main', 'https://codecov.io/github/openedx/event-bus-redis?branch=main', 'https://readthedocs.org/projects/edx-event-bus-redis/badge/?version=latest', 'https://img.shields.io/pypi/pyversions/edx-event-bus-redis.svg', 'https://pypi.python.org/pypi/event-bus-redis/', 'https://img.shields.io/github/license/openedx/event-bus-redis.svg', 'https://github.com/openedx/event-bus-redis/blob/main/LICENSE.txt', 'https://img.shields.io/badge/Status-Experimental-yellow']",True,True,True,True,.readthedocs.yaml,2,False,,,,True,True,,True,edx_event_bus_redis,"['3', '3.12']",https://github.com/openedx/event-bus-redis,True,True,True,False
openedx/openedx-events,,,,,,,6,4,0.7619,140717,True,2026-08-31,True,True,False,False,121,0,0,0,0,20,121,5,6,3,True,,True,True,True,False,True,True,True,True,True,True,False,True,False,True,True,True,True,False,2026-08-31 00:33:29,True,True,True,False,False,True,False,False,,openedx,0,['https://openedx.slack.com/: 403'],True,"['https://open-edx-proposals.readthedocs.io/en/latest/oep-0050-hooks-extension-framework.html', 'https://docs.openedx.org/en/latest/developers/how-tos/get-ready-for-python-dev.html', 'https://openedx-events.readthedocs.io/en/latest/', 'https://discuss.openedx.org', 'https://github.com/openedx/openedx-events/issues', 'https://openedx.org/slack', 'https://openedx.org/getting-help', 'https://openedx.org/r/how-to-contribute', 'https://openedx.org/code-of-conduct/', 'https://backstage.openedx.org/catalog/default/component/openedx-events', 'https://img.shields.io/pypi/v/openedx-events.svg', 'https://pypi.python.org/pypi/openedx-events/', 'https://github.com/openedx/openedx-events/actions/workflows/ci.yml/badge.svg?branch=main', 'https://github.com/openedx/openedx-events/actions/workflows/ci.yml', 'https://codecov.io/github/openedx/openedx-events/coverage.svg?branch=main', 'https://codecov.io/github/openedx/openedx-events?branch=main', 'https://readthedocs.org/projects/openedx-events/badge/?version=latest', 'https://img.shields.io/pypi/pyversions/openedx-events.svg', 'https://img.shields.io/github/license/openedx/openedx-events.svg', 'https://github.com/openedx/openedx-events/blob/main/LICENSE.txt', 'https://img.shields.io/badge/Status-Maintained-brightgreen']",True,True,True,True,.readthedocs.yaml,2,False,,,,True,True,,True,openedx-events,"['3', '3.12']",https://github.com/openedx/openedx-events,True,True,True,False
openedx/edx-submissions,,,,,,,4,6,0.6667,125,True,2026-08-31,True,True,False,False,106,0,0,0,0,10,106,8,11,4,True,,True,False,True,False,False,True,True,True,True,True,False,True,False,True,True,True,True,False,2026-08-17 21:33:38,True,False,False,False,False,True,False,False,,openedx,4,"['https://docs.openedx.org/projects/edx-submissions: 404', 'https://openedx.org/getting-help: 403', 'https://openedx.org/slack: 403', 'https://openedx.slack.com/: 403', 'https://openedx.org/r/how-to-contribute: 403', 'https://openedx.org/code-of-conduct/: 403']",True,"['https://discuss.openedx.org', 'https://github.com/openedx/edx-submissions/issues', 'https://backstage.openedx.org/catalog/default/component/edx-submissions', 'https://img.shields.io/pypi/v/edx-submissions.svg', 'https://pypi.python.org/pypi/edx-submissions/', 'https://github.com/openedx/edx-submissions/actions/workflows/ci.yml/badge.svg?branch=master', 'https://github.com/openedx/edx-submissions/actions/workflows/ci.yml?branch=master', 'https://codecov.io/github/openedx/edx-submissions/coverage.svg?branch=master', 'https://codecov.io/github/openedx/edx-submissions?branch=master', 'https://readthedocs.org/projects/edx-submissions/badge/?version=latest', 'https://img.shields.io/pypi/pyversions/edx-submissions.svg', 'https://img.shields.io/github/license/openedx/edx-submissions.svg', 'https://github.com/openedx/edx-submissions/blob/master/LICENSE.txt', 'https://img.shields.io/badge/Status-Experimental-yellow', 'https://img.shields.io/badge/Status-Maintained-brightgreen', 'https://img.shields.io/badge/Status-Deprecated-orange', 'https://img.shields.io/badge/Status-Unsupported-red']",True,True,True,True,.readthedocs.yaml,2,False,,,,True,True,,True,edx-submissions,"['3', '3.12']",http://github.com/openedx/edx-submissions.git,True,True,True,False
openedx/xqueue,,,,,,,0,1,0.0,,True,2026-08-31,False,False,False,False,59,0,0,0,0,57,59,5,7,3,False,,True,False,True,False,False,True,True,True,False,False,False,False,False,True,False,False,True,False,2026-07-30 14:21:13,True,True,True,False,False,True,False,False,,openedx,2,['https://open.edx.org/getting-help: 403'],True,['https://github.com/openedx/public-engineering/issues/286'],True,True,True,False,,,False,,,,True,True,,False,,[],,True,False,True,False
openedx/openedx-chem,,,,,,,0,0,0.0,6,True,2026-08-31,False,False,False,False,39,0,0,0,0,9,39,0,0,0,False,,True,False,True,False,False,True,True,True,False,True,False,False,False,True,False,True,True,False,2026-05-30 15:29:42,True,False,False,False,False,False,False,False,,openedx,2,[],False,"['https://github.com/openedx/edx-platform', 'https://github.com/openedx/openedx-chem/blob/master/LICENSE']",True,True,False,False,,,False,,,,False,True,,True,chem,"['3', '3.12']",https://github.com/openedx/openedx-chem,True,True,True,False
openedx/eslint-config,,,,,,,0,0,,,False,2026-08-31,False,False,False,False,9,0,0,0,9,0,0,0,0,0,False,,False,False,True,False,False,False,True,True,False,False,True,False,False,False,False,False,False,False,2026-08-25 20:09:10,True,False,False,False,False,False,False,False,@edx/eslint-config,openedx,0,"['https://www.npmjs.com/package/@edx/eslint-config: 403', 'https://www.npmjs.com/package/eslint-config-airbnb-typescript: 403']",False,"['https://github.com/openedx/eslint-config/actions/workflows/release.yml/badge.svg', 'https://github.com/openedx/eslint-config/actions/workflows/release.yml/', 'https://img.shields.io/npm/v/@edx/eslint-config.svg', 'https://img.shields.io/npm/dt/@edx/eslint-config.svg', 'https://img.shields.io/npm/l/@edx/eslint-config.svg', 'https://github.com/openedx/eslint-config/blob/master/LICENSE', 'https://img.shields.io/badge/%20%20%F0%9F%93%A6%F0%9F%9A%80-semantic--release-e10079.svg', 'https://github.com/semantic-release/semantic-release']",True,True,False,False,,,True,2025-12-08,2024-04-29,9,False,False,,False,,[],,False,False,False,False
openedx/cc2olx,,,,,,,2,1,0.9333,1020470,True,2026-08-31,True,True,False,False,67,0,0,0,0,11,67,1,1,0,False,,True,True,True,False,True,True,True,True,True,True,False,False,False,True,True,True,True,False,2026-08-10 20:02:13,True,True,False,False,False,True,False,False,,openedx,2,[],False,"['https://github.com/openedx/cc2olx/workflows/Python%20CI/badge.svg?branch=master', 'https://github.com/openedx/cc2olx/actions?query=workflow%3A%22Python+CI%22', 'https://www.imsglobal.org/activity/common-cartridge', 'https://github.com/raccoongang/xblock-pdf', 'https://github.com/openedx/xblock-google-drive', 'https://s3.amazonaws.com/public-imscc/c075c6df1f674a7b9d9192307e812f74.imscc', 'https://lor.instructure.com/resources/c075c6df1f674a7b9d9192307e812f74', 'https://s3.amazonaws.com/public-imscc/faa3332ffd834070ad81d97bdb236649.imscc', 'https://lor.instructure.com/resources/faa3332ffd834070ad81d97bdb236649', 'https://s3.amazonaws.com/public-imscc/d933c048da6d4fd5a9cb552148d628cb.imscc', 'https://lor.instructure.com/resources/d933c048da6d4fd5a9cb552148d628cb']",True,True,False,False,,,False,,,,True,True,,True,cc2olx,"['3', '3.12']",https://github.com/openedx/cc2olx,True,True,True,False
openedx/openedx-app-foundation-android,,,,,,,0,4,,,False,2026-08-31,False,False,False,False,0,0,0,0,0,0,0,0,0,0,False,,False,False,True,False,False,False,True,True,False,False,False,False,False,False,False,False,False,False,2026-07-30 14:21:49,True,False,False,False,False,False,False,False,,openedx,0,[],False,['https://jitpack.io'],True,True,False,False,,,False,,,,False,False,,False,,[],,False,False,False,False
openedx/aspects-dbt,,,,,,,2,10,1.0,33570,False,2026-08-31,True,True,False,False,0,0,0,0,0,0,0,0,0,0,False,,False,False,True,False,False,True,True,True,True,False,False,False,True,False,False,False,False,False,2026-07-30 14:21:43,True,False,False,False,False,False,False,False,,openedx,0,"['https://openedx.slack.com/: 403', 'https://open-edx-backstage.herokuapp.com/catalog/default/component/openedx-event-sink-clickhouse: 404']",True,"['https://openedx.github.io/aspects-dbt/', 'https://clickhouse.com', 'https://docs.openedx.org/projects/openedx-aspects/en/latest/index.html', 'https://docs.getdbt.com/reference/resource-properties/unit-tests', 'https://discuss.openedx.org', 'https://github.com/openedx/aspects-dbt/issues', 'https://openedx.org/slack', 'https://openedx.org/getting-help', 'https://openedx.org/r/how-to-contribute', 'https://openedx.org/code-of-conduct/']",True,True,True,False,,,False,,,,False,False,,False,,[],,False,False,False,False
openedx/edx-enterprise-subsidy-client,,,,,,,6,9,0.9286,477716,True,2026-08-31,True,True,False,False,103,0,0,0,0,19,103,5,6,4,True,,True,True,True,False,True,True,True,True,True,True,False,True,False,True,True,True,True,False,2026-08-27 11:57:40,True,False,True,False,False,True,False,False,,openedx,0,"['https://docs.openedx.org/projects/edx-enterprise-subsidy-client/how-tos/how-to-deploy-this-component.html: 404', 'https://docs.openedx.org/projects/edx-enterprise-subsidy-client: 404', 'https://openedx.slack.com/: 403', 'https://open-edx-backstage.herokuapp.com/catalog/default/component/edx-enterprise-subsidy-client: 404', 'https://edx-enterprise-subsidy-client.readthedocs.io/en/latest/: 404']",True,"['https://openedx.atlassian.net/wiki/spaces/DOC/pages/21627535/Publish+Documentation+on+Read+the+Docs', 'https://discuss.openedx.org', 'https://github.com/openedx/edx-enterprise-subsidy-client/issues', 'https://openedx.org/slack', 'https://openedx.org/getting-help', 'https://openedx.org/r/how-to-contribute', 'https://openedx.org/code-of-conduct/', 'https://img.shields.io/pypi/v/edx-enterprise-subsidy-client.svg', 'https://pypi.python.org/pypi/edx-enterprise-subsidy-client/', 'https://github.com/openedx/edx-enterprise-subsidy-client/workflows/Python%20CI/badge.svg?branch=main', 'https://github.com/openedx/edx-enterprise-subsidy-client/actions', 'https://codecov.io/github/openedx/edx-enterprise-subsidy-client/coverage.svg?branch=main', 'https://codecov.io/github/openedx/edx-enterprise-subsidy-client?branch=main', 'https://readthedocs.org/projects/edx-enterprise-subsidy-client/badge/?version=latest', 'https://img.shields.io/pypi/pyversions/edx-enterprise-subsidy-client.svg', 'https://img.shields.io/github/license/openedx/edx-enterprise-subsidy-client.svg', 'https://github.com/openedx/edx-enterprise-subsidy-client/blob/main/LICENSE.txt', 'https://img.shields.io/badge/Status-Experimental-yellow', 'https://img.shields.io/badge/Status-Maintained-brightgreen', 'https://img.shields.io/badge/Status-Deprecated-orange', 'https://img.shields.io/badge/Status-Unsupported-red']",True,True,True,True,.readthedocs.yaml,2,False,,,,False,True,,True,edx-enterprise-subsidy-client,"['3', '3.12']",https://github.com/openedx/edx-enterprise-subsidy-client,False,True,True,False
openedx/frontend-app-profile,,,,,,,3,5,0.4524,222,False,2026-08-31,True,True,False,False,44,0,0,35,9,0,0,0,0,0,False,,False,False,True,False,False,True,True,True,True,False,True,False,False,False,False,False,False,False,2026-08-31 00:26:16,True,False,False,False,False,True,False,False,@edx/frontend-app-profile,openedx,0,"['https://github.com/openedx/frontend-app-profile/blob/main/LICENSE: 404', 'https://openedx.slack.com/: 403', 'https://openedx.slack.com/archives/C04BM6YC7A6: 403', 'https://backstage.herokuapp.com/catalog/default/component/frontend-app-profile: 502']",True,"['https://img.shields.io/github/license/openedx/frontend-app-profile.svg', 'https://img.shields.io/badge/Status-Maintained-brightgreen', 'https://github.com/openedx/frontend-app-profile/actions/workflows/ci.yml/badge.svg', 'https://github.com/openedx/frontend-app-profile/actions/workflows/ci.yml', 'https://codecov.io/github/openedx/frontend-app-profile/coverage.svg?branch=main', 'https://codecov.io/github/openedx/frontend-app-profile?branch=main', 'https://github.com/overhangio/tutor', 'https://github.com/overhangio/tutor-mfe', 'https://github.com/openedx/frontend-app-profile.git', 'https://github.com/nvm-sh/nvm', 'https://github.com/openedx/frontend-plugin-framework', 'https://discuss.openedx.org', 'https://github.com/openedx/frontend-app-profile/issues', 'https://openedx.org/slack', 'https://openedx.org/getting-help', 'https://openedx.org/r/how-to-contribute', 'https://openedx.org/code-of-conduct/']",True,True,True,False,,,True,2026-04-06,2025-07-21,5,False,False,,False,,[],,False,False,False,False
openedx/xblock-drag-and-drop-v2,,,,,,,4,4,0.875,53729,True,2026-08-31,True,True,False,False,95,0,0,0,0,33,95,8,9,6,False,,False,False,True,False,False,True,True,True,True,True,False,True,False,True,False,True,True,False,2026-08-17 12:48:54,True,True,False,False,False,True,False,False,,openedx,0,[],False,"['https://docs.openedx.org/en/latest/educators/references/course_development/problem_settings.html', 'https://github.com/open-craft/demo-courses/archive/drag-and-drop-v2.tar.gz', 'https://docs.openedx.org/projects/xblock/en/latest/xblock-tutorial/edx_platform/edx_lms.html', 'https://github.com/openedx/i18n-tools', 'https://github.com/openedx/openedx-translations']",True,True,False,False,,,False,,,,True,True,,True,xblock-drag-and-drop-v2,['3.12'],https://github.com/openedx/xblock-drag-and-drop-v2,True,True,True,False
openedx/openedx-app-android,,,,,,,2,6,0.7895,7,False,2026-08-31,True,True,False,False,0,0,0,0,0,0,0,0,0,0,False,,False,False,True,False,False,True,True,True,True,False,False,False,False,False,False,False,False,False,2026-08-24 23:54:45,True,False,False,False,False,False,False,False,,openedx,0,"['https://app.transifex.com/open-edx/openedx-translations/dashboard/: 403', 'https://app.transifex.com/open-edx/openedx-translations/openedx-app-android/: 404']",False,"['https://github.com/openedx/openedx-app-android.git', 'https://docs.openedx.org/en/latest/developers/concepts/oep58.html', 'https://github.com/openedx/openedx-atlas', 'https://github.com/openedx/openedx-translations', 'https://github.com/openedx/openedx-translations/blob/04ccea36b8e6a9889646dfb5a5acb99686fa9ae0/translations/openedx-app-android/i18n/src/main/res/values-uk/strings.xml', 'https://github.com/openedx/openedx-atlas/issues/20', 'https://github.com/apps/transifex-integration', 'https://github.com/openedx/openedx-app-android/blob/main/LICENSE']",True,True,False,False,,,False,,,,False,False,,False,,[],,False,False,False,False
openedx/event-tracking,,,,,,,5,5,0.9615,31045,True,2026-08-31,True,True,False,False,0,0,0,0,0,0,0,0,0,0,False,,True,False,True,False,True,True,True,True,True,True,False,True,True,False,False,False,True,False,2026-08-31 02:54:43,True,False,False,False,False,True,False,False,,openedx,0,"['http://www.edx.org/some/path/1: 404', 'http://www.edx.org/some/path/2: 404']",False,"['http://code.edx.org/', 'http://event-tracking.readthedocs.org/en/latest/', 'https://github.com/openedx/edx-platform/wiki/How-To-Contribute', 'https://groups.google.com/forum/', 'https://github.com/openedx/event-tracking/workflows/Python%20CI/badge.svg?branch=master', 'https://github.com/openedx/event-tracking/actions?query=workflow%3A%22Python+CI%22']",True,False,True,False,,,False,,,,False,False,,False,,[],,True,False,True,False
openedx/xblock-image-explorer,,,,,,,3,2,0.8571,49686,True,2026-08-31,True,True,False,False,84,0,0,0,0,28,84,6,6,4,False,,False,False,True,False,False,True,True,True,True,False,False,True,False,True,False,True,True,False,2026-08-10 20:12:58,True,True,False,False,False,False,False,False,,openedx,0,"['http://link/to/image.jpg: HTTPConnectionPool(host=\'link\', port=80): Max retries exceeded with url: /to/image.jpg (Caused by NameResolutionError(""HTTPConnection(host=\'link\', port=80): Failed to resolve \'link\' ([Errno -3] Temporary failure in name resolution)""))']",False,"['https://github.com/openedx/xblock-image-explorer/actions/workflows/ci.yml/badge.svg', 'https://github.com/openedx/xblock-image-explorer/actions/workflows/ci.yml', 'https://raw.githubusercontent.com/openedx/xblock-image-explorer/3b67392a73edcd606f4e3fb30cfa8b3cc20720d3/doc/img/student-view.png', 'https://raw.githubusercontent.com/openedx/xblock-image-explorer/3b67392a73edcd606f4e3fb30cfa8b3cc20720d3/doc/img/edit-view.png']",True,True,False,False,,,False,,,,True,True,,True,xblock-image-explorer,['3.12'],https://github.com/openedx/xblock-image-explorer,True,True,True,False
openedx/edx-organizations,,,,,,,3,2,0.8846,1252687,True,2026-08-31,True,True,False,False,37,0,0,0,0,31,37,5,9,4,False,,True,False,True,False,True,True,True,True,True,True,False,True,False,True,True,True,True,False,2026-08-31 00:48:02,True,False,True,False,False,True,False,False,,openedx,7,['https://coveralls.io/github/edx/edx-organizations?branch=master: 403'],False,"['https://github.com/openedx/edx-organizations/workflows/Python%20CI/badge.svg?branch=master', 'https://github.com/openedx/edx-organizations/actions?query=workflow%3A%22Python+CI%22', 'https://coveralls.io/repos/github/edx/edx-organizations/badge.svg?branch=master', 'https://github.com/openedx/.github/blob/master/CONTRIBUTING.md', 'https://groups.google.com/forum/']",True,False,True,False,,,False,,,,True,True,,True,edx-organizations,"['3', '3.12']",https://github.com/openedx/edx-organizations,True,True,True,False
openedx/openedx-webhooks-data-schema,,,,,,,0,0,0.6667,12513,True,2026-08-31,False,False,False,False,74,0,0,0,0,2,74,2,2,1,False,,False,True,True,False,True,True,True,True,False,True,False,True,False,True,True,True,False,False,2025-07-30 09:30:08,True,True,True,False,False,True,False,False,,openedx,5,['https://openedx.slack.com/: 403'],True,"['https://github.com/openedx/.github/blob/master/CONTRIBUTING.md', 'https://discuss.openedx.org', 'https://openedx.org/slack', 'https://openedx.org/getting-help']",True,True,True,False,,,False,,,,False,True,,True,repo-tools-data-schema,"['3', '3.11', '3.12']",https://github.com/openedx/repo-tools-data-schema,False,False,False,False
openedx/XBlock,,,,,,,6,7,0.931,111555,True,2026-08-31,True,True,False,False,0,0,0,0,0,0,0,0,0,0,True,,True,False,True,False,True,True,True,True,True,True,False,True,True,False,False,False,True,False,2026-08-30 00:21:07,True,False,True,False,False,True,False,False,,openedx,0,"['http://scorm.com/scorm-explained/: 403', 'https://openedx.org/slack: 403', 'https://openedx.slack.com/: 403', 'https://openedx.org/getting-help: 403', 'https://github.com/openedx/XBlock/blob/master/LICENSE.txt: 404', 'https://openedx.org/r/how-to-contribute: 403', 'https://openedx.org/code-of-conduct/: 403']",True,"['http://www.lon-capa.org/', 'http://www.imsglobal.org/toolsinteroperability2.cfm', 'https://github.com/openedx/XBlock/blob/master/CHANGELOG.rst', 'https://github.com/openedx/XBlock/blob/master/xblock/__init__.py', 'https://github.com/openedx/xblock-sdk', 'https://docs.openedx.org/projects/xblock/en/latest/xblock-tutorial/index.html', 'https://discuss.openedx.org', 'https://github.com/openedx/XBlock/issues', 'https://backstage.openedx.org/catalog/default/component/xblock', 'https://img.shields.io/pypi/v/XBlock.svg', 'https://pypi.python.org/pypi/XBlock/', 'https://github.com/openedx/XBlock/workflows/Python%20CI/badge.svg?branch=master', 'https://github.com/openedx/XBlock/actions', 'https://codecov.io/github/openedx/XBlock/coverage.svg?branch=master', 'https://codecov.io/github/openedx/XBlock?branch=master', 'https://readthedocs.org/projects/XBlock/badge/?version=latest', 'https://docs.openedx.org/projects/xblock/en/latest/', 'https://img.shields.io/pypi/pyversions/XBlock.svg', 'https://img.shields.io/github/license/openedx/XBlock.svg', 'https://img.shields.io/badge/Status-Maintained-brightgreen']",True,True,True,True,.readthedocs.yaml,2,False,,,,False,False,,False,,[],,True,True,True,False
openedx/edx-celeryutils,,,,,,,2,1,0.7083,1813542,True,2026-08-31,True,True,False,False,129,0,0,0,0,21,129,4,6,2,False,,True,False,True,False,True,True,True,True,True,True,False,True,False,True,True,True,True,False,2026-08-17 21:39:34,True,True,True,False,False,True,False,False,,openedx,4,"['http://edx-celeryutils.readthedocs.io/en/latest/?badge=latest: 404', 'http://edx-celeryutils.readthedocs.io/en/latest/: 404']",True,"['https://img.shields.io/pypi/v/edx-celeryutils.svg', 'https://pypi.python.org/pypi/edx-celeryutils/', 'https://github.com/openedx/edx-celeryutils/workflows/Python%20CI/badge.svg?branch=master', 'https://github.com/openedx/edx-celeryutils/actions?query=workflow%3A%22Python+CI%22', 'http://codecov.io/github/edx/edx-celeryutils/coverage.svg?branch=master', 'http://codecov.io/github/edx/edx-celeryutils?branch=master', 'https://img.shields.io/pypi/pyversions/edx-celeryutils.svg', 'https://img.shields.io/github/license/edx/edx-celeryutils.svg', 'https://github.com/openedx/edx-celeryutils/blob/master/LICENSE.txt', 'https://openedx.atlassian.net/wiki/spaces/DOC/pages/21627535/Publish+Documentation+on+Read+the+Docs', 'https://github.com/openedx/.github/blob/master/CONTRIBUTING.md', 'https://open.edx.org/getting-help']",True,True,True,False,,,False,,,,True,True,,True,edx-celeryutils,"['3', '3.12']",https://github.com/openedx/edx-celeryutils,True,True,True,False
openedx/openedx-atlas,,,,,,,2,0,0.3333,750752,False,2026-08-31,True,True,False,False,0,0,0,0,0,0,0,0,0,0,False,,True,True,True,False,False,True,True,True,True,False,True,False,False,False,False,True,False,False,2026-08-03 14:50:42,True,False,False,False,False,True,False,False,@edx/openedx-atlas,openedx,0,['https://www.npmjs.com/package/@edx/openedx-atlas: 403'],True,"['https://pypi.org/project/openedx-atlas/', 'https://github.com/openedx/openedx-atlas/releases/latest/', 'https://github.com/openedx/openedx-atlas/blob/main/atlas', 'https://github.com/openedx/openedx-atlas/releases/latest/download/atlas', 'https://github.com/shellspec/shellspec', 'https://github.com/koalaman/shellcheck', 'https://github.com/ko1nksm/getoptions', 'https://semver.org/', 'https://github.com/semantic-release/semantic-release/', 'https://open-edx-proposals.readthedocs.io/en/latest/oep-0051-bp-conventional-commits.html', 'https://openedx.atlassian.net/wiki/spaces/COMM/pages/941457737/How+to+start+contributing+to+the+Open+edX+code+base', 'https://open.edx.org/getting-help']",True,True,False,False,,,True,,,0,False,False,,False,openedx-atlas,[],https://github.com/openedx/openedx-atlas,False,False,False,False
openedx/pr_watcher_configuration,,,,,,,0,0,,,False,2026-08-31,False,False,False,False,0,0,0,0,0,0,0,0,0,0,False,,False,True,False,False,False,False,True,True,False,False,False,False,False,False,False,False,False,False,2024-12-16 20:05:07,True,False,False,False,False,False,False,False,,openedx,0,[],False,['https://github.com/open-craft/pr_watcher_notifier'],True,True,True,False,,,False,,,,False,False,,False,,[],,False,False,False,False
openedx/frontend-component-header,,,,,,,1,6,0.7143,6,False,2026-08-31,False,False,False,False,29,0,0,10,19,0,0,0,0,0,False,,False,False,True,False,False,True,True,True,False,False,True,False,False,False,False,False,False,False,2026-08-28 21:34:55,True,False,False,False,False,False,False,False,@edx/frontend-component-header,openedx,0,"['https://github.com/openedx/frontend-template-application/blob/master/src/index.jsx: 404', 'https://edx.github.io/frontend-platform/module-Internationalization.html: 404', 'https://openedx.slack.com/: 403', 'https://openedx.slack.com/archives/C04BM6YC7A6: 403', 'https://api.travis-ci.com/edx/frontend-component-header.svg?branch=master: 404', 'https://travis-ci.com/edx/frontend-component-header: 404']",False,"['https://github.com/openedx/devstack', 'https://github.com/overhangio/tutor', 'https://github.com/overhangio/tutor-mfe', 'https://github.com/openedx/frontend-component-header.git', 'https://github.com/nvm-sh/nvm', 'https://github.com/openedx/frontend-plugin-framework', 'https://github.com/openedx/frontend-template-application/blob/3355bb3a96232390e9056f35b06ffa8f105ed7ca/src/index.jsx', 'https://github.com/openedx/frontend-template-application/blob/3cd5485bf387b8c479baf6b02bf59e3061dc3465/src/index.scss', 'https://openedx.org/r/how-to-contribute', 'https://discuss.openedx.org', 'https://github.com/openedx/frontend-component-header/issues', 'https://openedx.org/slack', 'https://openedx.org/community/connect', 'https://openedx.org/code-of-conduct/', 'https://img.shields.io/codecov/c/github/edx/frontend-component-header', 'https://img.shields.io/npm/v/@edx/frontend-component-header.svg', 'https://img.shields.io/npm/dt/@edx/frontend-component-header.svg', 'https://img.shields.io/npm/l/@edx/frontend-component-header.svg', 'https://img.shields.io/badge/%20%20%F0%9F%93%A6%F0%9F%9A%80-semantic--release-e10079.svg', 'https://github.com/semantic-release/semantic-release']",True,True,True,False,,,True,2026-04-06,2024-01-01,6,False,False,,False,,[],,False,False,False,False
openedx/frontend-component-cookie-policy-banner,,,,,,,0,1,,,False,2026-08-31,False,False,False,False,55,0,0,8,47,0,0,0,0,0,False,,False,False,True,False,False,False,True,True,False,True,True,False,False,False,False,False,False,False,2026-05-20 13:21:13,True,False,False,False,False,False,False,False,@edx/frontend-component-cookie-policy-banner,openedx,0,"['https://www.npmjs.com/package/@edx/frontend-component-cookie-policy-banner: 403', 'https://github.com/openedx/frontend-component-cookie-policy-banner.svg/blob/master/LICENSE: 404', 'https://imgur.com/mZct2v5.png: 429']",False,"['https://badges.greenkeeper.io/edx/frontend-component-cookie-policy-banner.svg', 'https://greenkeeper.io/', 'https://img.shields.io/npm/v/@edx/frontend-component-cookie-policy-banner.svg', 'https://img.shields.io/npm/dt/@edx/frontend-component-cookie-policy-banner.svg', 'https://img.shields.io/npm/l/@edx/frontend-component-cookie-policy-banner.svg', 'https://github.com/semantic-release/semantic-release', 'https://github.com/openedx/frontend-component-cookie-policy-banner', 'https://github.com/storybooks/storybook', 'https://open.edx.org/code-of-conduct/']",True,True,True,False,,,True,2021-12-07,,0,False,False,,False,,[],,False,False,False,False
openedx/tutor-contrib-aspects-sample,,,,,,,2,0,0.0,,False,2026-08-31,False,False,False,False,0,0,0,0,0,0,0,0,0,0,False,,False,False,True,False,False,True,True,False,False,False,False,False,True,False,False,False,False,False,2026-08-03 14:34:02,True,False,False,False,False,True,False,False,,openedx,0,[],False,"['https://docs.tutor.edly.io', 'https://github.com/saraburns1/tutor-contrib-aspects-sample', 'https://superset.apache.org/docs', 'https://www.getdbt.com/docs/', 'https://clickhouse.com/docs', 'https://docs.tutor.overhang.io', 'https://event-routing-backends.readthedocs.io/en/latest/']",True,True,False,False,,,False,,,,False,False,,False,,[],,False,False,False,False
openedx/credentials,,,,,,,3,5,0.7857,1792217,True,2026-08-31,True,True,False,False,236,0,0,14,21,134,201,27,35,20,False,,True,False,True,True,False,True,True,True,True,False,True,True,True,True,False,False,True,False,2026-08-28 20:24:19,True,False,True,True,False,False,False,False,,openedx,4,['http://openedx.slack.com/: 403'],False,"['https://github.com/openedx/credentials/actions/workflows/ci.yml/badge.svg', 'https://github.com/openedx/credentials/actions?query=workflow%3ACI', 'https://codecov.io/github/openedx/credentials/coverage.svg?branch=master', 'https://codecov.io/github/openedx/credentials?branch=master', 'https://img.shields.io/badge/Status-Maintained-brightgreen', 'https://img.shields.io/github/license/openedx/credentials.svg', 'https://github.com/openedx/credentials/blob/master/LICENSE', 'https://github.com/openedx/openedx-platform/tree/master', 'https://docs.tutor.edly.io/', 'https://github.com/overhangio/tutor-credentials', 'https://github.com/openedx/frontend-app-learner-record', 'https://edx-credentials.readthedocs.io/en/latest/', 'https://github.com/openedx/credentials/tree/master/docs', 'https://github.com/openedx/.github/blob/master/CONTRIBUTING.md', 'https://discuss.openedx.org']",True,True,True,True,.readthedocs.yaml,2,True,2026-04-09,2025-08-21,4,True,True,,False,,[],,True,False,True,False
openedx/django-pyfs,,,,,,,2,1,0.9286,930967,True,2026-08-31,True,True,False,False,92,0,0,0,0,32,92,3,3,1,False,,True,False,True,False,True,True,True,True,True,False,False,True,False,True,True,True,True,False,2026-08-10 20:07:52,True,True,True,False,False,True,False,False,,openedx,5,['https://github.com/openedx/django-pyfs/blob/master/LICENSE.txt: 404'],False,"['https://img.shields.io/pypi/v/openedx-django-pyfs.svg', 'https://pypi.python.org/pypi/openedx-django-pyfs/', 'https://github.com/openedx/django-pyfs/workflows/Python%20CI/badge.svg?branch=master', 'https://github.com/openedx/django-pyfs/actions?query=workflow%3A%22Python+CI%22', 'http://codecov.io/github/openedx/django-pyfs/coverage.svg?branch=master', 'http://codecov.io/github/openedx/django-pyfs?branch=master', 'https://img.shields.io/pypi/pyversions/openedx-django-pyfs.svg', 'https://pypi.python.org/pypi/openedx-django-pyfs', 'https://img.shields.io/github/license/openedx/django-pyfs.svg']",True,True,False,False,,,False,,,,True,True,,True,openedx-django-pyfs,"['3', '3.12']",https://github.com/openedx/django-pyfs,True,True,True,False
openedx/public-engineering,,,,,,,0,0,,,False,2026-08-31,True,True,False,False,0,0,0,0,0,0,0,0,0,0,False,,False,False,False,False,False,False,True,True,True,False,False,False,False,False,False,False,False,False,2025-03-05 16:20:54,True,False,False,False,False,False,False,False,,openedx,0,[],False,[],True,True,False,False,,,False,,,,False,False,,False,,[],,False,False,False,False
openedx/edx-toggles,,,,,,,2,1,0.9286,1418079,True,2026-08-31,True,True,False,False,112,0,0,0,0,18,112,6,7,4,True,,True,False,True,True,True,True,True,True,True,True,False,True,False,True,True,True,True,True,2026-08-10 20:08:32,True,True,True,False,False,True,False,True,,openedx,3,[],True,"['https://docs.openedx.org/projects/edx-toggles/en/latest/readme.html', 'https://github.com/openedx/edx-toggles', 'https://github.com/openedx/edx-toggles/blob/master/scripts/README.rst', 'https://github.com/openedx/.github/blob/master/CONTRIBUTING.md', 'https://github.com/openedx/edx-toggles/blob/master/.github/PULL_REQUEST_TEMPLATE.md', 'https://github.com/openedx/edx-toggles/blob/master/.github/ISSUE_TEMPLATE.md', 'https://open.edx.org/getting-help', 'https://img.shields.io/pypi/v/edx-toggles.svg', 'https://pypi.python.org/pypi/edx-toggles/', 'https://github.com/openedx/edx-toggles/workflows/Python%20CI/badge.svg?branch=master', 'https://github.com/openedx/edx-toggles/actions?query=workflow%3A%22Python+CI%22', 'http://codecov.io/github/edx/edx-toggles/coverage.svg?branch=master', 'http://codecov.io/github/edx/edx-toggles?branch=master', 'https://readthedocs.org/projects/edx-toggles/badge/?version=latest', 'http://edx-toggles.readthedocs.io/en/latest/', 'https://img.shields.io/pypi/pyversions/edx-toggles.svg', 'https://img.shields.io/github/license/edx/edx-toggles.svg', 'https://github.com/openedx/edx-toggles/blob/master/LICENSE.txt']",True,True,True,True,.readthedocs.yaml,2,False,,,,True,True,,True,edx-toggles,"['3', '3.12']",https://github.com/openedx/edx-toggles,True,True,True,False
openedx/completion,,,,,,,3,1,0.6667,1484163,True,2026-08-31,True,True,False,False,149,0,0,0,0,65,149,13,16,9,True,,True,False,True,False,True,True,True,True,True,True,False,True,False,True,True,True,True,True,2026-08-27 22:18:02,True,False,True,False,False,True,False,False,,openedx,3,"['http://your.lms.site/admin/waffle/switch/: HTTPConnectionPool(host=\'your.lms.site\', port=80): Max retries exceeded with url: /admin/waffle/switch/ (Caused by NameResolutionError(""HTTPConnection(host=\'your.lms.site\', port=80): Failed to resolve \'your.lms.site\' ([Errno -2] Name or service not known)""))', 'https://docs.openedx.org/projects/completion: 404', 'https://github.com/openedx/completion/blob/master/LICENSE.txt: 404']",False,"['https://docs.openedx.org/en/latest/educators/references/course_development/exercise_tools/completion.html', 'https://docs.openedx.org/en/latest/developers/how-tos/get-ready-for-python-dev.html', 'https://openedx.org/r/how-to-contribute', 'https://openedx.org/code-of-conduct/', 'https://backstage.openedx.org/catalog/default/component/completion', 'https://img.shields.io/pypi/v/edx-completion.svg', 'https://pypi.python.org/pypi/edx-completion/', 'https://github.com/openedx/completion/actions/workflows/ci.yml/badge.svg?branch=master', 'https://github.com/openedx/completion/actions/workflows/ci.yml?branch=master', 'http://codecov.io/github/edx/completion/coverage.svg?branch=master', 'http://codecov.io/github/edx/completion?branch=master', 'https://readthedocs.org/projects/completion/badge/?version=latest', 'https://img.shields.io/pypi/pyversions/edx-completion.svg', 'https://img.shields.io/github/license/edx/completion.svg', 'https://img.shields.io/badge/Status-Experimental-yellow', 'https://img.shields.io/badge/Status-Maintained-brightgreen', 'https://img.shields.io/badge/Status-Deprecated-orange', 'https://img.shields.io/badge/Status-Unsupported-red']",True,True,True,False,,,False,,,,True,True,,True,edx-completion,"['3', '3.12']",https://github.com/openedx/completion,True,True,True,False
openedx/olxcleaner,,,,,,,0,0,,,True,2026-08-31,False,False,False,False,101,0,0,0,0,5,101,2,2,1,False,,True,False,True,False,False,True,True,True,False,False,False,False,False,True,True,True,False,False,2026-05-30 15:27:43,True,False,True,False,False,True,False,False,,openedx,0,[],False,"['https://github.com/openedx/olxcleaner/actions/workflows/ci.yml/badge.svg', 'https://github.com/openedx/olxcleaner/actions/workflows/ci.yaml', 'https://codecov.io/gh/jolyonb/olxcleaner/branch/master/graphs/badge.svg', 'https://codecov.io/gh/jolyonb/olxcleaner', 'https://github.com/openedx/olxcleaner']",True,True,False,False,,,False,,,,False,True,,True,olxcleaner,"['3.11', '3.12']",https://github.com/openedx/olxcleaner,False,False,False,False
openedx/paragon,,,,,,,5,35,0.96,3,False,2026-08-31,True,True,False,False,93,0,0,43,50,0,0,0,0,0,False,,False,False,True,False,False,True,True,True,True,True,True,False,False,False,False,False,False,False,2026-08-31 00:24:56,True,False,False,False,False,True,False,False,,openedx,0,"['https://www.npmjs.com/package/@openedx/paragon: 403', 'https://openedx.slack.com/archives/C02NR285KV4: 403', 'https://cdn.jsdelivr.net/npm/@my-brand/core.min.css: 404', 'https://cdn.jsdelivr.net/npm/@my-brand/light.min.css: 404', 'https://github.com/openedx/eslint-config-edx/tree/master/packages/eslint-config-edx: 404', 'https://www.npmjs.com/package/eslint-config-airbnb: 403', 'https://facebook.github.io/jest/: 404', 'https://facebook.github.io/jest/docs/en/api.html: 404', 'https://facebook.github.io/jest/docs/en/getting-started.html: 404', 'http://facebook.github.io/jest/docs/en/snapshot-testing.html: 404']",False,"['https://github.com/openedx/paragon/actions/workflows/release.yml/badge.svg', 'https://github.com/openedx/paragon/actions/workflows/release.yml', 'https://img.shields.io/npm/v/@openedx/paragon.svg', 'https://img.shields.io/badge/status-Maintained-brightgreen', 'https://img.shields.io/github/license/openedx/paragon.svg', 'https://codecov.io/gh/edx/paragon/branch/master/graph/badge.svg?token=x1tZmNduy9', 'https://codecov.io/gh/edx/paragon', 'https://img.shields.io/npm/dw/@openedx/paragon', 'https://www.w3.org/WAI/standards-guidelines/aria/', 'https://openedx.org/', 'https://paragon-openedx.netlify.app/', 'https://openedx.org/slack', 'https://github.com/openedx/paragon/issues/new?template=blank-issue.md', 'https://calendar.google.com/calendar/embed?src=c_v86shrnegshsqgp4fj2k94u7bc%40group.calendar.google.com&ctz=America%2FNew_York', 'https://github.com/openedx/brand-openedx', 'https://formatjs.io/docs/react-intl/', 'https://github.com/openedx/paragon/tree/release-22.x', 'https://paragon-openedx-v22.netlify.app/', 'https://github.com/openedx/paragon/tree/release-23.x', 'https://paragon-openedx-v23.netlify.app/', 'https://github.com/openedx/paragon/tree/next', 'https://openedx.org/r/how-to-contribute', 'https://openedx.org/code-of-conduct/', 'https://github.com/openedx/paragon/issues', 'https://github.com/orgs/openedx/projects/43/views/15', 'https://github.com/openedx/frontend-build', 'http://eslint.org/docs/user-guide/integrations', 'http://eslint.org/docs/rules/comma-dangle', 'https://github.com/evcohen/eslint-plugin-jsx-a11y', 'https://github.com/evcohen/eslint-plugin-jsx-a11y/blob/master/docs/rules/no-noninteractive-element-interactions.md', 'https://github.com/airbnb/enzyme', 'http://airbnb.io/enzyme/', 'http://airbnb.io/enzyme/docs/api/index.html', 'https://github.com/openedx/paragon/blob/master/src/Dropdown/deprecated/Dropdown.test.jsx', 'https://github.com/openedx/paragon/blob/master/src/CheckBox/CheckBox.test.jsx', 'https://github.com/semantic-release/semantic-release', 'https://github.com/conventional-changelog/conventional-changelog/tree/master/packages/conventional-changelog-angular', 'https://github.com/conventional-changelog/commitlint/blob/master/%40commitlint/config-angular-type-enum/index.js', 'https://github.com/openedx/frontend-app-payment/pull/48', 'https://backstage.openedx.org/catalog/default/component/paragon', 'https://github.com/amzn/style-dictionary', 'https://github.com/openedx/frontend-platform/pull/440']",True,True,True,False,,,True,2026-04-22,2025-10-10,7,False,False,,False,,[],,False,False,False,False
openedx/openedx-backstage,,,,,,,1,0,1.0,,False,2026-08-31,True,True,False,False,11,0,0,0,11,0,0,0,0,0,False,,False,False,True,False,False,False,True,True,True,False,True,False,False,False,False,False,False,False,2026-08-14 18:51:58,True,False,False,False,False,False,False,False,,openedx,0,[],False,"['https://backstage.io', 'https://github.com/nvm-sh/nvm']",True,True,False,False,,,True,,,0,False,False,,False,,[],,False,False,False,False
openedx/tutor-contrib-platform-notifications,,,,,,,0,2,1.0,7,False,2026-08-31,False,False,False,False,0,0,0,0,0,0,0,0,0,0,False,,False,False,True,False,False,True,True,True,False,False,False,False,True,False,False,False,False,False,2026-05-31 19:03:12,True,False,False,False,False,True,False,False,,openedx,0,[],False,"['https://docs.tutor.edly.io', 'https://docs.openedx.org/en/latest/learners/sfd_notifications/index.html', 'https://github.com/openedx/tutor-contrib-notifications']",True,True,False,False,,,False,,,,False,False,,False,,[],,False,False,False,False
openedx/django-config-models,,,,,,,2,1,0.8667,1500174,True,2026-08-31,True,True,False,False,107,0,0,0,0,13,107,8,9,5,True,,True,False,True,False,True,True,True,True,True,True,False,True,False,True,True,True,True,False,2026-08-17 13:28:53,True,False,True,False,False,True,False,False,,openedx,1,['https://openedx.slack.com/: 403'],True,"['https://github.com/openedx/django-config-models/workflows/Python%20CI/badge.svg?branch=master', 'https://github.com/openedx/django-config-models/actions?query=workflow%3A%22Python+CI%22', 'http://codecov.io/github/openedx/django-config-models/coverage.svg?branch=master', 'http://codecov.io/github/openedx/django-config-models?branch=master', 'https://img.shields.io/pypi/v/django-config-models.svg', 'https://pypi.python.org/pypi/django-config-models/', 'https://readthedocs.org/projects/django-config-models/badge/?version=latest', 'http://django-config-models.readthedocs.io/en/latest/', 'https://img.shields.io/pypi/pyversions/django-config-models.svg', 'https://img.shields.io/github/license/edx/django-config-models.svg', 'https://github.com/openedx/django-config-models/blob/master/LICENSE.txt', 'https://img.shields.io/badge/Status-Maintained-brightgreen', 'https://django-config-models.readthedocs.org', 'https://discuss.openedx.org', 'https://github.com/openedx/django-config-models', 'https://openedx.org/slack', 'https://openedx.org/getting-help', 'https://github.com/openedx/.github/blob/master/CONTRIBUTING.md', 'https://openedx.org/code-of-conduct/', 'https://backstage.openedx.org/catalog/default/component/django-config-models']",True,True,True,True,.readthedocs.yaml,2,False,,,,True,True,,True,django-config-models,"['3', '3.12']",https://github.com/openedx/django-config-models,True,True,True,False
openedx/frontend-app-discussions,,,,,,,3,5,0.7,239,False,2026-08-31,True,True,False,False,41,0,0,29,12,0,0,0,0,0,False,,False,False,True,False,False,True,True,True,True,False,True,False,False,False,False,False,False,False,2026-08-26 12:45:38,True,False,False,False,False,True,False,False,@edx/frontend-app-discussions,openedx,0,"['https://edx.github.io/frontend-platform/module-Internationalization.html: 404', 'https://github.com/openedx/frontend-i18n/blob/master/docs/how_tos/i18n.rst: 404']",True,"['https://codecov.io/gh/openedx/frontend-app-discussions/branch/master/graph/badge.svg?token=3z7XvuzTq3', 'https://codecov.io/gh/openedx/frontend-app-discussions', 'https://img.shields.io/badge/license-AGPL-informational', 'https://github.com/openedx/frontend-app-discussions/blob/master/LICENSE', 'https://github.com/openedx/devstack', 'https://github.com/overhangio/tutor', 'https://github.com/overhangio/tutor-mfe', 'https://github.com/openedx/frontend-app-discussions.git', 'https://github.com/openedx/frontend-plugin-framework', 'https://discuss.openedx.org', 'https://github.com/openedx/frontend-app-discussions/issues', 'https://openedx.org/getting-help', 'https://docs.openedx.org/en/latest/developers/references/developer_guide/process/index.html', 'https://github.com/openedx/frontend-app-discussions/blob/master/.github/pull_request_template.md', 'https://openedx.org/code-of-conduct/', 'https://github.com/openedx/frontend-app-discussions/blob/master/docs/decisions/0002-feature-based-application-organization.rst']",True,True,True,False,,,True,2026-03-30,2024-01-08,6,False,False,,False,,[],,False,False,False,False
openedx/openedx-wordpress-ecommerce,,,,,,,2,7,0.8889,459016,True,2026-08-31,True,True,False,False,46,0,0,0,0,0,46,0,0,0,False,,False,False,True,False,False,True,True,True,True,False,False,False,False,True,False,False,False,False,2026-08-17 21:53:24,True,False,False,False,False,False,False,False,,openedx,0,['https://wordpress.org/plugins/woocommerce: 429'],False,"['https://github.com/openedx/edx-platform', 'https://docs.openedx.org/projects/wordpress-ecommerce-plugin/en/latest/decisions/0002-api-connection.html', 'https://openedx.org/terms-of-use/', 'https://github.com/openedx/openedx-wordpress-ecommerce/releases', 'https://docs.openedx.org/projects/wordpress-ecommerce-plugin/en/latest/plugin_quickstart.html', 'https://github.com/openedx/openedx-wordpress-ecommerce/issues', 'https://docs.openedx.org/projects/wordpress-ecommerce-plugin/en/latest/index.html', 'https://openedx.atlassian.net/wiki/spaces/COMM/pages/941457737/How+to+Start+Contributing+Code']",True,True,False,True,.readthedocs.yaml,2,False,,,,False,False,,False,,[],,False,False,False,False
openedx/crowdsourcehinter,,,,,,,3,2,0.7778,897741,True,2026-08-31,True,True,False,False,35,0,0,0,0,17,35,2,2,2,False,,False,False,True,False,False,True,True,True,True,True,False,False,False,True,False,True,False,False,2026-08-31 00:45:21,True,False,True,False,True,True,False,True,,openedx,2,[],False,['https://github.com/openedx/edx-platform/wiki/Installing-a-new-XBlock'],True,True,False,False,,,False,,,,False,True,,True,crowdsourcehinter-xblock,"['3', '3.12']",https://github.com/openedx/crowdsourcehinter,False,False,False,False
